Bilirubin,ALT,AST,Alkaline_Phosphatase,Albumin,BMI,Alcohol_Use,Medication,Gender,Smoking,Diet,Liver_Disease_Status
1.94,60.0,273.0,358.0,2.6,24.2,Moderate,None,Male,No,Unhealthy,At_Risk
4.76,,259.0,275.0,2.74,17.5,None,None,Female,No,Unhealthy,Diseased
3.69,57.0,220.0,194.0,3.94,42.1,None,None,Female,No,Healthy,At_Risk
3.03,28.0,34.0,394.0,3.72,37.0,Moderate,Antibiotics,Male,No,Unhealthy,At_Risk
0.86,,161.0,297.0,4.32,44.9,Moderate,Multiple,Male,No,Healthy,At_Risk
0.86,93.0,33.0,55.0,3.82,24.8,Low,,,No,Healthy,Healthy
0.38,164.0,261.0,,5.3,41.5,,None,Female,No,Unhealthy,Diseased
4.34,62.0,69.0,246.0,4.1,33.5,Moderate,Painkiller,Male,No,Healthy,At_Risk
3.05,116.0,75.0,281.0,4.58,29.1,Low,None,Male,,Moderate,At_Risk
3.57,144.0,62.0,345.0,5.19,22.5,High,Painkiller,Male,No,Moderate,Diseased
0.2,78.0,115.0,374.0,2.94,37.4,Moderate,Herbal,Female,Occasional,Healthy,At_Risk
4.85,20.0,105.0,184.0,3.19,42.2,Low,Multiple,Female,No,Moderate,Diseased
4.18,152.0,185.0,62.0,2.82,22.8,Low,None,,,Healthy,Diseased
1.14,201.0,48.0,53.0,2.92,21.1,High,None,Female,No,Healthy,At_Risk
,78.0,177.0,227.0,4.04,36.2,None,None,Male,Yes,Unhealthy,Diseased
1.0,32.0,51.0,283.0,3.46,44.3,None,Painkiller,Female,No,Unhealthy,At_Risk
1.59,190.0,113.0,308.0,3.77,37.7,None,Herbal,Male,,Moderate,Diseased
2.67,18.0,213.0,189.0,5.45,24.3,None,Antibiotics,Female,No,Healthy,At_Risk
2.22,280.0,17.0,114.0,2.97,28.2,None,Herbal,Female,Occasional,Moderate,At_Risk
1.53,102.0,291.0,332.0,4.12,27.1,Moderate,Antibiotics,Female,No,Unhealthy,At_Risk
3.1,26.0,52.0,355.0,,40.7,Moderate,None,Female,No,Healthy,At_Risk
0.78,163.0,119.0,254.0,3.46,38.4,None,None,Female,No,Healthy,Diseased
1.53,158.0,219.0,66.0,4.08,33.1,Moderate,None,Female,Yes,Unhealthy,Diseased
,276.0,246.0,249.0,5.34,24.0,Low,Herbal,Male,Occasional,Moderate,At_Risk
,115.0,58.0,81.0,3.67,43.2,Low,Herbal,Male,No,Healthy,At_Risk
3.95,44.0,124.0,261.0,2.69,34.9,Low,Herbal,Female,Yes,Healthy,Diseased
1.08,128.0,164.0,322.0,3.66,44.1,Moderate,None,Female,Yes,Unhealthy,Diseased
2.62,23.0,146.0,339.0,2.94,32.8,None,Herbal,Female,No,Moderate,Diseased
3.0,23.0,176.0,340.0,3.19,39.8,None,None,Male,Yes,Healthy,Diseased
0.33,275.0,208.0,283.0,4.35,39.6,None,None,Female,No,Unhealthy,Diseased
3.08,149.0,80.0,231.0,2.7,25.8,Moderate,Painkiller,Male,No,Unhealthy,Diseased
0.94,128.0,16.0,195.0,3.89,44.0,Moderate,Painkiller,Male,Yes,Healthy,At_Risk
0.42,247.0,209.0,99.0,4.33,16.6,None,Herbal,Female,No,Moderate,At_Risk
4.75,43.0,76.0,152.0,3.77,38.3,None,Steroids,Male,Occasional,Healthy,At_Risk
4.83,178.0,147.0,82.0,2.56,44.0,Moderate,None,Male,Yes,Moderate,Diseased
4.06,19.0,251.0,138.0,5.46,25.8,Moderate,None,Female,Occasional,Healthy,At_Risk
1.59,131.0,222.0,390.0,3.6,34.8,Low,None,Male,No,Healthy,At_Risk
0.58,154.0,190.0,,4.84,32.3,Moderate,None,Female,No,Moderate,At_Risk
3.45,232.0,263.0,290.0,3.48,38.1,High,None,Female,No,Moderate,Diseased
2.26,266.0,110.0,315.0,3.93,41.1,None,Steroids,Female,Occasional,Healthy,Diseased
0.7,277.0,96.0,272.0,3.67,33.5,Low,None,Other,No,Healthy,At_Risk
2.53,13.0,194.0,285.0,3.53,39.7,None,Herbal,Female,No,Unhealthy,Diseased
0.27,115.0,100.0,202.0,2.57,25.1,Moderate,Painkiller,Female,No,Healthy,At_Risk
4.56,94.0,257.0,106.0,3.58,22.6,Low,Painkiller,Female,No,Moderate,Diseased
1.37,223.0,223.0,371.0,5.17,28.5,None,Painkiller,Female,No,Healthy,At_Risk
3.35,130.0,258.0,161.0,4.57,35.7,Moderate,Steroids,Male,No,,Diseased
,141.0,135.0,64.0,2.94,,,Antibiotics,Female,No,,At_Risk
2.65,206.0,13.0,318.0,4.27,35.7,None,None,Female,Occasional,Healthy,At_Risk
2.78,28.0,97.0,163.0,5.18,27.4,,Multiple,Female,Yes,Moderate,Diseased
1.01,139.0,160.0,301.0,4.6,39.1,,None,Female,Yes,Healthy,Diseased
4.85,21.0,185.0,191.0,2.95,17.1,Low,Multiple,Female,No,Moderate,At_Risk
3.9,90.0,220.0,163.0,5.1,35.4,Moderate,None,Female,Yes,Healthy,Diseased
4.7,271.0,268.0,339.0,3.4,34.8,Low,Herbal,Female,Occasional,Healthy,Diseased
4.48,134.0,,74.0,3.86,43.3,Low,Antibiotics,Male,Occasional,Moderate,Diseased
3.03,276.0,268.0,359.0,4.08,36.7,Moderate,Antibiotics,Female,,Healthy,Diseased
4.62,149.0,200.0,304.0,5.05,39.1,Low,None,Male,Occasional,Healthy,Diseased
0.53,11.0,90.0,317.0,5.29,42.2,Low,None,Other,No,Healthy,At_Risk
1.06,17.0,147.0,175.0,5.29,35.6,Low,Herbal,Female,No,Healthy,At_Risk
0.32,259.0,135.0,299.0,2.52,24.4,Moderate,Herbal,Female,No,Healthy,At_Risk
1.69,148.0,239.0,336.0,5.27,41.2,None,Antibiotics,Female,Yes,Healthy,Diseased
2.0,,29.0,383.0,2.66,37.7,None,Painkiller,Female,No,Healthy,At_Risk
1.43,,58.0,102.0,3.3,28.3,None,None,Male,No,Unhealthy,At_Risk
4.16,19.0,144.0,92.0,4.04,36.6,Moderate,Steroids,Female,Yes,Healthy,Diseased
1.85,221.0,38.0,215.0,3.94,41.2,Low,None,Male,No,Unhealthy,At_Risk
1.48,121.0,57.0,91.0,4.31,44.3,None,None,Male,No,Unhealthy,At_Risk
2.76,17.0,278.0,225.0,3.94,43.6,High,Steroids,Male,No,Healthy,Diseased
0.79,262.0,12.0,116.0,5.3,25.4,High,Painkiller,Female,No,Healthy,At_Risk
4.03,23.0,267.0,115.0,3.22,28.2,High,None,Female,No,Healthy,Diseased
0.47,249.0,25.0,132.0,3.32,19.2,None,None,Male,No,Moderate,At_Risk
4.94,251.0,103.0,399.0,5.26,23.2,Moderate,Steroids,Male,Occasional,Moderate,Diseased
3.88,158.0,143.0,154.0,2.73,41.6,None,None,Female,Occasional,Moderate,Diseased
1.07,245.0,142.0,336.0,4.33,26.5,None,Herbal,Male,No,Moderate,At_Risk
0.13,176.0,41.0,235.0,4.55,34.0,Low,Painkiller,Male,No,Healthy,At_Risk
4.1,29.0,,333.0,4.02,35.3,Low,None,Female,No,Unhealthy,Diseased
3.56,225.0,34.0,53.0,4.58,38.7,None,Herbal,Male,No,Healthy,At_Risk
3.67,144.0,68.0,187.0,3.02,21.3,Low,Antibiotics,Male,No,Unhealthy,Diseased
3.88,138.0,222.0,228.0,5.06,24.8,Moderate,Painkiller,Male,No,Healthy,Diseased
0.46,255.0,165.0,286.0,2.92,29.0,Low,,Female,No,Healthy,At_Risk
1.86,198.0,285.0,67.0,3.7,26.6,Low,None,Female,No,Unhealthy,At_Risk
0.67,53.0,219.0,352.0,2.73,44.5,None,Steroids,Female,No,Moderate,At_Risk
4.33,95.0,66.0,58.0,4.14,40.2,High,Painkiller,Female,Occasional,Moderate,Diseased
3.15,53.0,194.0,78.0,4.51,29.9,None,Steroids,Male,Occasional,Moderate,At_Risk
1.72,,63.0,193.0,5.32,41.5,Low,Antibiotics,Male,Occasional,Unhealthy,At_Risk
,60.0,218.0,397.0,4.72,26.1,None,,,Occasional,Unhealthy,At_Risk
1.62,251.0,261.0,198.0,4.12,38.8,Moderate,Herbal,Female,No,Moderate,At_Risk
,60.0,121.0,113.0,5.3,22.5,None,Antibiotics,Female,Yes,,At_Risk
3.68,275.0,15.0,236.0,3.94,38.4,Low,Painkiller,Female,No,Moderate,At_Risk
3.22,129.0,200.0,276.0,4.18,29.2,,Painkiller,Male,Occasional,Unhealthy,Diseased
4.45,209.0,288.0,167.0,4.29,19.1,Moderate,None,Male,Yes,Moderate,Diseased
2.41,257.0,22.0,303.0,3.73,23.9,None,Herbal,Male,,Unhealthy,At_Risk
0.69,79.0,53.0,80.0,,27.7,Low,Herbal,Female,No,Healthy,Healthy
3.59,66.0,114.0,210.0,3.06,37.7,None,None,Male,No,Unhealthy,Diseased
3.83,48.0,169.0,264.0,4.16,18.1,High,Herbal,Female,,Healthy,Diseased
2.85,298.0,163.0,218.0,4.67,35.1,Low,Antibiotics,Male,Occasional,,Diseased
3.88,27.0,251.0,130.0,5.21,36.8,Low,Painkiller,Female,Occasional,Moderate,At_Risk
2.52,229.0,190.0,95.0,5.15,35.0,Low,None,Male,No,,Diseased
2.66,253.0,23.0,98.0,4.03,38.1,None,Painkiller,Male,No,Healthy,At_Risk
2.19,292.0,189.0,347.0,4.43,21.2,None,Antibiotics,Male,No,Unhealthy,Diseased
,83.0,,332.0,3.68,33.0,,None,Male,Occasional,Unhealthy,Diseased
0.63,119.0,177.0,137.0,3.9,43.3,High,Painkiller,Male,Occasional,Moderate,Diseased
0.25,189.0,223.0,170.0,5.22,33.7,Low,Multiple,Female,No,Healthy,At_Risk
3.22,41.0,159.0,52.0,5.29,33.7,Moderate,Steroids,Male,Yes,Healthy,Diseased
1.64,243.0,25.0,365.0,5.19,37.4,,Antibiotics,Male,Yes,Moderate,At_Risk
2.59,291.0,100.0,276.0,2.92,25.7,High,Antibiotics,Female,No,Moderate,Diseased
4.55,34.0,129.0,128.0,5.05,36.3,Low,None,Female,Occasional,Healthy,At_Risk
1.32,288.0,262.0,194.0,5.35,42.6,Low,Multiple,Male,No,Moderate,At_Risk
2.11,235.0,69.0,291.0,3.58,16.3,Low,Multiple,Female,No,Moderate,At_Risk
3.8,66.0,,81.0,4.06,41.2,Moderate,Steroids,Female,No,Moderate,At_Risk
1.22,189.0,40.0,312.0,4.84,22.3,Moderate,,Male,Yes,Moderate,At_Risk
0.48,241.0,30.0,260.0,4.19,29.2,Low,None,Female,No,Moderate,Healthy
1.52,296.0,228.0,120.0,5.48,40.7,Low,None,Male,Yes,Healthy,Diseased
0.89,73.0,90.0,246.0,3.87,39.9,None,,Male,Occasional,Healthy,At_Risk
4.66,241.0,298.0,107.0,,41.9,None,None,Other,Yes,,Diseased
4.06,298.0,40.0,161.0,4.88,43.3,None,Steroids,Male,Yes,Healthy,Diseased
3.2,222.0,243.0,97.0,3.98,29.0,Low,Antibiotics,Male,No,Unhealthy,Diseased
4.37,267.0,45.0,234.0,5.07,35.0,Low,None,Female,No,Healthy,At_Risk
4.04,27.0,141.0,,4.14,27.3,Moderate,,Female,No,Moderate,At_Risk
1.01,184.0,141.0,214.0,3.73,26.2,Moderate,None,Female,No,Healthy,At_Risk
4.47,238.0,18.0,264.0,2.82,28.5,None,Herbal,Female,Occasional,Unhealthy,Diseased
2.74,235.0,39.0,380.0,3.68,37.5,Moderate,Painkiller,Female,Occasional,Unhealthy,Diseased
4.06,93.0,124.0,379.0,4.7,30.5,None,Painkiller,Female,No,Healthy,Diseased
4.49,255.0,13.0,170.0,5.26,39.6,Moderate,None,Male,Yes,Healthy,Diseased
1.66,119.0,246.0,262.0,3.26,37.6,None,Multiple,Male,Yes,Moderate,Diseased
0.64,263.0,32.0,360.0,3.57,16.6,Moderate,Antibiotics,,Occasional,Unhealthy,At_Risk
1.22,97.0,25.0,90.0,2.96,34.3,Low,Painkiller,Male,No,Moderate,At_Risk
2.19,,31.0,338.0,4.57,28.7,Low,None,Male,,Unhealthy,Diseased
4.11,39.0,81.0,217.0,5.38,29.2,Moderate,Steroids,Female,No,Healthy,At_Risk
4.32,181.0,239.0,83.0,4.42,39.7,None,None,Male,No,Moderate,Diseased
,186.0,116.0,367.0,4.35,31.9,None,Multiple,Male,No,Moderate,At_Risk
2.6,148.0,217.0,324.0,4.16,41.7,Low,Multiple,Female,No,Healthy,Diseased
2.15,203.0,217.0,246.0,2.77,36.7,Moderate,Steroids,Female,No,Moderate,Diseased
1.19,195.0,272.0,240.0,4.69,32.0,Low,Multiple,Female,No,Unhealthy,Diseased
0.69,227.0,60.0,270.0,4.31,37.9,None,None,Female,Yes,Unhealthy,Diseased
,173.0,74.0,59.0,4.48,17.1,Low,None,Female,Yes,Healthy,At_Risk
4.72,170.0,274.0,,5.2,16.8,Low,None,Female,Occasional,Healthy,Diseased
1.68,22.0,184.0,,4.85,18.4,Low,None,Female,,Moderate,Healthy
2.64,98.0,161.0,296.0,4.84,28.7,Moderate,Multiple,Female,Occasional,Healthy,Diseased
3.54,51.0,275.0,270.0,5.28,22.8,Low,None,Female,Yes,Unhealthy,Diseased
1.88,219.0,172.0,,5.47,44.5,None,Herbal,Female,No,Healthy,At_Risk
4.86,238.0,247.0,107.0,4.24,31.7,None,Herbal,Female,Yes,Moderate,Diseased
4.82,284.0,,364.0,2.83,35.2,Low,Painkiller,Male,Yes,Healthy,Diseased
1.33,288.0,25.0,177.0,3.88,24.1,Moderate,None,Female,No,Moderate,Healthy
2.54,260.0,285.0,236.0,4.86,25.3,None,None,Female,,Healthy,Diseased
1.57,217.0,248.0,254.0,2.58,25.7,High,,Female,Yes,Healthy,Diseased
1.5,149.0,78.0,135.0,2.67,36.3,None,Painkiller,Male,Occasional,Moderate,At_Risk
0.28,289.0,15.0,153.0,2.7,,Low,Painkiller,Male,Occasional,Moderate,At_Risk
3.09,43.0,229.0,192.0,4.69,31.0,None,Antibiotics,Male,Yes,Moderate,Diseased
2.56,27.0,263.0,254.0,4.0,33.2,Moderate,Herbal,Female,Yes,Healthy,Diseased
0.35,66.0,116.0,178.0,3.61,38.3,,Painkiller,Female,Occasional,Healthy,At_Risk
1.47,121.0,127.0,295.0,2.82,18.6,None,None,Male,Occasional,Moderate,At_Risk
4.55,14.0,177.0,87.0,4.7,38.5,High,Herbal,Female,Yes,Unhealthy,Diseased
1.27,191.0,260.0,158.0,3.46,32.3,None,Painkiller,Male,Yes,Healthy,Diseased
0.81,22.0,91.0,358.0,3.3,35.4,Moderate,None,Male,No,Healthy,At_Risk
2.5,,63.0,101.0,4.46,25.5,Moderate,Herbal,Female,Yes,Healthy,Diseased
4.93,268.0,249.0,50.0,4.18,27.9,,Multiple,Female,No,Healthy,Diseased
1.29,99.0,21.0,60.0,3.59,22.7,High,Multiple,,No,Healthy,At_Risk
3.39,113.0,218.0,363.0,4.42,44.4,Moderate,None,Male,No,Moderate,Diseased
3.83,195.0,174.0,284.0,3.31,30.4,High,Antibiotics,Female,No,Unhealthy,Diseased
,259.0,16.0,177.0,4.88,44.9,None,None,Female,No,Healthy,At_Risk
3.67,264.0,87.0,263.0,3.19,30.2,None,Multiple,Male,Occasional,Moderate,Diseased
1.9,85.0,74.0,292.0,2.98,22.4,Low,None,Other,Yes,Moderate,At_Risk
3.2,117.0,111.0,93.0,4.85,30.7,Moderate,None,Female,No,Unhealthy,Diseased
3.2,165.0,296.0,55.0,4.62,17.1,Low,Herbal,Male,Yes,,Diseased
2.73,,180.0,205.0,3.05,42.2,None,Multiple,Female,Occasional,Unhealthy,Diseased
0.54,86.0,86.0,57.0,2.85,39.7,Moderate,Steroids,Male,No,Moderate,Diseased
4.19,267.0,57.0,54.0,5.02,37.0,High,None,Female,,Unhealthy,Diseased
1.67,136.0,264.0,231.0,4.83,33.7,Low,Painkiller,Female,No,Healthy,At_Risk
1.01,291.0,91.0,161.0,3.48,32.8,None,Herbal,Male,Occasional,Healthy,Diseased
,97.0,218.0,322.0,4.47,44.9,None,Antibiotics,Female,No,Unhealthy,Diseased
3.0,213.0,218.0,,2.87,24.1,None,None,Female,Occasional,Moderate,Diseased
3.42,25.0,93.0,261.0,4.02,38.6,Moderate,None,Other,No,,At_Risk
0.18,160.0,19.0,127.0,2.56,,High,Herbal,Male,No,Unhealthy,Diseased
2.61,263.0,38.0,319.0,3.67,44.3,None,Antibiotics,Female,No,Healthy,At_Risk
1.21,197.0,125.0,203.0,2.72,40.0,Low,Steroids,Female,No,Healthy,Diseased
3.26,41.0,278.0,270.0,3.93,45.0,Moderate,Painkiller,Male,Yes,Moderate,Diseased
0.95,,56.0,396.0,3.77,33.1,None,Antibiotics,,No,Moderate,At_Risk
3.49,14.0,100.0,74.0,3.83,21.9,Low,Multiple,Female,No,Moderate,At_Risk
2.0,178.0,62.0,257.0,2.64,30.6,Moderate,Painkiller,Female,No,Healthy,At_Risk
4.69,190.0,227.0,52.0,3.58,36.6,Moderate,Steroids,Male,Yes,,Diseased
0.77,187.0,86.0,264.0,4.77,38.5,Low,None,Female,Yes,Unhealthy,Diseased
1.77,152.0,213.0,161.0,3.61,16.0,Moderate,None,Male,Yes,Healthy,Diseased
0.66,257.0,53.0,241.0,4.65,30.6,None,Herbal,Male,Occasional,Healthy,At_Risk
4.63,136.0,165.0,96.0,3.61,22.8,None,Herbal,Female,No,Healthy,Diseased
4.4,272.0,11.0,,3.77,41.4,None,Steroids,Female,No,Unhealthy,Diseased
1.36,49.0,66.0,236.0,4.19,20.4,Low,None,Male,No,Unhealthy,Healthy
3.33,264.0,299.0,99.0,5.35,35.3,None,None,Female,No,Moderate,Diseased
4.1,152.0,67.0,246.0,2.83,23.7,None,Multiple,Female,No,Unhealthy,Diseased
2.82,249.0,263.0,265.0,2.6,26.3,Moderate,None,Female,Occasional,Moderate,Diseased
2.7,237.0,189.0,270.0,4.32,43.3,Low,Herbal,Female,Yes,Moderate,Diseased
1.29,207.0,166.0,139.0,5.35,23.0,None,None,Male,No,Healthy,At_Risk
0.56,74.0,44.0,281.0,5.47,18.8,None,Multiple,Female,No,Healthy,Healthy
4.5,20.0,84.0,,3.95,18.0,Low,Multiple,Male,Yes,Healthy,Diseased
4.51,117.0,298.0,307.0,3.9,30.6,None,None,Other,Occasional,Moderate,Diseased
3.2,35.0,84.0,202.0,4.43,34.6,Low,Herbal,Male,No,Healthy,At_Risk
1.76,160.0,87.0,305.0,4.17,25.5,Moderate,None,Male,No,Healthy,At_Risk
1.81,230.0,264.0,307.0,4.4,36.0,None,None,Male,Occasional,Healthy,At_Risk
3.66,246.0,,114.0,5.12,17.8,None,Painkiller,Female,Occasional,Moderate,Diseased
4.5,246.0,76.0,239.0,,40.9,None,Antibiotics,Male,No,Unhealthy,Diseased
4.45,228.0,230.0,140.0,3.99,,None,Painkiller,Female,No,Unhealthy,Diseased
3.92,160.0,173.0,222.0,3.89,44.6,High,Antibiotics,Female,No,Moderate,Diseased
3.25,132.0,229.0,296.0,4.42,43.2,Low,None,Male,Occasional,Moderate,Diseased
0.51,153.0,181.0,305.0,3.87,26.3,Low,None,Male,No,Moderate,At_Risk
0.89,198.0,263.0,165.0,3.87,27.6,Moderate,Antibiotics,Female,Occasional,Healthy,At_Risk
4.5,264.0,219.0,98.0,2.55,37.6,None,Antibiotics,Male,No,Healthy,Diseased
3.07,77.0,197.0,276.0,3.02,19.9,None,Steroids,Male,Yes,Healthy,Diseased
0.15,113.0,200.0,118.0,3.97,25.1,Moderate,Antibiotics,,Yes,Moderate,Diseased
0.6,168.0,224.0,175.0,4.97,19.4,Moderate,Herbal,Male,No,Healthy,At_Risk
3.35,99.0,95.0,262.0,3.34,29.2,Low,Painkiller,Male,No,Moderate,Diseased
0.12,265.0,115.0,102.0,4.07,32.0,Low,None,Female,No,,At_Risk
0.89,229.0,28.0,161.0,3.53,,Moderate,Antibiotics,Female,Yes,Healthy,At_Risk
2.79,18.0,56.0,208.0,2.81,16.8,None,Steroids,Female,No,,At_Risk
3.49,21.0,74.0,289.0,5.37,36.9,None,Antibiotics,Male,Yes,Healthy,At_Risk
3.29,253.0,,199.0,5.06,16.6,None,Steroids,Female,Yes,Moderate,Diseased
1.2,191.0,295.0,188.0,2.74,44.2,Low,Painkiller,Male,No,Healthy,Diseased
3.59,293.0,,162.0,4.66,22.4,None,None,Female,Occasional,Healthy,At_Risk
1.26,108.0,14.0,192.0,3.54,35.3,Low,Steroids,Female,Yes,,At_Risk
1.69,206.0,102.0,187.0,5.48,28.6,Moderate,None,Male,Yes,Moderate,Diseased
3.76,235.0,,353.0,3.41,17.7,Low,Painkiller,Male,No,Healthy,Diseased
,112.0,115.0,80.0,3.22,29.7,None,Painkiller,Male,Yes,Unhealthy,Diseased
4.26,115.0,142.0,342.0,4.2,31.0,Low,Painkiller,Male,No,Moderate,Diseased
,67.0,88.0,157.0,5.01,40.8,Moderate,Antibiotics,Female,Occasional,Healthy,At_Risk
2.88,87.0,221.0,333.0,3.08,37.2,None,None,Male,No,Healthy,Diseased
0.56,84.0,17.0,,4.63,18.3,None,Multiple,Female,Yes,Moderate,At_Risk
1.9,51.0,168.0,375.0,2.68,22.1,Low,Steroids,Male,Yes,Moderate,At_Risk
1.4,190.0,277.0,63.0,5.26,25.0,None,Painkiller,Female,No,,At_Risk
1.3,42.0,158.0,171.0,2.74,19.4,High,None,Male,No,,At_Risk
4.87,80.0,100.0,264.0,5.24,29.3,Low,None,Male,No,Healthy,At_Risk
2.03,65.0,,321.0,3.97,44.5,None,Steroids,Female,No,Healthy,At_Risk
4.47,114.0,298.0,74.0,3.84,30.9,,Painkiller,Female,,Healthy,Diseased
3.19,209.0,177.0,371.0,5.42,37.5,Low,None,Female,Occasional,Unhealthy,Diseased
3.99,110.0,202.0,343.0,5.47,35.8,,Painkiller,Female,No,Moderate,Diseased
2.56,265.0,196.0,218.0,4.45,40.6,None,Antibiotics,Other,No,Moderate,Diseased
2.93,83.0,280.0,152.0,2.88,22.3,Low,Steroids,Female,Occasional,Healthy,Diseased
2.51,180.0,123.0,89.0,4.02,37.9,None,Antibiotics,Male,,Healthy,Diseased
1.06,152.0,20.0,284.0,4.09,41.6,None,Herbal,Male,Occasional,Healthy,At_Risk
3.64,175.0,64.0,369.0,4.04,21.0,None,None,Female,No,Moderate,At_Risk
1.48,270.0,267.0,138.0,4.21,26.1,None,Antibiotics,Female,Yes,Healthy,Diseased
0.22,230.0,74.0,149.0,2.56,44.1,Moderate,None,Female,No,Healthy,At_Risk
3.26,92.0,181.0,193.0,4.63,38.6,Moderate,Antibiotics,Male,No,Healthy,Diseased
0.97,191.0,281.0,131.0,4.64,24.2,Moderate,Antibiotics,Female,No,Unhealthy,At_Risk
4.71,19.0,159.0,126.0,2.85,32.4,Low,None,Female,Yes,Moderate,Diseased
4.77,13.0,155.0,108.0,4.21,27.7,High,Painkiller,Female,No,Healthy,Diseased
4.58,290.0,218.0,,4.21,30.2,None,Herbal,Male,Yes,Moderate,Diseased
1.91,224.0,295.0,140.0,4.55,26.3,None,None,Female,No,Moderate,At_Risk
0.18,107.0,19.0,50.0,2.76,24.1,Low,Painkiller,Female,No,Healthy,At_Risk
4.65,110.0,236.0,318.0,4.38,35.6,Low,Multiple,Female,No,Healthy,Diseased
2.2,18.0,195.0,335.0,3.34,38.6,Low,Antibiotics,Female,No,Unhealthy,Diseased
4.84,70.0,71.0,246.0,4.02,41.3,None,Steroids,Female,,Healthy,At_Risk
4.82,155.0,94.0,323.0,4.82,20.5,None,Herbal,Male,No,Unhealthy,Diseased
4.28,72.0,143.0,127.0,4.62,39.9,Low,None,Female,Yes,Healthy,Diseased
1.54,130.0,180.0,190.0,2.86,23.4,High,None,Female,Occasional,Moderate,Diseased
1.99,235.0,222.0,337.0,4.27,28.4,Low,Herbal,,Yes,Healthy,Diseased
4.27,114.0,27.0,120.0,5.41,42.1,None,Herbal,Male,No,Moderate,At_Risk
1.65,269.0,69.0,99.0,2.97,29.2,Moderate,None,Male,No,Unhealthy,At_Risk
0.93,264.0,97.0,129.0,5.06,21.7,None,Painkiller,Female,No,Moderate,At_Risk
2.83,216.0,36.0,284.0,4.61,20.6,None,Painkiller,Female,No,Healthy,At_Risk
4.69,37.0,77.0,,4.82,,None,Herbal,Male,No,Healthy,Healthy
3.51,179.0,287.0,356.0,3.35,38.1,Moderate,,Female,No,Unhealthy,Diseased
2.89,85.0,49.0,204.0,3.36,44.9,Moderate,Multiple,Female,No,Moderate,Diseased
0.58,125.0,118.0,,5.22,38.8,Low,Multiple,Female,No,Healthy,At_Risk
3.11,78.0,83.0,82.0,3.58,41.4,None,Herbal,Female,No,Unhealthy,Diseased
4.95,243.0,75.0,176.0,2.69,37.7,None,Steroids,Female,No,Moderate,Diseased
,10.0,177.0,270.0,4.3,42.0,None,Painkiller,Male,No,Healthy,At_Risk
2.64,176.0,271.0,249.0,2.87,18.2,High,None,Female,Yes,Moderate,Diseased
4.4,227.0,283.0,175.0,4.89,43.0,Low,Antibiotics,Female,No,Moderate,Diseased
3.73,282.0,246.0,90.0,4.43,27.5,None,Painkiller,Male,No,Unhealthy,Diseased
3.52,260.0,224.0,324.0,5.12,42.7,Moderate,Painkiller,Female,No,Healthy,Diseased
3.54,183.0,295.0,346.0,4.85,18.2,Low,Steroids,Male,No,Unhealthy,Diseased
1.86,179.0,158.0,134.0,2.84,36.7,High,Painkiller,Female,Yes,Unhealthy,Diseased
1.54,255.0,116.0,138.0,3.64,37.3,Moderate,Herbal,Female,No,Moderate,At_Risk
4.07,99.0,150.0,91.0,4.82,44.9,None,Painkiller,Female,No,Healthy,Diseased
4.07,58.0,85.0,169.0,3.75,,Moderate,None,Female,Yes,Unhealthy,Diseased
4.35,159.0,18.0,328.0,5.42,27.1,Low,Painkiller,Female,No,Moderate,At_Risk
4.57,141.0,205.0,82.0,4.71,32.2,None,Multiple,Female,Occasional,Unhealthy,Diseased
2.61,68.0,289.0,325.0,2.55,26.6,Moderate,Herbal,Female,Occasional,Healthy,At_Risk
2.56,,127.0,202.0,5.14,21.7,Low,None,Female,No,Unhealthy,Diseased
4.01,224.0,,139.0,2.8,23.2,None,Painkiller,Female,No,Unhealthy,Diseased
3.28,58.0,70.0,153.0,,22.4,Low,Multiple,Female,Yes,Unhealthy,Diseased
3.54,241.0,60.0,61.0,4.7,31.9,Low,None,Male,Occasional,,At_Risk
4.0,256.0,61.0,209.0,5.09,42.3,None,None,Female,Yes,Moderate,Diseased
4.46,248.0,131.0,245.0,4.11,42.5,None,None,Male,No,Healthy,Diseased
1.76,177.0,176.0,356.0,3.37,17.6,Low,Antibiotics,Female,No,Healthy,At_Risk
,57.0,17.0,311.0,3.55,18.3,None,Painkiller,Male,Yes,Healthy,Healthy
0.56,60.0,54.0,140.0,3.53,23.1,Moderate,None,Female,No,Unhealthy,Healthy
2.93,107.0,254.0,246.0,3.48,23.4,None,Antibiotics,Male,No,Moderate,Diseased
0.28,225.0,,118.0,,18.8,None,None,Male,Yes,Healthy,Diseased
2.38,186.0,116.0,269.0,4.33,27.3,None,Antibiotics,Female,No,Unhealthy,Diseased
2.76,89.0,36.0,263.0,5.2,33.0,,Antibiotics,Male,Occasional,Moderate,At_Risk
1.5,194.0,202.0,,3.42,32.8,Low,Painkiller,Male,Occasional,Unhealthy,Diseased
3.0,36.0,71.0,282.0,,31.8,Low,None,Male,No,Unhealthy,At_Risk
0.25,204.0,71.0,283.0,5.02,25.8,None,,Female,Yes,Moderate,At_Risk
0.28,223.0,291.0,263.0,4.73,36.5,Moderate,,Male,,Healthy,Diseased
4.13,123.0,130.0,110.0,5.29,40.0,None,Painkiller,Female,No,Unhealthy,Diseased
1.86,251.0,289.0,127.0,3.0,26.0,None,Antibiotics,Female,No,Healthy,At_Risk
0.72,133.0,48.0,144.0,2.93,18.5,None,Antibiotics,Male,No,Moderate,At_Risk
2.66,85.0,286.0,379.0,4.12,24.6,None,None,,Occasional,Unhealthy,Diseased
,205.0,103.0,265.0,4.34,20.0,Low,None,Other,No,Healthy,Diseased
1.16,53.0,124.0,262.0,3.94,29.6,None,None,Female,No,Moderate,Healthy
3.15,195.0,185.0,353.0,4.3,,None,Steroids,Male,No,Healthy,Diseased
0.52,255.0,130.0,249.0,3.04,29.4,Moderate,Antibiotics,Male,No,Healthy,At_Risk
0.35,93.0,22.0,80.0,3.94,22.4,None,Herbal,Male,No,Healthy,Healthy
2.7,216.0,172.0,339.0,4.47,37.4,Moderate,Steroids,Female,No,Unhealthy,Diseased
2.75,,284.0,392.0,3.8,16.8,Moderate,Herbal,Female,No,Healthy,Diseased
3.22,165.0,185.0,184.0,4.54,32.1,None,Painkiller,Male,No,Unhealthy,Diseased
3.66,25.0,182.0,132.0,3.85,20.9,Low,Painkiller,Male,Yes,Moderate,Diseased
4.88,174.0,284.0,96.0,3.5,16.0,Low,Herbal,Male,Yes,Moderate,Diseased
2.63,154.0,73.0,255.0,3.41,41.2,None,None,Other,No,Unhealthy,Diseased
1.68,46.0,110.0,126.0,3.73,,High,Painkiller,Female,Yes,Moderate,Diseased
4.0,54.0,75.0,308.0,2.57,18.9,Low,None,Female,No,Healthy,At_Risk
1.43,215.0,54.0,141.0,4.51,35.3,Moderate,Multiple,Male,No,Healthy,At_Risk
2.25,71.0,96.0,149.0,5.04,33.7,Moderate,Painkiller,Female,No,Moderate,At_Risk
0.48,28.0,76.0,244.0,3.56,29.7,None,None,Male,No,Moderate,Healthy
0.22,16.0,268.0,241.0,2.64,28.2,None,Steroids,Female,No,Healthy,At_Risk
4.82,258.0,214.0,117.0,5.46,41.7,None,None,Male,No,Moderate,Diseased
4.2,126.0,187.0,291.0,3.29,23.1,Moderate,Multiple,Female,No,Moderate,Diseased
3.51,77.0,289.0,139.0,2.88,27.6,Moderate,Painkiller,Male,No,Unhealthy,Diseased
2.1,,26.0,394.0,3.61,25.5,Low,Steroids,Female,No,Moderate,Healthy
0.95,203.0,211.0,59.0,4.72,38.4,None,Painkiller,Male,Occasional,Unhealthy,Diseased
0.87,64.0,181.0,313.0,3.38,42.6,None,Herbal,Male,No,Moderate,At_Risk
1.33,275.0,271.0,317.0,4.22,40.6,Moderate,Herbal,Male,Occasional,Unhealthy,Diseased
2.79,51.0,203.0,369.0,3.75,39.1,High,Herbal,Female,No,Moderate,Diseased
3.6,240.0,158.0,167.0,2.85,,None,Herbal,Male,No,Moderate,Diseased
3.33,19.0,44.0,299.0,3.49,,None,None,Male,Occasional,Healthy,At_Risk
1.47,137.0,38.0,108.0,4.67,37.8,None,,Male,Occasional,Moderate,At_Risk
4.78,188.0,272.0,244.0,4.34,44.5,None,Antibiotics,Male,No,Unhealthy,Diseased
3.72,202.0,230.0,99.0,2.86,16.2,Moderate,Herbal,Male,No,Healthy,Diseased
2.82,101.0,62.0,345.0,2.99,34.4,Low,Steroids,Male,No,,Diseased
3.1,240.0,288.0,146.0,4.42,37.4,Low,None,Male,Yes,Unhealthy,Diseased
2.16,87.0,85.0,176.0,4.94,42.6,Low,Antibiotics,Male,No,Moderate,Diseased
1.31,94.0,185.0,295.0,3.55,41.6,None,None,Female,Yes,Healthy,Diseased
1.84,39.0,19.0,136.0,4.29,40.4,None,Steroids,Male,Yes,Moderate,At_Risk
3.81,222.0,126.0,126.0,3.01,43.4,Moderate,Painkiller,Female,No,Moderate,Diseased
0.17,58.0,289.0,253.0,3.43,31.6,Moderate,None,Male,Yes,Moderate,Diseased
0.67,274.0,227.0,195.0,2.56,16.2,Low,Multiple,Female,Yes,Unhealthy,Diseased
0.33,154.0,184.0,198.0,4.8,16.3,None,Multiple,Male,No,Healthy,At_Risk
0.3,78.0,243.0,160.0,3.7,31.8,None,Herbal,Female,No,Moderate,At_Risk
4.29,67.0,261.0,178.0,4.95,28.6,None,Herbal,Female,Yes,Unhealthy,Diseased
3.55,194.0,15.0,302.0,4.63,29.1,Low,Steroids,Male,No,Unhealthy,At_Risk
2.42,71.0,30.0,215.0,4.99,27.6,Low,Steroids,Male,Yes,Healthy,At_Risk
0.58,175.0,82.0,346.0,3.36,42.6,Low,None,Male,No,Healthy,Diseased
2.51,180.0,45.0,186.0,3.06,26.4,Moderate,Multiple,Male,No,Moderate,At_Risk
2.42,72.0,242.0,328.0,5.42,40.8,Low,Herbal,Male,Occasional,Unhealthy,Diseased
0.95,156.0,225.0,383.0,4.65,42.2,Low,Steroids,Female,No,Moderate,At_Risk
2.23,170.0,215.0,60.0,5.0,,None,Multiple,Male,No,Moderate,Diseased
2.05,150.0,53.0,120.0,2.54,29.0,Moderate,Antibiotics,Male,Yes,Unhealthy,Diseased
3.12,106.0,100.0,208.0,3.56,38.1,Low,Painkiller,Female,Yes,Moderate,Diseased
3.21,230.0,102.0,,4.73,36.5,None,Multiple,Female,No,Unhealthy,Diseased
0.32,52.0,92.0,75.0,2.73,25.5,Low,Painkiller,Male,Occasional,Unhealthy,At_Risk
1.94,117.0,291.0,335.0,4.2,19.0,Low,Antibiotics,Female,No,Unhealthy,At_Risk
3.17,275.0,30.0,211.0,3.79,23.7,Moderate,Painkiller,Female,Yes,Unhealthy,Diseased
2.57,104.0,237.0,151.0,2.55,19.8,High,Antibiotics,Male,No,Moderate,Diseased
4.3,271.0,139.0,118.0,3.21,24.5,Low,Steroids,Male,No,Healthy,Diseased
3.33,80.0,184.0,182.0,3.35,23.6,Moderate,Antibiotics,Male,Yes,Moderate,Diseased
0.9,228.0,117.0,238.0,2.84,34.5,None,Antibiotics,Male,Yes,Unhealthy,Diseased
0.45,30.0,292.0,260.0,4.39,43.7,Low,Painkiller,Male,Yes,Unhealthy,Diseased
3.25,101.0,80.0,292.0,3.23,35.9,Moderate,Antibiotics,Male,No,Healthy,Diseased
0.23,136.0,59.0,215.0,3.33,42.9,Low,Multiple,Female,Occasional,,At_Risk
2.97,89.0,,110.0,5.19,38.7,Low,None,Female,No,Moderate,Diseased
4.71,247.0,288.0,328.0,3.9,37.1,Moderate,None,Female,No,Moderate,Diseased
2.92,191.0,141.0,162.0,3.68,28.0,None,None,Female,Occasional,Healthy,Diseased
2.0,34.0,285.0,79.0,4.67,25.4,None,Multiple,Female,No,,Healthy
3.25,165.0,22.0,372.0,5.23,40.5,Moderate,Steroids,Female,,Healthy,At_Risk
2.35,14.0,12.0,210.0,2.58,42.3,Moderate,Multiple,Female,Occasional,Moderate,At_Risk
2.77,129.0,233.0,283.0,3.84,29.1,Moderate,Antibiotics,Male,Occasional,Healthy,Diseased
4.71,286.0,184.0,388.0,4.33,16.3,Low,Painkiller,Male,Yes,Unhealthy,Diseased
1.99,27.0,99.0,219.0,3.46,39.0,Moderate,Herbal,Female,No,Moderate,At_Risk
4.81,,250.0,367.0,4.82,24.3,Moderate,None,Male,No,Healthy,Diseased
4.54,66.0,44.0,235.0,5.41,16.3,None,Painkiller,Male,No,Moderate,Healthy
1.06,102.0,,106.0,5.33,39.3,Moderate,Painkiller,Male,No,Healthy,At_Risk
0.44,28.0,204.0,289.0,3.3,31.0,None,None,Female,No,Unhealthy,At_Risk
0.59,202.0,222.0,306.0,3.18,35.9,None,Painkiller,Male,No,,Diseased
0.19,246.0,12.0,250.0,5.37,42.5,Low,None,Male,,Moderate,At_Risk
0.56,286.0,188.0,374.0,3.88,31.7,None,None,Male,No,Healthy,At_Risk
3.45,236.0,49.0,364.0,3.12,30.6,None,Painkiller,Female,Yes,Healthy,Diseased
0.45,242.0,173.0,351.0,4.62,24.4,None,Herbal,Male,No,Moderate,At_Risk
1.66,49.0,244.0,155.0,3.35,24.9,,None,Male,Occasional,Healthy,At_Risk
4.24,162.0,266.0,339.0,3.3,39.1,None,Painkiller,Female,No,Moderate,Diseased
0.21,136.0,125.0,150.0,5.14,29.0,Low,None,Female,No,Moderate,At_Risk
4.09,246.0,61.0,146.0,2.99,20.7,Moderate,Antibiotics,Female,No,Healthy,At_Risk
1.48,64.0,151.0,202.0,2.69,18.7,Moderate,Antibiotics,Female,No,Healthy,At_Risk
0.68,181.0,95.0,78.0,3.31,29.7,Moderate,,Male,No,Unhealthy,Diseased
3.51,118.0,55.0,202.0,4.32,29.5,Low,Herbal,Female,Yes,Unhealthy,Diseased
3.18,193.0,247.0,122.0,2.87,35.0,Moderate,None,Male,No,Healthy,Diseased
4.4,207.0,19.0,303.0,3.91,29.7,None,None,Female,Occasional,Healthy,At_Risk
3.7,96.0,161.0,53.0,4.38,20.2,None,None,Male,Yes,Healthy,Diseased
4.04,210.0,70.0,286.0,5.05,30.7,Moderate,Multiple,Male,No,Healthy,At_Risk
1.48,284.0,27.0,87.0,3.19,42.3,Low,Steroids,Male,No,Unhealthy,At_Risk
0.97,220.0,95.0,69.0,4.95,20.6,Moderate,None,Male,Yes,Moderate,Diseased
3.78,127.0,146.0,162.0,3.2,,Low,None,Male,Yes,Unhealthy,Diseased
4.05,200.0,239.0,72.0,4.53,33.2,None,Painkiller,,Occasional,Unhealthy,Diseased
4.95,51.0,137.0,185.0,3.79,37.7,Moderate,None,Female,Yes,Moderate,Diseased
2.12,51.0,113.0,297.0,2.84,20.4,Low,Herbal,Male,No,Moderate,At_Risk
1.92,285.0,195.0,350.0,4.64,43.3,Moderate,Antibiotics,Male,No,,Diseased
3.9,26.0,187.0,146.0,3.15,,Moderate,Antibiotics,Female,Yes,Moderate,Diseased
1.77,292.0,15.0,82.0,3.03,40.6,None,Painkiller,Female,No,Healthy,At_Risk
4.66,267.0,45.0,184.0,3.57,23.2,None,None,Male,No,Moderate,At_Risk
,72.0,290.0,304.0,4.46,37.4,None,Antibiotics,Female,Yes,Moderate,Diseased
2.2,71.0,23.0,327.0,3.2,38.6,None,Steroids,Female,No,Unhealthy,At_Risk
3.78,109.0,246.0,182.0,3.05,27.5,None,Painkiller,Male,No,Moderate,Diseased
3.8,28.0,294.0,287.0,2.53,27.1,Low,Antibiotics,Male,Yes,Healthy,Diseased
0.61,26.0,59.0,64.0,3.91,35.1,High,Herbal,Male,No,Healthy,At_Risk
4.52,255.0,270.0,326.0,3.79,18.7,,,,Yes,Unhealthy,Diseased
2.58,260.0,119.0,175.0,3.2,37.3,Moderate,Antibiotics,Male,Yes,Unhealthy,Diseased
4.15,90.0,206.0,394.0,2.66,17.2,None,Painkiller,Male,No,Moderate,Diseased
1.67,48.0,261.0,66.0,3.79,21.5,None,Steroids,Female,No,Healthy,Healthy
4.49,45.0,97.0,361.0,4.86,35.3,Moderate,None,,Yes,Healthy,Diseased
2.01,206.0,35.0,99.0,4.65,18.9,None,Steroids,Female,No,Moderate,At_Risk
0.15,167.0,271.0,184.0,5.08,44.2,Moderate,,Male,No,Unhealthy,Diseased
4.54,213.0,153.0,167.0,2.53,41.2,High,None,Other,Occasional,Unhealthy,Diseased
0.55,205.0,69.0,355.0,5.4,34.2,Low,Steroids,Female,Yes,Unhealthy,Diseased
1.66,225.0,277.0,109.0,3.52,,Moderate,Antibiotics,Female,No,Moderate,At_Risk
4.76,294.0,84.0,174.0,5.47,41.7,None,Herbal,Male,No,Unhealthy,Diseased
4.76,205.0,12.0,165.0,3.26,23.5,Moderate,Antibiotics,Male,Occasional,Healthy,At_Risk
2.91,161.0,72.0,222.0,3.91,40.6,None,Antibiotics,Female,Yes,Healthy,Diseased
3.2,23.0,245.0,236.0,3.56,21.6,None,Steroids,Male,No,Unhealthy,At_Risk
2.3,155.0,,137.0,3.57,28.0,Moderate,Painkiller,,Yes,Healthy,Diseased
1.54,66.0,284.0,252.0,5.03,32.2,Moderate,None,Female,No,Moderate,At_Risk
,220.0,27.0,,4.74,36.7,Low,None,Female,No,Moderate,At_Risk
3.4,277.0,89.0,369.0,5.48,16.9,Low,None,Male,No,Healthy,Diseased
3.79,219.0,224.0,231.0,4.34,24.4,Moderate,Painkiller,Female,No,Healthy,Diseased
3.98,26.0,180.0,217.0,3.89,33.6,Moderate,Multiple,Female,Yes,Healthy,Diseased
,295.0,,230.0,2.77,26.4,High,Herbal,Female,No,Moderate,Diseased
0.55,212.0,135.0,349.0,5.49,,Moderate,Multiple,,Yes,Healthy,Diseased
2.52,108.0,264.0,179.0,4.15,34.9,Moderate,Multiple,Male,No,Moderate,Diseased
0.38,288.0,81.0,198.0,4.6,22.8,Moderate,Painkiller,Female,No,Moderate,At_Risk
2.79,218.0,47.0,355.0,3.72,20.2,Low,None,Female,No,Healthy,At_Risk
2.26,138.0,213.0,258.0,4.14,34.2,None,Antibiotics,Male,No,,Diseased
4.45,297.0,181.0,160.0,5.33,29.1,None,Herbal,Male,No,Healthy,Diseased
1.82,261.0,232.0,186.0,3.0,20.9,Moderate,Painkiller,Male,No,Healthy,At_Risk
0.67,274.0,226.0,260.0,3.38,25.5,Moderate,Antibiotics,Female,Yes,Moderate,Diseased
0.8,280.0,254.0,195.0,2.96,24.8,Low,None,Female,Yes,Unhealthy,Diseased
3.83,197.0,200.0,133.0,,19.1,Low,Painkiller,Male,Yes,Healthy,Diseased
3.13,223.0,191.0,79.0,2.69,31.9,None,Painkiller,Female,Yes,Unhealthy,Diseased
0.6,292.0,214.0,114.0,,38.1,None,Painkiller,Female,Yes,Moderate,Diseased
0.51,220.0,208.0,73.0,3.4,32.7,Low,,Female,No,Moderate,Diseased
3.53,85.0,174.0,260.0,,40.0,Low,None,Female,Occasional,Unhealthy,Diseased
0.46,157.0,251.0,271.0,,19.7,High,Multiple,Male,No,Moderate,Diseased
4.13,222.0,139.0,139.0,2.63,28.6,,None,Female,Yes,Healthy,Diseased
3.56,118.0,236.0,155.0,5.37,33.7,Low,Multiple,Male,Yes,Healthy,Diseased
0.5,138.0,131.0,221.0,5.36,35.6,Low,Antibiotics,Female,,Moderate,At_Risk
0.52,19.0,53.0,279.0,3.34,36.2,High,Steroids,Female,Occasional,Healthy,At_Risk
4.93,56.0,205.0,126.0,4.69,37.1,Moderate,None,Male,No,Moderate,At_Risk
1.93,105.0,213.0,117.0,4.24,34.9,Low,Steroids,Male,No,Moderate,At_Risk
1.92,112.0,266.0,141.0,3.21,18.7,High,Herbal,,No,Healthy,Diseased
4.08,155.0,26.0,137.0,3.29,36.2,Low,None,Male,No,Moderate,Diseased
4.74,36.0,281.0,99.0,3.97,37.0,None,None,Female,Yes,Moderate,Diseased
4.93,229.0,18.0,152.0,3.76,44.8,Low,,Female,No,Moderate,At_Risk
3.79,27.0,258.0,95.0,3.37,36.1,None,None,Male,Occasional,Healthy,Diseased
1.94,176.0,210.0,228.0,4.92,35.9,Low,,Male,Yes,Healthy,Diseased
0.51,91.0,68.0,316.0,3.94,30.9,High,Steroids,Male,No,Moderate,At_Risk
3.91,,149.0,317.0,4.46,41.2,Moderate,None,Male,No,Unhealthy,Diseased
2.84,,128.0,369.0,3.07,44.9,None,Steroids,Male,No,Moderate,Diseased
2.18,171.0,50.0,57.0,4.1,38.6,None,Herbal,Male,Occasional,Unhealthy,Diseased
4.54,47.0,276.0,314.0,3.45,33.8,,Steroids,Male,Yes,Healthy,Diseased
0.64,210.0,17.0,127.0,4.08,18.3,None,None,Male,No,Unhealthy,At_Risk
2.51,209.0,192.0,289.0,4.84,37.1,None,Antibiotics,Male,,Moderate,Diseased
0.16,264.0,143.0,307.0,4.81,36.5,Low,Painkiller,Female,No,Unhealthy,Diseased
,188.0,190.0,245.0,3.56,38.5,Moderate,Painkiller,Male,No,Healthy,Diseased
,44.0,81.0,379.0,4.58,19.6,Moderate,Painkiller,Male,Yes,Moderate,At_Risk
0.68,91.0,122.0,180.0,5.32,35.0,None,Multiple,Female,Yes,Moderate,Diseased
0.68,229.0,116.0,392.0,4.38,24.6,None,Steroids,Female,No,Moderate,At_Risk
3.28,167.0,299.0,310.0,2.95,38.0,None,None,Male,Occasional,Healthy,Diseased
3.76,13.0,126.0,291.0,4.54,23.0,None,Painkiller,Male,No,Healthy,At_Risk
2.96,176.0,,220.0,2.81,35.8,Low,Painkiller,Female,No,Moderate,Diseased
4.81,213.0,,196.0,5.12,24.6,None,Multiple,Female,Yes,Unhealthy,Diseased
1.94,203.0,219.0,319.0,4.05,,Low,Multiple,Male,No,Moderate,At_Risk
1.5,244.0,112.0,198.0,3.66,34.4,Moderate,Painkiller,Male,No,Healthy,At_Risk
4.36,215.0,133.0,348.0,2.67,,Low,,Female,No,Unhealthy,Diseased
1.2,159.0,254.0,77.0,,35.1,Moderate,Antibiotics,Female,No,Moderate,At_Risk
4.82,168.0,218.0,198.0,5.21,42.8,None,Painkiller,Male,No,Healthy,Diseased
0.16,288.0,118.0,329.0,2.56,44.1,Moderate,None,Male,Yes,Healthy,Diseased
4.85,175.0,59.0,231.0,3.92,22.8,None,Steroids,Male,No,Moderate,At_Risk
0.31,77.0,114.0,215.0,5.29,39.5,None,Painkiller,Male,No,Healthy,At_Risk
4.47,97.0,36.0,66.0,3.68,26.3,None,Steroids,Female,No,Healthy,At_Risk
2.69,226.0,297.0,199.0,3.78,42.1,None,Painkiller,Male,No,Moderate,Diseased
4.97,10.0,266.0,388.0,4.24,38.8,Low,Steroids,Other,No,Healthy,At_Risk
0.46,144.0,282.0,94.0,3.89,18.1,High,Steroids,Male,Occasional,Healthy,Diseased
2.81,194.0,146.0,379.0,3.01,,Moderate,Antibiotics,Male,Yes,Moderate,Diseased
,149.0,41.0,238.0,2.56,25.8,Low,Steroids,Male,No,Moderate,At_Risk
2.66,115.0,54.0,188.0,,38.8,Low,Painkiller,Female,Yes,Healthy,Diseased
3.18,142.0,274.0,110.0,5.26,,Low,None,Female,No,Healthy,Diseased
3.51,117.0,39.0,343.0,2.82,35.9,Moderate,None,Female,No,Moderate,Diseased
2.33,187.0,93.0,371.0,3.13,33.5,Moderate,None,Female,Yes,Healthy,Diseased
3.18,155.0,175.0,82.0,3.61,44.3,Low,None,Male,Yes,Moderate,Diseased
2.96,83.0,10.0,348.0,4.93,43.2,Moderate,Steroids,,No,Unhealthy,Diseased
4.52,117.0,258.0,161.0,3.31,28.4,Moderate,Painkiller,Male,No,Moderate,Diseased
0.32,131.0,270.0,340.0,5.15,37.0,None,None,Female,No,,At_Risk
1.48,26.0,72.0,86.0,2.66,40.1,,Herbal,Male,No,Healthy,Healthy
4.76,205.0,173.0,149.0,5.32,42.1,,Steroids,Male,No,Healthy,Diseased
4.46,261.0,210.0,72.0,4.18,18.0,Moderate,Painkiller,Female,Yes,Healthy,Diseased
2.33,128.0,231.0,267.0,4.48,24.8,Low,None,Male,No,Healthy,Diseased
,171.0,161.0,138.0,3.6,25.3,High,None,Female,No,Healthy,Diseased
1.46,207.0,141.0,258.0,4.85,28.6,None,Painkiller,,No,Unhealthy,At_Risk
1.02,54.0,123.0,320.0,3.0,20.9,Low,Herbal,Male,Yes,Unhealthy,Diseased
2.37,188.0,226.0,286.0,2.65,30.4,Low,None,Male,No,Moderate,Diseased
1.83,53.0,205.0,258.0,3.69,35.2,High,Antibiotics,Female,No,Healthy,At_Risk
2.96,280.0,290.0,327.0,5.06,30.4,None,Multiple,Female,No,Unhealthy,Diseased
0.48,87.0,211.0,255.0,4.76,35.3,Low,Antibiotics,Male,Yes,Healthy,Diseased
4.87,187.0,144.0,127.0,,17.9,None,,Female,No,Healthy,Diseased
4.93,12.0,243.0,377.0,4.22,,Low,Steroids,Female,No,Healthy,At_Risk
3.52,223.0,150.0,147.0,2.89,43.2,Moderate,Herbal,Male,No,Moderate,Diseased
2.73,83.0,205.0,395.0,,33.9,None,Antibiotics,Female,No,Healthy,Diseased
1.62,60.0,52.0,399.0,4.86,41.6,Moderate,Herbal,Male,No,Healthy,Healthy
4.09,76.0,66.0,385.0,4.47,19.8,High,Antibiotics,Female,No,Healthy,At_Risk
3.46,102.0,151.0,143.0,3.9,39.1,None,Herbal,Male,No,Unhealthy,Diseased
0.9,185.0,219.0,129.0,5.39,19.5,Moderate,Multiple,Male,Yes,Healthy,Diseased
4.56,154.0,81.0,87.0,5.14,27.8,None,Antibiotics,Female,,Healthy,Diseased
4.13,,233.0,277.0,4.43,25.4,None,Antibiotics,Male,Yes,Moderate,Diseased
4.75,278.0,36.0,183.0,3.62,33.0,Low,Antibiotics,Female,No,Healthy,At_Risk
3.66,13.0,137.0,245.0,,24.7,Moderate,Herbal,Female,Occasional,Moderate,At_Risk
3.11,,115.0,331.0,,34.5,Low,Herbal,Male,Occasional,Healthy,Diseased
2.15,240.0,174.0,150.0,3.68,26.7,None,None,Male,Yes,,Diseased
4.67,97.0,224.0,124.0,3.42,41.0,High,Steroids,Female,Occasional,Moderate,Diseased
4.34,26.0,80.0,343.0,3.72,34.4,Moderate,Herbal,Male,No,Unhealthy,At_Risk
0.32,61.0,213.0,257.0,4.22,22.2,None,Steroids,Female,Yes,Healthy,At_Risk
0.23,143.0,162.0,132.0,3.78,25.7,Low,Steroids,Male,No,Moderate,At_Risk
,220.0,76.0,192.0,3.29,40.6,None,None,Female,Yes,Unhealthy,Diseased
4.07,228.0,99.0,105.0,4.78,27.2,None,Painkiller,Male,No,Moderate,Diseased
4.94,214.0,269.0,336.0,4.09,31.5,Low,Herbal,Male,No,Unhealthy,Diseased
0.84,220.0,237.0,260.0,2.7,34.8,Low,Multiple,Male,Occasional,Unhealthy,Diseased
3.01,286.0,88.0,228.0,3.6,26.1,None,None,Male,No,Moderate,Diseased
1.97,33.0,105.0,107.0,5.15,24.5,Moderate,Antibiotics,Male,Yes,Healthy,At_Risk
4.85,13.0,255.0,122.0,4.77,29.8,None,Herbal,Female,Yes,Moderate,Diseased
4.23,161.0,281.0,264.0,3.47,22.2,Low,Herbal,Male,No,Moderate,Diseased
4.21,268.0,166.0,315.0,5.31,24.2,None,Antibiotics,Male,No,Moderate,Diseased
2.4,177.0,125.0,122.0,2.73,17.8,,None,Female,No,Moderate,Diseased
2.13,185.0,27.0,320.0,5.38,24.8,None,Steroids,Female,Occasional,Moderate,At_Risk
1.44,65.0,181.0,283.0,3.24,25.3,Low,Herbal,Female,Occasional,Moderate,At_Risk
,117.0,25.0,368.0,2.53,43.9,Low,Steroids,Male,Yes,Moderate,Diseased
,150.0,249.0,,3.8,33.1,None,Herbal,Female,Yes,Healthy,Diseased
4.08,164.0,65.0,162.0,3.58,38.8,None,Painkiller,Female,No,Unhealthy,Diseased
5.0,271.0,88.0,112.0,4.12,17.3,Low,Multiple,Male,No,Unhealthy,Diseased
4.98,282.0,112.0,233.0,4.89,19.1,None,Herbal,Female,No,Moderate,Diseased
2.82,241.0,293.0,326.0,5.03,,Low,Antibiotics,Female,,Healthy,Diseased
3.87,250.0,202.0,211.0,3.7,34.1,Low,Multiple,Female,No,Healthy,Diseased
4.73,267.0,14.0,292.0,3.79,21.5,Moderate,Multiple,Female,No,Healthy,At_Risk
4.26,258.0,115.0,194.0,2.94,27.7,High,Herbal,Female,Yes,Healthy,Diseased
1.31,,287.0,195.0,2.64,31.6,Low,Antibiotics,Male,No,Healthy,Diseased
2.31,189.0,,130.0,4.42,40.5,Moderate,Antibiotics,Male,No,Healthy,Diseased
0.73,75.0,247.0,,2.69,17.8,Moderate,Painkiller,Female,No,Healthy,At_Risk
4.77,180.0,278.0,370.0,4.7,33.3,High,None,Female,Yes,Moderate,Diseased
3.07,31.0,95.0,92.0,4.12,36.8,None,Antibiotics,Female,No,Unhealthy,Diseased
1.22,116.0,41.0,362.0,3.1,44.4,Moderate,Antibiotics,Female,No,Healthy,At_Risk
3.39,236.0,60.0,342.0,4.12,39.4,High,None,Female,Yes,Moderate,Diseased
3.13,225.0,88.0,225.0,3.05,24.0,Low,Multiple,Female,No,Unhealthy,Diseased
1.85,78.0,195.0,118.0,3.82,36.6,None,Antibiotics,Male,No,Unhealthy,At_Risk
0.66,93.0,183.0,105.0,4.9,38.1,High,Antibiotics,Male,Yes,Healthy,Diseased
3.39,112.0,115.0,168.0,3.89,37.2,Low,Painkiller,Male,No,Healthy,Diseased
2.65,,72.0,253.0,2.95,39.8,Low,None,Female,No,Healthy,At_Risk
3.88,22.0,85.0,104.0,4.67,42.2,Moderate,Herbal,Male,No,Healthy,At_Risk
2.65,190.0,90.0,87.0,3.06,18.9,None,Painkiller,Male,No,Moderate,Diseased
4.28,277.0,137.0,292.0,4.72,,None,Antibiotics,Male,No,Healthy,Diseased
2.8,22.0,192.0,250.0,3.94,39.1,Low,Antibiotics,Female,No,Moderate,At_Risk
2.85,129.0,252.0,,3.86,23.3,Low,Antibiotics,Male,,Healthy,Diseased
4.4,66.0,194.0,64.0,5.05,17.7,Moderate,Antibiotics,Male,No,Moderate,At_Risk
2.08,49.0,229.0,193.0,4.63,27.6,Low,None,Male,No,Healthy,At_Risk
0.76,137.0,80.0,126.0,2.6,39.8,Moderate,None,Male,No,Moderate,At_Risk
0.24,182.0,163.0,358.0,3.39,19.7,None,Antibiotics,Male,Occasional,Moderate,At_Risk
3.8,44.0,254.0,,5.11,,Low,Herbal,Male,Yes,Moderate,Diseased
3.14,,149.0,234.0,2.55,,None,Painkiller,Male,No,Healthy,Diseased
3.55,14.0,80.0,104.0,4.14,19.2,Low,None,Female,No,Healthy,Healthy
1.14,227.0,55.0,357.0,4.68,26.2,Moderate,None,Female,No,Healthy,Healthy
0.77,20.0,56.0,53.0,4.37,18.4,None,Steroids,Male,No,Moderate,Healthy
0.17,126.0,88.0,348.0,4.78,40.5,Moderate,Painkiller,Female,No,Healthy,At_Risk
,193.0,158.0,89.0,4.68,41.1,None,None,Female,No,Moderate,At_Risk
2.99,125.0,139.0,279.0,4.58,37.9,None,Steroids,Female,No,Healthy,Diseased
2.02,171.0,136.0,335.0,4.96,23.0,None,None,Male,No,Healthy,Diseased
2.24,76.0,128.0,187.0,4.44,31.2,Moderate,Antibiotics,Male,No,Moderate,At_Risk
4.53,209.0,271.0,152.0,3.71,21.3,None,Painkiller,Female,No,Moderate,Diseased
1.81,40.0,253.0,56.0,3.92,24.2,Moderate,Multiple,Male,,Healthy,Healthy
2.62,84.0,112.0,213.0,4.65,31.0,Moderate,None,Male,,Moderate,Diseased
3.94,,46.0,325.0,5.13,37.3,None,Painkiller,Male,Yes,Moderate,Diseased
2.04,75.0,151.0,98.0,3.32,18.7,Low,Multiple,Female,Occasional,Healthy,At_Risk
3.15,79.0,46.0,145.0,3.53,24.6,Low,Painkiller,Male,No,Healthy,Healthy
4.33,,17.0,108.0,5.29,42.9,High,Antibiotics,Male,No,Moderate,At_Risk
4.75,235.0,240.0,280.0,4.24,28.4,,Painkiller,Female,Yes,Unhealthy,Diseased
0.82,208.0,116.0,226.0,3.04,43.2,None,,Female,No,Healthy,Diseased
4.64,48.0,27.0,139.0,4.49,44.8,Low,Antibiotics,Male,No,Moderate,At_Risk
2.51,154.0,92.0,331.0,5.47,31.3,Moderate,Multiple,Male,No,Unhealthy,Diseased
1.37,54.0,297.0,85.0,4.97,24.4,Moderate,Painkiller,Female,No,Moderate,Healthy
2.35,100.0,203.0,220.0,4.74,38.9,High,Antibiotics,Male,Yes,Healthy,Diseased
4.9,247.0,224.0,175.0,3.12,20.6,Moderate,Antibiotics,Female,Yes,Moderate,Diseased
2.51,79.0,290.0,348.0,5.13,23.3,None,Painkiller,Female,Occasional,Healthy,At_Risk
1.71,175.0,229.0,253.0,4.08,38.8,Low,Antibiotics,Male,Occasional,Healthy,At_Risk
3.2,,298.0,338.0,5.17,28.6,Moderate,None,Male,No,,Diseased
1.28,223.0,203.0,146.0,3.49,21.8,High,Painkiller,Male,No,Healthy,Diseased
0.47,98.0,167.0,287.0,2.69,34.9,None,Painkiller,Female,No,Healthy,Diseased
0.73,261.0,113.0,222.0,3.93,37.3,Low,Herbal,Male,No,Moderate,At_Risk
0.73,81.0,43.0,350.0,3.31,19.6,,Painkiller,Male,No,Unhealthy,At_Risk
0.84,174.0,111.0,137.0,4.65,24.0,Low,Antibiotics,Male,No,Healthy,At_Risk
0.78,58.0,136.0,66.0,5.37,22.4,Low,None,Male,No,Healthy,Healthy
3.24,61.0,223.0,189.0,4.57,27.0,High,,Female,Yes,Moderate,Diseased
0.99,298.0,188.0,303.0,5.16,38.1,Moderate,Antibiotics,Male,No,Moderate,At_Risk
,287.0,89.0,327.0,3.86,36.7,None,Herbal,Female,No,Moderate,At_Risk
4.49,123.0,150.0,,4.81,35.2,None,Painkiller,Male,No,Moderate,Diseased
2.42,248.0,40.0,395.0,5.03,16.2,Low,Painkiller,Male,Yes,Unhealthy,Diseased
3.37,142.0,72.0,383.0,4.63,,High,Multiple,Female,Yes,Healthy,Diseased
0.94,283.0,57.0,189.0,4.02,22.5,High,None,Female,No,Healthy,At_Risk
1.04,175.0,96.0,163.0,4.38,23.9,Moderate,Steroids,Female,Occasional,Healthy,At_Risk
0.3,,70.0,117.0,4.6,20.2,Low,Steroids,Male,No,Moderate,Healthy
0.93,147.0,283.0,228.0,3.26,27.9,None,,Male,Yes,Unhealthy,Diseased
1.47,88.0,293.0,174.0,4.93,18.2,Moderate,Multiple,Female,No,Unhealthy,At_Risk
0.97,179.0,89.0,362.0,5.35,37.8,Low,Steroids,Female,No,Unhealthy,Diseased
0.53,132.0,189.0,360.0,3.9,38.8,Low,,Female,No,Healthy,At_Risk
0.69,185.0,281.0,387.0,4.6,32.7,Low,Painkiller,Female,No,Moderate,At_Risk
2.36,91.0,86.0,282.0,4.71,18.6,Low,Painkiller,Male,Occasional,Healthy,Diseased
,96.0,230.0,196.0,4.49,41.8,High,None,Female,,Unhealthy,Diseased
1.88,234.0,291.0,160.0,4.14,44.0,None,Multiple,Female,No,Healthy,At_Risk
2.57,25.0,37.0,,5.14,21.9,Moderate,None,Male,No,Healthy,Healthy
3.48,172.0,86.0,52.0,3.85,36.4,Low,Steroids,Male,No,Unhealthy,Diseased
0.29,107.0,173.0,,2.68,40.4,Moderate,Steroids,Female,No,Moderate,Diseased
4.02,165.0,18.0,74.0,5.03,31.7,Moderate,Herbal,Male,Occasional,Unhealthy,Diseased
3.18,11.0,184.0,380.0,4.52,25.4,None,Antibiotics,Female,No,Healthy,At_Risk
0.5,178.0,85.0,233.0,5.05,29.9,None,Steroids,Female,No,Unhealthy,At_Risk
4.38,101.0,254.0,110.0,2.92,30.9,None,Painkiller,Female,Occasional,Moderate,Diseased
4.61,190.0,131.0,172.0,2.59,27.6,None,Steroids,Female,No,Moderate,Diseased
0.4,240.0,194.0,104.0,5.3,43.0,Moderate,Painkiller,Female,No,Moderate,At_Risk
1.46,157.0,41.0,,2.94,37.6,None,Multiple,Male,No,Moderate,At_Risk
4.05,289.0,259.0,236.0,4.93,23.0,Low,None,Female,No,Moderate,Diseased
3.77,198.0,66.0,88.0,4.97,33.0,None,Painkiller,Male,No,Healthy,At_Risk
1.0,137.0,153.0,234.0,4.63,36.0,Low,,Male,No,Moderate,At_Risk
1.13,16.0,93.0,132.0,2.89,20.1,Moderate,Herbal,Female,Yes,Moderate,At_Risk
1.92,56.0,65.0,244.0,4.5,,None,Steroids,Male,Yes,Healthy,Healthy
2.47,62.0,288.0,83.0,5.17,42.3,Low,None,,Yes,Healthy,Diseased
3.13,196.0,282.0,,3.78,32.4,Moderate,None,Male,Occasional,Moderate,Diseased
1.91,47.0,175.0,279.0,3.74,22.3,None,Painkiller,Female,No,Healthy,Healthy
2.37,235.0,167.0,332.0,3.83,19.6,Moderate,Painkiller,Male,No,Healthy,Diseased
3.76,62.0,258.0,336.0,2.75,31.0,None,Antibiotics,Male,Yes,Unhealthy,Diseased
0.28,233.0,195.0,204.0,5.18,31.9,None,Painkiller,Female,No,Healthy,At_Risk
1.34,163.0,87.0,214.0,5.11,25.7,Low,Steroids,Male,No,Healthy,At_Risk
3.6,57.0,31.0,231.0,5.49,34.3,None,Painkiller,Male,No,Moderate,At_Risk
4.49,156.0,117.0,288.0,4.26,18.0,Moderate,Multiple,Female,Yes,Moderate,Diseased
2.61,73.0,282.0,186.0,4.75,20.2,None,None,Male,No,Healthy,At_Risk
2.71,191.0,261.0,388.0,3.11,31.8,None,Antibiotics,Male,No,Unhealthy,Diseased
0.63,134.0,24.0,315.0,4.5,17.8,Low,Antibiotics,,No,Moderate,Healthy
2.29,,169.0,236.0,4.45,41.5,Low,None,Male,Yes,Healthy,Diseased
2.71,48.0,214.0,89.0,5.2,20.1,Moderate,Painkiller,Female,No,Healthy,At_Risk
1.29,269.0,122.0,359.0,4.99,35.5,None,Painkiller,Female,No,Moderate,At_Risk
1.42,12.0,177.0,216.0,5.32,27.3,Moderate,None,Male,Yes,Healthy,At_Risk
1.95,73.0,262.0,309.0,5.11,27.6,High,Painkiller,Female,,Unhealthy,Diseased
0.2,38.0,195.0,192.0,5.11,38.2,Low,Painkiller,Male,No,Healthy,At_Risk
1.68,20.0,236.0,253.0,2.69,30.5,Moderate,None,Male,No,Moderate,At_Risk
1.14,106.0,25.0,225.0,5.04,37.0,Low,Painkiller,Female,No,Moderate,At_Risk
1.7,212.0,165.0,311.0,4.32,30.7,None,Painkiller,,Occasional,Unhealthy,Diseased
0.69,30.0,120.0,301.0,3.64,33.2,None,None,Female,No,Healthy,At_Risk
4.46,48.0,10.0,378.0,2.67,38.1,None,None,Male,No,Moderate,At_Risk
3.01,232.0,50.0,249.0,4.53,33.6,High,Antibiotics,Female,No,Healthy,Diseased
3.43,111.0,57.0,248.0,3.48,33.9,None,Steroids,Female,Yes,Unhealthy,Diseased
3.97,55.0,117.0,245.0,3.9,38.9,Low,Multiple,Male,Yes,Moderate,Diseased
2.54,75.0,170.0,363.0,4.55,43.5,None,None,Female,No,Healthy,At_Risk
0.53,100.0,170.0,,5.24,26.9,Moderate,None,Female,No,Moderate,At_Risk
2.73,,137.0,68.0,4.98,32.7,None,None,Female,Occasional,Healthy,Diseased
2.98,120.0,219.0,111.0,3.85,18.5,Moderate,Antibiotics,Male,Yes,Healthy,Diseased
3.75,132.0,160.0,376.0,3.66,26.4,None,Antibiotics,Female,Occasional,Moderate,Diseased
2.22,202.0,264.0,330.0,,27.9,Moderate,Painkiller,Female,Yes,Healthy,Diseased
0.73,108.0,227.0,299.0,3.62,40.2,Moderate,Herbal,Female,No,Unhealthy,Diseased
1.49,168.0,39.0,276.0,2.83,30.9,Moderate,Steroids,,No,Healthy,At_Risk
1.88,112.0,54.0,176.0,5.41,37.2,None,Multiple,,Yes,Moderate,At_Risk
,290.0,89.0,107.0,4.22,16.6,None,None,Female,No,Unhealthy,Diseased
2.9,52.0,48.0,253.0,2.88,29.5,Moderate,None,Female,No,Healthy,At_Risk
1.84,93.0,249.0,292.0,3.56,42.1,None,None,Female,No,Healthy,At_Risk
4.93,200.0,54.0,381.0,4.14,22.5,None,None,Male,Occasional,Healthy,At_Risk
3.07,60.0,87.0,375.0,4.1,16.9,Low,Multiple,Male,No,Unhealthy,At_Risk
1.26,219.0,297.0,301.0,2.61,28.6,None,Painkiller,Female,No,Unhealthy,Diseased
0.6,135.0,289.0,,5.35,36.4,None,Antibiotics,Female,Yes,Healthy,Diseased
0.85,78.0,125.0,248.0,3.33,29.2,Low,Painkiller,Female,Occasional,Healthy,At_Risk
1.31,274.0,278.0,392.0,2.55,29.3,Low,None,Female,Occasional,Unhealthy,Diseased
0.89,267.0,62.0,289.0,2.73,35.4,None,None,Female,No,Moderate,At_Risk
1.01,197.0,77.0,188.0,4.24,23.4,Low,Painkiller,Male,No,Moderate,Healthy
1.5,239.0,191.0,171.0,2.91,37.8,Low,Antibiotics,Male,No,,Diseased
0.95,198.0,43.0,98.0,2.63,20.4,Moderate,Multiple,Male,Occasional,Moderate,At_Risk
4.49,19.0,293.0,353.0,3.64,27.5,None,Antibiotics,Male,No,Unhealthy,At_Risk
0.49,123.0,258.0,164.0,,,Low,Antibiotics,Female,Yes,Unhealthy,Diseased
2.67,85.0,120.0,392.0,2.84,40.0,Low,None,Female,No,Unhealthy,Diseased
2.11,173.0,103.0,300.0,3.44,39.0,Low,Herbal,Male,No,Unhealthy,Diseased
4.91,94.0,188.0,56.0,3.75,36.9,None,None,Male,No,Healthy,Diseased
,58.0,56.0,268.0,,26.4,None,Multiple,Male,Yes,Healthy,At_Risk
2.05,186.0,291.0,126.0,4.02,19.5,Moderate,Antibiotics,Male,Occasional,Unhealthy,Diseased
4.85,227.0,101.0,228.0,2.76,22.3,None,None,Male,,Healthy,Diseased
4.34,198.0,221.0,194.0,2.64,41.1,Moderate,Painkiller,Male,No,Moderate,Diseased
4.1,239.0,84.0,203.0,4.06,40.9,High,Multiple,Male,Yes,Unhealthy,Diseased
1.36,264.0,211.0,170.0,3.24,43.6,Low,Painkiller,Female,Yes,Moderate,Diseased
0.94,245.0,220.0,173.0,2.79,18.2,Low,None,Male,No,Healthy,At_Risk
3.38,35.0,143.0,199.0,3.77,31.6,None,None,Female,Occasional,Healthy,At_Risk
4.65,81.0,,317.0,5.25,34.8,High,Antibiotics,Female,,Healthy,Diseased
2.83,270.0,289.0,376.0,4.67,36.6,Moderate,None,Male,Occasional,Moderate,Diseased
2.9,263.0,37.0,50.0,4.95,34.7,Moderate,Herbal,Female,Yes,,Diseased
1.47,280.0,126.0,210.0,5.12,38.3,Low,Multiple,Female,No,Unhealthy,Diseased
3.87,132.0,123.0,293.0,5.42,26.4,Moderate,Multiple,Male,No,Healthy,Diseased
1.02,153.0,84.0,300.0,4.79,21.2,Moderate,None,Male,No,Moderate,At_Risk
1.69,266.0,211.0,113.0,4.33,21.9,None,Antibiotics,Female,No,Healthy,At_Risk
2.18,153.0,68.0,348.0,3.6,16.3,Low,None,Male,No,Moderate,At_Risk
2.59,268.0,24.0,297.0,3.04,26.2,Low,Antibiotics,Male,Yes,Healthy,Diseased
1.29,56.0,240.0,346.0,4.56,18.7,None,Herbal,Male,No,Healthy,Healthy
0.66,22.0,114.0,164.0,5.48,25.3,Moderate,Antibiotics,Male,No,Moderate,Healthy
3.09,217.0,174.0,344.0,,34.2,None,Herbal,Female,Occasional,Unhealthy,Diseased
1.51,244.0,208.0,50.0,4.67,41.9,Low,Herbal,Female,No,Healthy,At_Risk
2.95,158.0,44.0,90.0,3.99,40.3,None,None,Female,Occasional,Healthy,At_Risk
0.86,164.0,171.0,222.0,3.8,23.3,None,Antibiotics,Male,No,Moderate,At_Risk
2.46,175.0,254.0,137.0,3.73,19.9,Low,None,Female,Yes,Unhealthy,Diseased
2.71,99.0,296.0,,4.01,21.6,High,Painkiller,Female,,Healthy,Diseased
0.35,195.0,28.0,137.0,3.6,44.2,Low,None,Female,Yes,Healthy,At_Risk
1.75,183.0,289.0,300.0,4.75,31.9,None,Multiple,Male,,Healthy,Diseased
0.76,226.0,191.0,384.0,5.12,21.3,Low,Painkiller,Male,Occasional,Healthy,At_Risk
0.41,273.0,156.0,190.0,5.15,40.4,None,Steroids,Female,No,Healthy,At_Risk
4.95,106.0,185.0,120.0,3.18,27.5,None,Steroids,Male,No,Healthy,Diseased
1.68,126.0,172.0,186.0,5.19,42.1,None,Herbal,Female,Occasional,Moderate,At_Risk
4.07,208.0,184.0,148.0,3.52,23.6,None,Steroids,,No,Moderate,Diseased
1.35,30.0,56.0,200.0,3.43,27.4,Low,None,Male,No,Healthy,Healthy
,209.0,265.0,224.0,4.68,30.6,Low,Steroids,Female,No,Moderate,Diseased
3.83,257.0,183.0,216.0,3.41,41.9,None,Antibiotics,Male,No,Healthy,Diseased
,285.0,112.0,392.0,2.66,41.2,Moderate,Antibiotics,Female,No,Healthy,Diseased
2.41,273.0,130.0,306.0,3.62,32.7,None,None,Other,No,Healthy,Diseased
2.12,67.0,154.0,273.0,4.66,22.4,High,None,Female,No,Healthy,Diseased
1.81,40.0,51.0,379.0,3.48,27.7,Low,Multiple,Female,No,Unhealthy,Healthy
4.65,258.0,38.0,114.0,4.39,44.3,None,None,Female,No,Healthy,At_Risk
4.17,102.0,282.0,118.0,4.48,33.6,High,Painkiller,Female,Yes,Moderate,Diseased
4.83,274.0,23.0,116.0,4.7,38.7,None,None,Female,Occasional,Moderate,At_Risk
0.71,280.0,198.0,99.0,5.19,29.0,Low,None,Male,No,Moderate,At_Risk
3.68,103.0,192.0,363.0,3.8,31.4,,None,Male,Yes,Moderate,Diseased
4.7,163.0,45.0,358.0,3.0,28.4,Moderate,Antibiotics,Female,Occasional,Healthy,At_Risk
0.99,294.0,46.0,140.0,3.46,36.4,Low,Multiple,Male,Yes,Healthy,Diseased
0.43,89.0,23.0,164.0,3.8,40.7,None,Painkiller,Female,,Healthy,At_Risk
3.73,93.0,132.0,106.0,,30.7,None,Painkiller,Female,No,Moderate,Diseased
2.91,46.0,92.0,391.0,2.54,29.9,Moderate,,Male,Yes,Moderate,Diseased
4.22,241.0,,67.0,3.45,25.9,None,Painkiller,Male,Yes,Moderate,Diseased
0.78,102.0,111.0,321.0,4.84,21.1,None,Multiple,Female,No,Healthy,At_Risk
4.0,111.0,92.0,179.0,4.51,43.2,Low,Painkiller,Female,Yes,Unhealthy,Diseased
1.09,175.0,53.0,318.0,4.7,25.2,Moderate,Painkiller,Male,No,Healthy,Healthy
0.9,168.0,77.0,129.0,4.94,39.2,None,Antibiotics,Female,No,Healthy,At_Risk
0.9,23.0,57.0,348.0,4.85,36.7,None,Herbal,Female,No,Unhealthy,Healthy
4.09,234.0,66.0,359.0,4.55,38.9,Moderate,Antibiotics,Female,Yes,Healthy,Diseased
3.36,82.0,84.0,251.0,3.82,43.2,None,None,Female,Yes,Unhealthy,Diseased
2.66,258.0,31.0,274.0,5.45,34.1,,None,Male,No,Healthy,At_Risk
1.86,100.0,141.0,208.0,4.21,42.0,High,,Female,No,Healthy,Diseased
4.4,225.0,276.0,253.0,3.11,20.9,Moderate,Herbal,Male,No,Healthy,Diseased
2.02,99.0,296.0,186.0,3.38,34.2,None,None,Male,No,Moderate,Diseased
4.1,38.0,129.0,122.0,,38.4,None,Herbal,Male,Occasional,,At_Risk
2.25,229.0,255.0,97.0,5.27,23.9,None,Antibiotics,Male,Occasional,Healthy,Diseased
1.95,224.0,65.0,67.0,3.04,37.5,High,Antibiotics,Female,Yes,Healthy,Diseased
2.37,230.0,47.0,316.0,2.75,38.6,High,None,,Occasional,Healthy,Diseased
1.58,51.0,254.0,389.0,5.14,40.1,None,Herbal,Female,Occasional,Healthy,At_Risk
3.76,144.0,30.0,68.0,5.25,25.1,Moderate,None,Female,,Unhealthy,At_Risk
2.56,51.0,119.0,149.0,3.33,,Moderate,Steroids,Female,No,Healthy,Diseased
1.24,173.0,103.0,165.0,3.63,24.8,None,None,Female,No,Moderate,At_Risk
4.51,292.0,145.0,395.0,4.48,37.4,None,Herbal,Other,No,Healthy,Diseased
1.98,67.0,240.0,123.0,3.49,29.4,None,None,Male,Yes,Healthy,At_Risk
2.76,34.0,17.0,329.0,5.13,33.3,Low,None,Female,No,Moderate,At_Risk
4.54,82.0,299.0,318.0,,28.1,Moderate,None,Male,Occasional,Unhealthy,Diseased
3.16,138.0,260.0,174.0,2.61,20.7,High,None,Female,No,Unhealthy,Diseased
0.67,96.0,96.0,165.0,3.13,21.2,None,Painkiller,Male,Yes,Moderate,Diseased
4.71,162.0,213.0,223.0,3.36,18.2,None,None,Female,,Healthy,Diseased
3.18,191.0,228.0,230.0,2.84,33.9,Low,Multiple,Male,No,Healthy,Diseased
1.74,134.0,250.0,275.0,2.7,40.6,Moderate,Antibiotics,Male,Yes,Moderate,Diseased
0.78,76.0,267.0,206.0,4.77,16.6,Low,Antibiotics,Female,Yes,Healthy,At_Risk
3.99,15.0,118.0,213.0,2.99,17.9,Low,None,Female,Occasional,Unhealthy,Diseased
3.14,134.0,265.0,120.0,5.24,29.3,Low,Painkiller,Male,Yes,Moderate,Diseased
2.71,62.0,291.0,271.0,3.6,37.4,None,None,Female,No,Unhealthy,Diseased
4.48,75.0,229.0,175.0,4.51,20.6,Low,Herbal,Male,No,Moderate,At_Risk
3.96,91.0,92.0,194.0,3.18,23.9,High,Painkiller,Female,Occasional,,Diseased
0.84,96.0,116.0,225.0,3.22,22.7,None,Herbal,Female,,Healthy,At_Risk
1.63,11.0,78.0,201.0,4.22,27.6,,Painkiller,,Yes,Moderate,Healthy
1.32,213.0,106.0,231.0,,22.5,None,Multiple,Male,No,Healthy,At_Risk
3.75,159.0,221.0,396.0,4.81,26.2,Low,None,Male,No,Moderate,Diseased
0.26,112.0,295.0,134.0,4.77,,Low,None,Male,No,Moderate,At_Risk
2.89,33.0,,170.0,4.51,33.7,Low,Antibiotics,Female,Occasional,Moderate,At_Risk
3.84,221.0,17.0,178.0,3.85,18.4,Moderate,Multiple,Female,Occasional,,At_Risk
4.4,74.0,198.0,55.0,5.17,34.5,Low,Antibiotics,Female,Occasional,Moderate,At_Risk
1.78,218.0,90.0,383.0,4.37,29.8,Low,None,,No,Healthy,At_Risk
4.12,260.0,117.0,232.0,5.47,43.1,None,Antibiotics,Female,No,Unhealthy,Diseased
0.64,126.0,,87.0,4.96,24.4,Moderate,Multiple,Male,Occasional,Healthy,Healthy
4.25,125.0,183.0,165.0,2.63,37.1,None,None,Female,No,Unhealthy,Diseased
0.72,246.0,52.0,151.0,3.46,37.2,Moderate,None,Male,No,Moderate,At_Risk
2.05,114.0,196.0,57.0,4.22,22.4,None,Herbal,Other,No,Unhealthy,Diseased
4.01,268.0,209.0,267.0,4.66,42.2,None,Herbal,,No,Moderate,Diseased
0.83,55.0,48.0,256.0,4.15,30.2,None,Steroids,Female,No,Moderate,Healthy
1.22,225.0,229.0,127.0,4.86,35.7,High,Multiple,Male,Occasional,Healthy,Diseased
3.64,33.0,13.0,104.0,3.35,20.2,None,None,Female,Occasional,Moderate,At_Risk
3.63,44.0,130.0,353.0,3.05,23.5,None,Antibiotics,Female,No,Healthy,At_Risk
3.24,33.0,86.0,277.0,2.66,33.0,None,Steroids,Female,No,Moderate,Diseased
3.5,37.0,188.0,137.0,4.22,25.3,None,,Female,Yes,Healthy,Diseased
2.76,25.0,142.0,,4.57,30.5,None,Herbal,Male,No,Moderate,At_Risk
,68.0,238.0,357.0,3.48,26.8,Low,Multiple,Male,Occasional,Healthy,At_Risk
1.79,252.0,285.0,339.0,4.34,34.6,None,Painkiller,Female,No,,At_Risk
0.99,216.0,161.0,213.0,2.66,30.1,Low,None,Male,,Unhealthy,Diseased
4.55,280.0,173.0,288.0,2.8,16.1,None,Painkiller,Female,Yes,Unhealthy,Diseased
2.96,,299.0,366.0,4.61,34.8,Low,Steroids,Female,Yes,Moderate,Diseased
,276.0,118.0,193.0,3.6,28.2,Low,None,Male,No,Unhealthy,Diseased
2.36,202.0,135.0,384.0,4.51,25.9,None,Herbal,Female,No,Healthy,Diseased
4.74,227.0,249.0,67.0,5.0,18.7,Low,None,Female,No,Healthy,Diseased
0.85,,155.0,120.0,5.06,22.4,None,None,Female,No,Healthy,At_Risk
,77.0,261.0,224.0,3.02,22.5,None,Antibiotics,Female,No,Healthy,At_Risk
2.58,84.0,192.0,391.0,3.96,43.1,Low,Steroids,Male,Occasional,Healthy,Diseased
3.1,112.0,81.0,337.0,4.7,28.5,Low,Painkiller,Female,No,,Diseased
0.19,187.0,228.0,348.0,4.82,17.2,Low,Steroids,Male,No,Healthy,At_Risk
4.37,224.0,216.0,388.0,4.85,20.0,None,Painkiller,Female,Yes,Healthy,Diseased
4.67,48.0,182.0,297.0,3.18,18.3,None,None,Male,No,Moderate,At_Risk
2.87,268.0,150.0,242.0,3.08,,None,None,Male,Occasional,Healthy,Diseased
3.51,213.0,281.0,374.0,4.27,21.4,Low,Steroids,Female,Yes,Healthy,Diseased
4.62,16.0,223.0,355.0,,30.5,Low,Painkiller,Male,No,Healthy,At_Risk
3.57,58.0,278.0,317.0,3.46,26.7,None,Multiple,Other,Occasional,Unhealthy,Diseased
0.85,35.0,29.0,253.0,2.81,39.3,Moderate,Antibiotics,Male,No,Healthy,Healthy
2.92,170.0,75.0,390.0,4.65,25.3,None,Painkiller,Male,Yes,Unhealthy,Diseased
3.07,185.0,156.0,172.0,3.4,29.3,High,Painkiller,Male,Occasional,Moderate,Diseased
2.18,88.0,174.0,107.0,3.0,36.9,None,None,Male,Occasional,Healthy,Diseased
,11.0,15.0,388.0,2.94,28.6,Moderate,Antibiotics,,No,Healthy,At_Risk
4.68,141.0,23.0,250.0,3.44,39.0,,Antibiotics,Female,No,Moderate,Diseased
4.64,285.0,141.0,161.0,4.28,35.2,Moderate,Herbal,Male,No,Unhealthy,Diseased
2.31,126.0,252.0,177.0,3.58,27.9,None,None,Male,Yes,Healthy,Diseased
,173.0,240.0,85.0,2.56,30.6,Low,None,Male,Occasional,Healthy,Diseased
4.93,297.0,237.0,283.0,2.79,44.0,,None,Male,No,Healthy,Diseased
,37.0,171.0,359.0,3.37,35.2,High,None,Female,No,Healthy,Diseased
0.71,10.0,292.0,96.0,4.48,42.2,High,Painkiller,Female,Yes,Unhealthy,Diseased
4.61,197.0,272.0,164.0,2.8,21.2,None,Multiple,Female,No,Moderate,Diseased
4.36,65.0,140.0,304.0,4.18,30.0,Low,Steroids,Female,No,Healthy,At_Risk
2.64,44.0,234.0,272.0,2.86,42.4,Low,Herbal,Female,No,Unhealthy,Diseased
3.0,121.0,267.0,,3.13,25.4,None,Painkiller,Female,No,Healthy,Diseased
2.06,295.0,243.0,209.0,3.02,44.1,None,None,Male,Occasional,Moderate,Diseased
0.37,,33.0,145.0,2.7,18.8,High,None,Female,Occasional,Moderate,At_Risk
1.74,226.0,280.0,156.0,4.51,42.2,,None,Female,No,Healthy,At_Risk
4.03,89.0,104.0,169.0,3.89,28.9,None,Antibiotics,Male,Occasional,Healthy,Diseased
0.12,92.0,151.0,150.0,4.99,18.1,None,Painkiller,Female,No,Healthy,At_Risk
1.73,74.0,191.0,152.0,2.8,41.5,None,Herbal,Other,Occasional,Unhealthy,At_Risk
2.05,137.0,,215.0,2.93,23.3,Low,Multiple,Female,No,Moderate,Diseased
2.73,31.0,90.0,235.0,3.42,16.6,None,Painkiller,Male,Yes,,Diseased
4.61,225.0,283.0,81.0,4.8,19.9,Low,Steroids,Female,No,Moderate,Diseased
1.8,116.0,285.0,115.0,3.42,35.1,None,Steroids,Other,No,Moderate,Diseased
1.8,118.0,217.0,228.0,3.73,44.4,None,None,Male,Occasional,Healthy,At_Risk
3.71,190.0,48.0,316.0,,19.2,None,,Female,No,Moderate,At_Risk
2.32,173.0,297.0,86.0,2.74,29.4,Moderate,None,Female,Occasional,Moderate,Diseased
1.2,77.0,133.0,250.0,5.32,21.2,None,Steroids,Male,No,Healthy,Healthy
2.32,189.0,292.0,98.0,4.15,37.6,Moderate,Painkiller,Female,No,Unhealthy,Diseased
,190.0,189.0,324.0,4.86,19.4,None,Painkiller,Male,,Moderate,At_Risk
0.96,178.0,106.0,217.0,4.48,23.0,Low,Painkiller,Female,No,Healthy,At_Risk
2.54,31.0,200.0,312.0,4.04,21.7,None,Herbal,Female,No,Unhealthy,At_Risk
2.15,75.0,83.0,182.0,2.77,32.0,Moderate,None,Female,No,Healthy,Diseased
4.58,30.0,282.0,347.0,4.43,41.3,Moderate,None,Male,No,Unhealthy,Diseased
1.88,109.0,58.0,393.0,2.97,30.8,None,Painkiller,Female,No,Healthy,At_Risk
2.94,112.0,219.0,225.0,3.74,17.7,None,None,Female,No,Moderate,Diseased
3.2,56.0,125.0,60.0,4.39,32.3,Moderate,Steroids,Male,Yes,Moderate,Diseased
0.16,48.0,32.0,250.0,4.85,39.1,None,Herbal,Female,Yes,Healthy,At_Risk
3.35,294.0,107.0,346.0,4.56,19.8,Low,Herbal,Male,Occasional,Healthy,Diseased
0.97,99.0,199.0,52.0,4.51,18.1,None,Steroids,Male,Yes,Moderate,Diseased
4.81,94.0,191.0,263.0,2.95,21.4,Low,,Female,No,Moderate,Diseased
0.83,282.0,157.0,345.0,3.54,37.6,Low,Steroids,Female,No,Healthy,At_Risk
2.13,197.0,32.0,356.0,2.63,33.2,None,Multiple,Female,No,Unhealthy,Diseased
0.52,168.0,114.0,81.0,4.66,31.7,Low,None,Male,No,Moderate,At_Risk
4.98,252.0,172.0,97.0,5.36,23.2,Low,,Male,No,Healthy,Diseased
2.56,82.0,76.0,376.0,3.29,25.6,None,Multiple,Female,Yes,,Diseased
3.02,58.0,299.0,301.0,2.76,44.0,Low,Steroids,Male,Occasional,Moderate,Diseased
0.43,110.0,298.0,248.0,3.93,23.0,Low,Herbal,Male,Yes,Unhealthy,Diseased
3.77,11.0,55.0,138.0,5.07,42.1,None,None,Female,No,Healthy,At_Risk
1.13,253.0,90.0,158.0,4.16,32.8,High,Herbal,Female,,Healthy,Diseased
4.5,185.0,156.0,340.0,2.64,19.6,Moderate,Steroids,Male,Yes,Healthy,Diseased
1.11,247.0,231.0,157.0,5.42,29.6,None,None,Male,Yes,Unhealthy,Diseased
1.03,68.0,24.0,89.0,4.99,43.5,Moderate,None,Female,Yes,Healthy,At_Risk
0.28,108.0,130.0,101.0,2.89,28.1,None,None,Other,No,Healthy,At_Risk
2.41,11.0,87.0,161.0,5.27,41.0,Low,Multiple,Male,Yes,Moderate,Diseased
2.87,252.0,250.0,344.0,3.85,23.4,None,Steroids,Female,Yes,Healthy,Diseased
0.42,220.0,27.0,117.0,3.62,32.6,Moderate,Multiple,Male,No,Healthy,At_Risk
3.9,132.0,265.0,238.0,,40.5,Moderate,Painkiller,Female,No,Moderate,Diseased
2.32,238.0,286.0,381.0,5.0,42.7,Low,Multiple,Male,Yes,Healthy,Diseased
2.67,91.0,36.0,258.0,4.48,30.1,None,,Female,No,Moderate,At_Risk
2.26,153.0,11.0,114.0,2.68,34.6,None,None,,Yes,Healthy,Diseased
2.06,,248.0,,5.37,16.1,Low,None,Female,No,Moderate,Diseased
2.84,38.0,22.0,307.0,2.94,23.3,None,Multiple,Female,No,Healthy,At_Risk
0.86,279.0,193.0,183.0,4.74,24.1,None,Painkiller,Male,No,Moderate,At_Risk
0.99,256.0,203.0,171.0,4.41,18.7,Moderate,None,,No,Healthy,At_Risk
4.32,21.0,65.0,380.0,3.06,24.1,Moderate,None,Male,No,Healthy,At_Risk
4.74,115.0,239.0,220.0,3.01,25.3,None,None,Male,Occasional,Healthy,Diseased
1.93,41.0,37.0,259.0,5.11,44.1,None,Herbal,Male,Yes,Moderate,At_Risk
1.43,83.0,80.0,345.0,3.76,35.4,Moderate,Antibiotics,Female,Occasional,Healthy,At_Risk
3.26,180.0,219.0,138.0,4.46,28.4,Moderate,Antibiotics,Male,No,Moderate,Diseased
2.1,78.0,193.0,216.0,4.01,44.7,Low,Multiple,Female,No,Moderate,At_Risk
0.22,146.0,50.0,77.0,4.68,20.4,None,Antibiotics,Female,No,Moderate,Healthy
0.87,109.0,269.0,287.0,3.94,29.8,Moderate,Herbal,Female,No,Healthy,At_Risk
3.61,155.0,93.0,385.0,3.36,34.8,Moderate,Painkiller,Female,No,Moderate,Diseased
3.33,18.0,55.0,112.0,,17.6,None,Multiple,Male,Yes,Unhealthy,At_Risk
0.23,71.0,168.0,304.0,5.08,36.8,Low,None,Male,No,Healthy,At_Risk
1.19,194.0,16.0,90.0,3.9,18.9,Low,Steroids,Female,No,Healthy,Healthy
1.23,38.0,145.0,78.0,3.14,20.1,Low,Steroids,Male,No,Healthy,At_Risk
3.39,123.0,192.0,328.0,5.3,20.6,Moderate,,Male,No,Moderate,Diseased
0.2,152.0,206.0,129.0,4.89,42.9,Low,Painkiller,Male,Yes,Healthy,Diseased
0.61,129.0,181.0,100.0,2.67,35.8,Moderate,Painkiller,Male,Yes,Unhealthy,Diseased
4.02,179.0,285.0,161.0,5.5,35.0,Low,None,Female,No,Moderate,Diseased
0.97,166.0,87.0,,4.58,32.1,None,Antibiotics,Male,Yes,Healthy,Diseased
3.3,269.0,187.0,139.0,2.98,24.5,Low,Multiple,Female,No,Unhealthy,Diseased
1.27,91.0,36.0,278.0,3.21,34.0,Moderate,Antibiotics,Male,No,Healthy,At_Risk
0.59,251.0,129.0,199.0,4.58,27.9,High,Antibiotics,Female,No,Healthy,Diseased
1.29,181.0,290.0,292.0,4.84,20.2,Low,None,Female,Yes,Healthy,Diseased
3.64,240.0,205.0,187.0,3.22,36.0,None,,Female,No,Healthy,Diseased
4.29,217.0,286.0,184.0,3.27,19.8,High,Antibiotics,Male,No,Moderate,Diseased
4.17,84.0,27.0,138.0,3.42,21.5,Low,Multiple,Male,No,Healthy,At_Risk
2.05,279.0,280.0,64.0,4.29,39.7,High,Herbal,Female,No,Moderate,Diseased
3.37,123.0,62.0,382.0,3.02,35.1,None,Painkiller,Male,Yes,Moderate,Diseased
1.1,71.0,61.0,223.0,2.81,34.3,None,,Male,Occasional,Healthy,Healthy
1.54,111.0,225.0,139.0,4.54,28.1,None,Antibiotics,Female,Yes,Moderate,Diseased
4.49,219.0,81.0,262.0,4.84,27.5,Moderate,Steroids,Female,Occasional,Moderate,Diseased
0.16,264.0,37.0,,4.0,36.0,Moderate,Steroids,Female,Yes,Unhealthy,Diseased
0.52,29.0,261.0,110.0,3.59,37.5,Low,Herbal,Other,,Healthy,At_Risk
1.12,67.0,44.0,269.0,3.8,30.8,None,None,Female,No,Healthy,Healthy
0.23,121.0,210.0,110.0,3.67,44.1,None,Multiple,Female,No,Unhealthy,Diseased
,205.0,258.0,356.0,5.38,43.7,Low,None,Male,No,Healthy,At_Risk
2.96,101.0,108.0,215.0,4.8,28.0,Low,Painkiller,Female,No,Healthy,Diseased
2.16,61.0,149.0,61.0,3.12,39.8,Moderate,Multiple,Female,Yes,Moderate,Diseased
4.47,17.0,92.0,265.0,3.65,31.8,None,Painkiller,Male,,Healthy,At_Risk
4.11,107.0,57.0,126.0,4.13,30.8,Low,None,Female,Yes,Moderate,Diseased
1.77,245.0,287.0,281.0,4.34,17.6,None,None,Male,No,Unhealthy,At_Risk
1.37,78.0,257.0,161.0,3.9,32.6,Low,Antibiotics,Female,No,Moderate,At_Risk
1.96,54.0,186.0,115.0,4.93,42.1,Low,None,Female,No,Moderate,At_Risk
2.99,146.0,61.0,231.0,4.8,38.6,High,Painkiller,Male,No,Healthy,Diseased
1.41,243.0,88.0,253.0,4.02,38.8,Low,Painkiller,Male,No,Moderate,At_Risk
3.16,41.0,73.0,255.0,5.06,20.6,Low,Herbal,Other,No,Moderate,Healthy
2.11,298.0,17.0,335.0,4.75,26.4,None,None,Female,No,Healthy,At_Risk
2.81,135.0,223.0,154.0,4.84,,High,Steroids,Male,No,Healthy,Diseased
2.24,76.0,34.0,291.0,5.37,25.2,None,Painkiller,Female,Yes,Moderate,At_Risk
1.54,39.0,265.0,284.0,3.3,32.8,None,Antibiotics,Male,No,Healthy,At_Risk
4.75,123.0,252.0,225.0,3.3,26.6,High,None,Male,Yes,Moderate,Diseased
3.84,213.0,207.0,260.0,5.17,32.3,,Antibiotics,Female,No,Healthy,Diseased
0.79,38.0,103.0,80.0,4.82,28.7,Low,Steroids,Female,No,Healthy,Healthy
4.36,140.0,216.0,284.0,5.28,24.3,None,None,Male,Occasional,Healthy,Diseased
2.49,194.0,24.0,291.0,2.69,18.8,Moderate,Herbal,Female,Yes,Unhealthy,Diseased
,262.0,187.0,202.0,,41.9,None,Herbal,Male,Yes,Moderate,Diseased
4.02,295.0,84.0,245.0,2.93,,None,None,Female,No,Moderate,Diseased
2.18,71.0,113.0,318.0,4.01,16.0,None,Antibiotics,Male,No,Healthy,At_Risk
0.21,12.0,177.0,219.0,2.97,40.0,None,Antibiotics,Male,Yes,Healthy,Diseased
1.42,77.0,124.0,372.0,2.88,44.9,High,None,Male,No,Healthy,Diseased
2.75,34.0,48.0,385.0,,37.1,Low,Painkiller,Male,Occasional,Healthy,At_Risk
3.2,188.0,282.0,281.0,4.39,16.4,Low,Multiple,Male,No,Moderate,Diseased
1.36,150.0,144.0,233.0,3.58,22.6,High,Antibiotics,Male,No,Moderate,Diseased
0.78,240.0,241.0,324.0,2.82,44.2,None,Multiple,Female,No,Healthy,Diseased
4.19,172.0,48.0,81.0,3.47,,None,,Male,Yes,Unhealthy,Diseased
4.92,139.0,56.0,226.0,3.01,32.4,Low,None,Male,No,Healthy,Diseased
2.68,255.0,45.0,114.0,5.33,22.9,,None,Female,Occasional,Moderate,At_Risk
0.94,181.0,104.0,247.0,3.46,16.4,Low,Steroids,Male,No,Healthy,At_Risk
1.43,73.0,22.0,76.0,3.5,16.6,None,Antibiotics,Female,Yes,Healthy,Healthy
0.19,40.0,155.0,200.0,5.02,,Low,None,Male,No,,At_Risk
4.58,56.0,74.0,352.0,4.44,16.6,None,Antibiotics,Male,Yes,Healthy,At_Risk
0.68,139.0,237.0,317.0,4.63,44.8,None,Herbal,Male,No,Healthy,At_Risk
2.92,119.0,251.0,134.0,4.41,21.3,None,Herbal,Male,Yes,Healthy,Diseased
1.44,78.0,17.0,115.0,5.34,36.6,None,None,Female,No,Healthy,Healthy
2.82,67.0,52.0,182.0,3.12,20.5,Low,None,Male,No,Moderate,At_Risk
3.29,115.0,253.0,131.0,5.47,31.7,None,Multiple,Female,No,Moderate,Diseased
4.17,265.0,190.0,,,18.3,High,Herbal,Female,Yes,Healthy,Diseased
1.11,180.0,94.0,377.0,4.27,,High,Painkiller,Male,No,Healthy,Diseased
0.15,171.0,164.0,147.0,4.49,33.0,Low,Herbal,Female,No,Unhealthy,Diseased
0.77,295.0,284.0,122.0,4.45,18.5,High,None,Male,No,Healthy,Diseased
4.51,80.0,32.0,376.0,2.68,40.6,High,None,Female,No,Moderate,Diseased
4.38,264.0,124.0,79.0,3.15,31.9,Low,None,Female,Yes,Unhealthy,Diseased
3.03,64.0,108.0,174.0,5.38,42.7,Low,None,Male,No,Healthy,At_Risk
3.04,12.0,113.0,259.0,4.1,42.6,High,Herbal,Female,No,Healthy,Diseased
3.36,35.0,60.0,321.0,3.64,,Low,,Male,No,Unhealthy,At_Risk
0.96,135.0,121.0,262.0,4.79,18.3,None,None,Male,No,Healthy,At_Risk
4.58,62.0,253.0,182.0,4.07,19.5,Moderate,Herbal,Male,No,Healthy,At_Risk
2.15,207.0,178.0,206.0,,44.6,None,Herbal,Female,No,Moderate,Diseased
1.98,197.0,81.0,96.0,4.71,30.1,None,None,Male,No,Healthy,At_Risk
2.64,195.0,148.0,71.0,4.7,22.9,None,Antibiotics,Male,No,Unhealthy,Diseased
0.33,213.0,240.0,132.0,3.0,38.3,None,Steroids,Male,Yes,Healthy,Diseased
0.91,,248.0,283.0,5.37,23.7,None,Steroids,Male,No,Moderate,Healthy
3.72,155.0,262.0,109.0,3.17,37.1,Moderate,Steroids,Male,Occasional,Moderate,Diseased
0.51,94.0,58.0,237.0,3.87,40.3,None,None,Male,No,Moderate,At_Risk
3.06,109.0,81.0,107.0,2.84,38.7,None,Painkiller,,Yes,Moderate,Diseased
1.3,,272.0,308.0,4.31,23.9,None,Herbal,Male,No,Unhealthy,At_Risk
2.01,55.0,231.0,211.0,3.63,27.6,Low,Herbal,Female,No,Unhealthy,At_Risk
1.51,53.0,86.0,350.0,3.56,28.0,High,None,Female,Yes,Healthy,Diseased
1.84,287.0,71.0,,4.98,30.2,None,None,Male,Yes,Moderate,At_Risk
3.62,190.0,166.0,51.0,2.53,20.9,None,Herbal,Female,No,Healthy,Diseased
1.56,196.0,134.0,320.0,4.89,29.1,Low,Painkiller,Male,No,Moderate,At_Risk
2.88,123.0,238.0,192.0,4.21,30.8,Low,Painkiller,Female,No,Healthy,Diseased
2.43,264.0,170.0,237.0,5.46,31.4,None,Painkiller,Male,Occasional,Moderate,Diseased
3.35,39.0,38.0,390.0,4.27,39.8,None,Painkiller,Female,Yes,Healthy,At_Risk
4.69,273.0,123.0,273.0,2.67,31.0,Low,Painkiller,Female,No,Moderate,Diseased
3.69,107.0,88.0,229.0,2.65,22.7,None,Antibiotics,Female,Yes,Healthy,Diseased
1.15,124.0,32.0,72.0,5.15,35.2,High,None,Female,No,Unhealthy,Diseased
0.25,285.0,115.0,86.0,5.02,39.1,None,Multiple,Female,Yes,Moderate,Diseased
1.39,290.0,140.0,156.0,3.54,25.3,None,Multiple,Male,No,Unhealthy,At_Risk
3.02,284.0,182.0,346.0,4.35,34.7,Moderate,Multiple,Female,No,Moderate,Diseased
0.35,270.0,273.0,278.0,3.97,20.3,Moderate,Herbal,Male,No,Unhealthy,At_Risk
2.53,216.0,294.0,362.0,5.4,25.9,None,Steroids,Male,Occasional,,Diseased
3.02,220.0,11.0,146.0,5.35,42.4,High,None,Male,Yes,Moderate,Diseased
1.74,224.0,242.0,330.0,5.45,42.4,Moderate,,Female,Yes,Healthy,Diseased
3.88,49.0,260.0,159.0,5.1,32.7,None,None,Male,No,Moderate,At_Risk
0.62,35.0,117.0,86.0,5.23,36.4,Low,Painkiller,Female,No,Healthy,At_Risk
0.47,36.0,285.0,89.0,3.15,40.8,None,Antibiotics,Female,No,Healthy,At_Risk
3.67,,189.0,134.0,4.99,43.8,None,Multiple,Male,Yes,Moderate,Diseased
2.53,92.0,222.0,351.0,4.63,30.2,,Painkiller,Male,Occasional,Healthy,Diseased
3.47,179.0,81.0,237.0,5.39,32.3,Low,Antibiotics,Female,No,Healthy,Diseased
2.23,176.0,292.0,289.0,4.21,28.1,Moderate,Steroids,Female,Yes,Healthy,Diseased
1.31,197.0,184.0,,2.76,18.1,Low,None,Male,,Healthy,Diseased
4.11,178.0,132.0,396.0,4.29,28.3,None,Multiple,Male,No,Healthy,Diseased
4.02,298.0,236.0,374.0,4.56,38.9,Low,Antibiotics,Male,No,Healthy,Diseased
3.5,238.0,92.0,310.0,3.16,39.3,Low,None,Male,No,Healthy,Diseased
1.43,106.0,262.0,207.0,3.68,41.9,Moderate,Multiple,Male,Yes,Moderate,Diseased
2.99,25.0,155.0,353.0,4.3,17.5,None,Antibiotics,Female,Occasional,Healthy,At_Risk
1.87,288.0,129.0,161.0,3.62,31.3,Low,Painkiller,Female,,Unhealthy,Diseased
0.55,144.0,74.0,193.0,3.62,,Low,Antibiotics,Female,,Unhealthy,At_Risk
4.59,35.0,290.0,305.0,2.9,21.8,Moderate,Steroids,Male,No,,At_Risk
0.77,21.0,292.0,67.0,5.32,42.1,None,None,Male,Yes,Healthy,At_Risk
4.76,81.0,115.0,233.0,4.75,30.4,None,Herbal,Female,Occasional,Healthy,Diseased
2.29,142.0,116.0,336.0,2.5,38.0,Low,Multiple,Female,Yes,Unhealthy,Diseased
1.01,115.0,45.0,180.0,4.8,17.9,Moderate,Antibiotics,Male,No,Moderate,Healthy
2.76,229.0,156.0,330.0,4.72,28.1,Low,Steroids,Female,Occasional,Moderate,Diseased
4.38,186.0,271.0,294.0,2.53,35.6,,Herbal,Female,Yes,Unhealthy,Diseased
3.69,291.0,168.0,57.0,3.61,19.9,None,Painkiller,Female,Occasional,Unhealthy,Diseased
4.05,142.0,274.0,242.0,4.32,25.4,Low,Multiple,Female,Occasional,Unhealthy,Diseased
3.33,31.0,211.0,,3.86,17.9,Low,Steroids,Female,,Moderate,At_Risk
3.49,278.0,164.0,56.0,4.83,34.9,Low,Painkiller,Male,Occasional,Unhealthy,Diseased
4.26,170.0,22.0,185.0,3.78,44.2,Moderate,Steroids,Female,No,Unhealthy,Diseased
1.32,116.0,94.0,68.0,2.96,40.0,Moderate,Antibiotics,Male,No,Healthy,Diseased
2.5,288.0,289.0,188.0,5.43,44.3,Moderate,None,Male,Yes,Unhealthy,Diseased
1.18,244.0,254.0,226.0,3.23,40.5,Low,Herbal,Male,No,Moderate,Diseased
4.94,27.0,18.0,60.0,4.65,40.8,High,Antibiotics,Male,No,Healthy,At_Risk
4.73,251.0,256.0,90.0,2.93,32.7,Low,Herbal,Other,Occasional,Moderate,Diseased
0.29,126.0,287.0,163.0,3.49,31.0,Moderate,None,Male,No,Moderate,Diseased
3.56,295.0,247.0,229.0,3.83,27.8,High,Antibiotics,Female,Occasional,Healthy,Diseased
4.63,291.0,212.0,243.0,3.08,39.7,Low,Herbal,Male,No,Unhealthy,Diseased
0.98,153.0,256.0,245.0,3.85,21.3,Moderate,,Male,No,Healthy,At_Risk
2.88,214.0,244.0,397.0,2.97,17.6,Low,Herbal,Female,No,Unhealthy,Diseased
4.59,48.0,90.0,274.0,4.18,43.5,None,Herbal,Male,Yes,Healthy,Diseased
0.27,163.0,22.0,380.0,4.49,16.1,Low,None,Female,No,Healthy,Healthy
3.52,185.0,25.0,372.0,2.69,44.3,None,Herbal,Male,Occasional,Unhealthy,Diseased
1.56,250.0,54.0,310.0,5.11,37.1,Low,None,Female,Yes,Healthy,At_Risk
4.63,143.0,148.0,165.0,3.06,25.5,Moderate,None,Male,Yes,Unhealthy,Diseased
4.86,55.0,157.0,199.0,3.18,36.2,None,None,Female,,Healthy,Diseased
4.73,59.0,245.0,167.0,,39.7,None,Herbal,Male,No,Unhealthy,Diseased
2.42,175.0,200.0,214.0,3.91,23.1,Low,None,Female,Occasional,Healthy,Diseased
4.32,115.0,110.0,301.0,4.0,38.4,None,None,Female,No,Healthy,Diseased
4.24,225.0,114.0,316.0,2.88,39.3,Low,None,Male,No,Unhealthy,Diseased
1.66,155.0,259.0,93.0,4.92,23.2,Low,Antibiotics,Male,No,Healthy,At_Risk
4.16,81.0,103.0,230.0,4.35,17.2,None,Herbal,Female,Occasional,Unhealthy,Diseased
,282.0,229.0,126.0,2.91,21.9,None,Painkiller,Female,No,Unhealthy,Diseased
3.02,256.0,142.0,165.0,3.62,21.8,Moderate,Antibiotics,Male,,Healthy,Diseased
1.23,195.0,164.0,116.0,4.93,17.9,None,None,Female,Yes,Moderate,Diseased
,79.0,37.0,62.0,4.21,37.1,Low,None,Female,Occasional,Healthy,Healthy
0.48,159.0,291.0,141.0,2.83,27.0,High,None,Female,No,Healthy,Diseased
3.51,255.0,125.0,295.0,3.62,41.6,Moderate,Painkiller,Female,No,Healthy,Diseased
1.77,271.0,243.0,316.0,3.23,23.3,None,Antibiotics,Female,No,Moderate,At_Risk
3.65,35.0,10.0,188.0,4.05,29.1,Low,None,Female,No,Unhealthy,At_Risk
0.42,149.0,249.0,390.0,5.03,34.5,Moderate,Herbal,Female,No,Healthy,At_Risk
1.64,108.0,67.0,293.0,3.81,,Moderate,Multiple,Male,No,Healthy,At_Risk
2.74,287.0,192.0,,3.8,31.2,Moderate,None,Female,No,Moderate,Diseased
3.97,60.0,35.0,322.0,5.22,26.8,Low,None,Female,No,Healthy,Healthy
1.66,,86.0,353.0,4.23,41.1,None,Herbal,Female,No,Moderate,At_Risk
3.17,113.0,226.0,240.0,4.2,25.0,Low,None,Male,,Moderate,Diseased
4.44,98.0,271.0,146.0,3.29,18.3,Low,Painkiller,Male,No,Unhealthy,Diseased
3.12,150.0,32.0,380.0,4.32,28.9,Low,Painkiller,Female,No,Moderate,At_Risk
1.24,222.0,253.0,254.0,4.23,38.8,None,Multiple,Female,No,Healthy,At_Risk
0.22,242.0,167.0,186.0,3.69,16.9,None,Steroids,Male,No,Moderate,At_Risk
,192.0,215.0,,5.47,33.0,High,None,Male,Yes,Unhealthy,Diseased
0.2,260.0,96.0,86.0,5.15,33.2,None,None,Female,Yes,Unhealthy,Diseased
4.39,18.0,276.0,335.0,4.75,42.9,None,None,Female,No,Healthy,At_Risk
,88.0,143.0,352.0,4.11,24.3,Moderate,Painkiller,Female,Occasional,,Diseased
4.7,61.0,276.0,184.0,3.89,24.1,Low,Painkiller,,Yes,Moderate,Diseased
4.01,278.0,277.0,191.0,3.05,28.8,None,Herbal,,No,Healthy,Diseased
4.99,235.0,62.0,303.0,3.42,26.4,,Painkiller,Female,,Healthy,At_Risk
1.82,60.0,108.0,97.0,4.82,37.4,Low,Painkiller,Female,Yes,Moderate,At_Risk
3.86,195.0,256.0,304.0,3.86,34.6,Low,Painkiller,Female,Occasional,,Diseased
2.07,43.0,45.0,183.0,5.15,38.0,High,None,Male,No,Healthy,At_Risk
2.45,239.0,37.0,339.0,2.94,39.8,None,Multiple,Male,No,Healthy,Diseased
3.17,140.0,229.0,257.0,4.03,42.8,Moderate,,Female,Occasional,Healthy,Diseased
4.38,129.0,111.0,150.0,4.44,28.5,None,None,Female,No,Healthy,Diseased
4.92,256.0,272.0,95.0,4.05,44.6,,None,Female,,Moderate,Diseased
,201.0,280.0,119.0,,22.3,Moderate,Painkiller,Female,No,Unhealthy,Diseased
2.15,219.0,233.0,185.0,,36.7,None,Multiple,Male,No,Moderate,Diseased
2.16,112.0,148.0,329.0,2.85,31.5,Low,None,Female,No,Healthy,Diseased
3.71,,289.0,116.0,2.89,,,Painkiller,Female,Yes,Unhealthy,Diseased
1.27,148.0,295.0,53.0,2.89,29.8,None,None,Female,No,Healthy,At_Risk
0.64,130.0,259.0,273.0,4.54,,Low,Herbal,Female,Yes,Healthy,Diseased
1.84,,87.0,50.0,3.62,43.0,Moderate,Antibiotics,Male,No,Healthy,At_Risk
1.51,138.0,22.0,339.0,,,None,Steroids,Female,No,Moderate,At_Risk
1.55,100.0,91.0,158.0,3.72,38.5,High,Painkiller,Male,No,Moderate,Diseased
1.24,101.0,18.0,314.0,4.38,17.9,None,Multiple,Female,Yes,,At_Risk
0.31,72.0,222.0,112.0,4.81,21.9,None,Painkiller,Female,Yes,Moderate,At_Risk
0.19,38.0,57.0,315.0,4.14,44.3,None,Antibiotics,Female,No,Moderate,Healthy
4.94,219.0,58.0,187.0,4.12,36.1,None,Steroids,Other,No,Healthy,At_Risk
2.2,21.0,49.0,93.0,2.76,32.3,None,Antibiotics,Male,Occasional,Moderate,At_Risk
1.98,139.0,289.0,311.0,,26.6,Moderate,None,Male,No,Unhealthy,At_Risk
3.43,182.0,235.0,265.0,4.14,17.3,Low,Painkiller,Female,No,Healthy,Diseased
1.17,217.0,117.0,170.0,3.89,26.7,Low,None,Male,No,Healthy,At_Risk
4.75,33.0,254.0,201.0,5.2,30.5,High,Painkiller,Male,Occasional,,Diseased
3.95,108.0,264.0,262.0,5.22,22.1,,Antibiotics,Female,Occasional,Moderate,Diseased
0.54,,42.0,283.0,4.97,21.0,None,None,Female,No,Moderate,Healthy
2.15,183.0,32.0,160.0,3.63,,None,Antibiotics,Male,No,Moderate,At_Risk
4.41,38.0,63.0,369.0,4.65,33.0,None,Herbal,Male,Occasional,Moderate,At_Risk
4.73,152.0,58.0,271.0,3.69,23.0,Low,Painkiller,Male,No,Moderate,At_Risk
2.39,51.0,87.0,275.0,3.2,33.0,,None,Female,No,Moderate,Diseased
3.11,217.0,131.0,259.0,3.53,42.1,Low,Herbal,Male,No,Unhealthy,Diseased
0.92,201.0,99.0,,2.71,29.7,Moderate,Steroids,Female,No,Unhealthy,Diseased
4.96,169.0,202.0,138.0,3.5,40.9,Moderate,None,Female,Yes,Healthy,Diseased
1.24,73.0,253.0,311.0,3.88,42.9,Moderate,Painkiller,Male,No,Moderate,At_Risk
4.72,252.0,158.0,237.0,5.37,18.7,None,Steroids,Male,No,Moderate,Diseased
3.28,267.0,155.0,161.0,3.44,18.8,None,Antibiotics,Female,No,Healthy,Diseased
3.08,161.0,150.0,288.0,5.21,29.8,Low,Antibiotics,Male,Yes,Unhealthy,Diseased
2.61,224.0,295.0,305.0,3.19,33.1,None,Antibiotics,,Yes,Healthy,Diseased
1.23,175.0,120.0,199.0,3.07,28.4,None,Herbal,Female,No,Moderate,At_Risk
0.96,40.0,117.0,,4.06,25.5,Low,Painkiller,Male,Occasional,Healthy,Healthy
1.18,241.0,290.0,368.0,4.52,34.6,None,Steroids,Male,No,Moderate,At_Risk
1.01,291.0,59.0,323.0,2.63,16.1,Moderate,Multiple,,Yes,Healthy,At_Risk
3.92,38.0,23.0,382.0,3.16,44.1,None,Painkiller,Male,No,Healthy,At_Risk
1.82,204.0,143.0,188.0,3.87,22.7,High,Herbal,Male,No,Healthy,Diseased
0.38,265.0,85.0,152.0,3.49,42.6,Moderate,None,Male,No,Healthy,Diseased
4.85,290.0,93.0,291.0,4.64,19.2,None,None,Female,No,Unhealthy,Diseased
4.43,96.0,167.0,166.0,4.03,22.9,Low,Multiple,Female,Occasional,Healthy,Diseased
4.65,158.0,295.0,263.0,2.98,22.8,Low,None,,Yes,Moderate,Diseased
4.98,258.0,,66.0,5.18,44.9,Moderate,None,Female,Yes,Moderate,Diseased
0.95,292.0,103.0,228.0,3.38,16.1,Low,Painkiller,Male,No,Healthy,At_Risk
2.04,207.0,,273.0,4.69,34.5,Low,Painkiller,Female,Occasional,Healthy,At_Risk
3.82,53.0,173.0,319.0,4.84,41.2,Low,Antibiotics,Male,,Healthy,At_Risk
3.51,37.0,107.0,362.0,5.39,35.5,None,None,Male,Yes,Moderate,Diseased
0.85,26.0,25.0,398.0,4.0,26.5,High,None,Female,Yes,Unhealthy,At_Risk
4.1,136.0,87.0,183.0,4.35,43.8,None,Painkiller,Male,No,Unhealthy,Diseased
1.2,177.0,81.0,163.0,3.5,41.9,None,Antibiotics,Male,Yes,Unhealthy,Diseased
1.2,253.0,279.0,181.0,,28.6,,Antibiotics,Female,No,Moderate,At_Risk
2.73,85.0,296.0,188.0,3.89,32.6,Moderate,Antibiotics,Female,No,Unhealthy,Diseased
3.01,240.0,75.0,,3.81,44.1,Low,Antibiotics,Female,Yes,Healthy,Diseased
2.94,213.0,77.0,141.0,5.07,44.5,Moderate,None,Female,No,Moderate,At_Risk
0.55,257.0,202.0,316.0,2.65,29.0,Moderate,Herbal,Female,No,Healthy,At_Risk
4.4,223.0,64.0,148.0,5.15,40.6,Moderate,None,Male,No,Healthy,At_Risk
1.4,224.0,177.0,256.0,,24.8,Low,None,Male,No,Unhealthy,At_Risk
0.73,167.0,34.0,57.0,4.02,26.8,None,Steroids,Male,No,Healthy,Healthy
4.45,78.0,140.0,370.0,3.97,20.8,None,None,Male,,Moderate,Diseased
4.78,94.0,111.0,142.0,3.59,22.1,Low,Painkiller,Female,No,Moderate,Diseased
4.32,276.0,291.0,207.0,5.48,35.0,Low,Painkiller,Male,Yes,Healthy,Diseased
4.07,78.0,272.0,148.0,2.83,30.8,Low,Antibiotics,Male,Yes,Healthy,Diseased
,108.0,129.0,274.0,4.27,22.7,Low,Painkiller,Male,No,Healthy,Diseased
2.8,225.0,240.0,389.0,4.55,27.7,Low,,Male,Occasional,Unhealthy,Diseased
0.53,170.0,170.0,257.0,5.3,26.8,None,Painkiller,Female,No,Moderate,At_Risk
2.1,103.0,170.0,122.0,4.84,44.6,None,Antibiotics,Male,No,Moderate,Diseased
1.93,183.0,87.0,108.0,4.43,40.8,Moderate,Herbal,Male,No,Healthy,At_Risk
1.37,174.0,47.0,336.0,2.85,27.3,None,Antibiotics,Other,No,Healthy,At_Risk
3.64,124.0,37.0,113.0,,42.5,Moderate,Antibiotics,Female,Occasional,Healthy,At_Risk
2.53,229.0,109.0,305.0,2.92,25.9,Low,Antibiotics,Female,No,Moderate,Diseased
0.5,40.0,,97.0,,35.4,High,Painkiller,Female,Yes,,Diseased
1.18,20.0,101.0,328.0,4.75,44.0,Moderate,Herbal,Female,Yes,Moderate,At_Risk
3.45,,264.0,247.0,4.77,27.3,Low,None,Male,No,Moderate,Diseased
0.47,114.0,106.0,207.0,4.46,35.7,Low,Herbal,Male,Occasional,Healthy,At_Risk
4.27,36.0,15.0,360.0,4.02,24.6,None,Antibiotics,Female,Occasional,Moderate,Healthy
2.53,236.0,178.0,56.0,2.95,23.7,Low,Herbal,Male,Occasional,Moderate,Diseased
2.45,11.0,280.0,297.0,3.49,32.7,Moderate,None,Male,No,Healthy,Diseased
3.0,110.0,117.0,281.0,2.91,44.4,Low,Herbal,Male,No,Moderate,Diseased
4.14,30.0,56.0,155.0,4.67,29.1,Low,None,Male,No,Moderate,Healthy
1.8,67.0,108.0,147.0,2.98,,None,Steroids,Female,Yes,Healthy,Diseased
3.42,189.0,23.0,317.0,4.61,42.5,Moderate,Painkiller,Male,No,Healthy,At_Risk
2.87,29.0,,109.0,4.58,23.4,None,Steroids,Male,Yes,Healthy,Diseased
1.41,264.0,166.0,357.0,3.88,27.7,Moderate,Antibiotics,Female,Yes,Unhealthy,Diseased
4.41,47.0,163.0,,2.91,34.7,Low,None,Female,No,Healthy,Diseased
4.01,157.0,124.0,377.0,,31.0,Low,Antibiotics,Female,No,Healthy,Diseased
3.33,,267.0,239.0,3.46,18.8,None,,Male,Occasional,Healthy,At_Risk
4.27,130.0,154.0,174.0,4.6,44.8,None,Antibiotics,Male,No,Healthy,Diseased
4.35,35.0,19.0,212.0,2.84,37.8,Moderate,Steroids,Female,No,Healthy,At_Risk
3.57,178.0,223.0,109.0,4.99,28.7,Moderate,None,Male,No,Moderate,Diseased
4.2,234.0,242.0,80.0,4.78,33.9,Low,Antibiotics,Male,No,Healthy,Diseased
3.52,10.0,180.0,382.0,3.06,18.5,Low,Antibiotics,Female,No,Unhealthy,Diseased
3.43,270.0,30.0,125.0,4.66,30.4,Low,None,Male,No,,Diseased
3.13,22.0,24.0,292.0,4.51,43.0,Low,Multiple,Male,No,Moderate,At_Risk
3.79,57.0,135.0,366.0,4.74,42.0,Low,Antibiotics,Male,No,Unhealthy,Diseased
0.88,103.0,222.0,307.0,3.07,25.8,None,None,Male,No,Moderate,At_Risk
4.42,270.0,197.0,239.0,2.97,31.4,Moderate,None,Male,No,Moderate,Diseased
4.37,287.0,181.0,364.0,3.21,36.2,Moderate,Antibiotics,Male,Occasional,Healthy,Diseased
0.24,214.0,256.0,345.0,3.6,25.9,None,Painkiller,Male,No,Healthy,At_Risk
4.15,,14.0,226.0,4.88,17.9,Moderate,,Male,No,Healthy,At_Risk
0.73,184.0,240.0,337.0,4.71,30.7,Low,None,,Occasional,Healthy,At_Risk
1.74,78.0,210.0,343.0,5.28,33.4,None,Antibiotics,Female,No,Moderate,At_Risk
3.74,113.0,158.0,397.0,2.68,16.2,None,Antibiotics,Female,No,Healthy,Diseased
0.89,255.0,,256.0,2.53,18.8,Moderate,None,Male,Occasional,Healthy,At_Risk
4.11,170.0,235.0,264.0,4.6,22.0,Moderate,Antibiotics,Other,No,Unhealthy,Diseased
4.18,209.0,83.0,393.0,3.34,26.1,Moderate,Multiple,Female,Occasional,Moderate,Diseased
2.59,225.0,178.0,190.0,3.5,31.7,Moderate,Multiple,Female,Yes,Moderate,Diseased
0.13,221.0,258.0,134.0,4.14,24.5,None,Herbal,Male,No,,At_Risk
1.51,25.0,289.0,231.0,2.81,24.0,None,Herbal,Female,No,Unhealthy,At_Risk
3.12,214.0,161.0,381.0,4.43,41.2,,None,Female,No,Healthy,Diseased
4.91,48.0,233.0,177.0,3.48,20.2,Moderate,None,Male,,Moderate,At_Risk
3.2,98.0,234.0,318.0,4.4,30.4,High,Painkiller,Female,Occasional,Moderate,Diseased
1.37,265.0,47.0,88.0,5.0,43.6,None,Antibiotics,Female,No,Moderate,At_Risk
3.21,263.0,53.0,72.0,3.01,34.1,Moderate,Herbal,Male,No,,Diseased
2.75,225.0,194.0,291.0,5.29,36.8,Low,None,Male,No,Healthy,Diseased
3.92,181.0,250.0,156.0,4.09,28.5,None,Painkiller,Male,No,Unhealthy,Diseased
0.62,146.0,219.0,397.0,5.27,16.6,Low,Antibiotics,Male,No,Moderate,At_Risk
3.83,187.0,32.0,191.0,3.12,34.7,Moderate,Painkiller,Male,No,Moderate,Diseased
2.75,86.0,133.0,194.0,4.31,34.3,None,Painkiller,Female,,Unhealthy,Diseased
4.82,197.0,95.0,329.0,3.71,19.2,Moderate,None,Female,No,Moderate,Diseased
1.78,24.0,52.0,294.0,4.82,29.4,None,Multiple,Female,No,Moderate,Healthy
3.2,223.0,49.0,240.0,4.32,42.5,None,Painkiller,Female,No,Healthy,At_Risk
4.67,217.0,178.0,339.0,3.98,21.9,None,Antibiotics,Male,No,Unhealthy,Diseased
0.6,178.0,184.0,228.0,5.24,29.4,Moderate,None,Male,No,Moderate,At_Risk
4.69,289.0,29.0,161.0,3.63,29.4,Low,Antibiotics,Female,No,Unhealthy,At_Risk
3.47,155.0,118.0,263.0,3.16,39.5,Moderate,None,Male,No,,Diseased
0.43,272.0,202.0,187.0,,39.9,Low,None,Female,No,Healthy,At_Risk
1.57,13.0,,249.0,4.37,38.0,Low,None,Male,No,,At_Risk
3.57,99.0,289.0,56.0,3.82,26.6,Moderate,None,Female,Yes,,Diseased
0.43,69.0,237.0,395.0,3.96,18.1,Low,Antibiotics,Male,No,Moderate,Healthy
2.95,25.0,45.0,62.0,5.38,26.1,Moderate,Painkiller,Male,Yes,Moderate,At_Risk
1.79,236.0,54.0,129.0,4.7,35.7,None,Herbal,Female,No,Healthy,At_Risk
3.14,38.0,37.0,335.0,2.83,36.4,Low,None,Female,,Healthy,At_Risk
0.32,160.0,163.0,208.0,3.14,44.0,Moderate,None,Male,No,Moderate,Diseased
4.37,254.0,32.0,321.0,5.43,29.2,Moderate,Herbal,Female,No,Moderate,At_Risk
4.87,279.0,216.0,250.0,4.68,34.3,None,None,Male,Yes,Moderate,Diseased
4.85,88.0,100.0,199.0,,31.6,Low,None,Male,Yes,Healthy,Diseased
3.77,298.0,47.0,345.0,3.41,20.4,Low,None,Female,Occasional,Moderate,At_Risk
0.74,162.0,237.0,342.0,4.73,29.4,Low,Herbal,Male,No,Unhealthy,At_Risk
3.82,286.0,211.0,383.0,4.64,31.8,None,Herbal,Female,No,Moderate,Diseased
0.22,288.0,263.0,321.0,3.38,43.6,None,Painkiller,Female,No,Unhealthy,Diseased
0.21,66.0,47.0,92.0,4.15,26.6,Moderate,Steroids,Male,Yes,Healthy,Healthy
1.69,195.0,230.0,368.0,4.38,44.4,Moderate,Antibiotics,Male,Occasional,Unhealthy,Diseased
2.49,102.0,196.0,64.0,3.94,31.7,Low,Multiple,Male,No,Moderate,Diseased
3.87,285.0,52.0,297.0,4.98,23.0,Moderate,None,Male,Yes,Unhealthy,Diseased
,167.0,123.0,221.0,5.0,21.6,None,Herbal,Female,No,Moderate,Diseased
2.28,284.0,269.0,267.0,5.05,20.1,Low,None,Male,No,Healthy,Diseased
1.44,190.0,14.0,186.0,4.91,29.1,Moderate,Painkiller,Male,No,,At_Risk
4.99,86.0,77.0,370.0,3.96,16.6,Moderate,None,Female,No,,At_Risk
2.19,160.0,237.0,276.0,3.64,28.9,Low,Steroids,Female,No,Healthy,Diseased
2.31,247.0,132.0,93.0,,44.7,Moderate,Steroids,Female,No,Healthy,Diseased
0.9,,182.0,69.0,3.97,35.4,Low,Antibiotics,Female,No,Healthy,At_Risk
3.99,,162.0,168.0,3.24,38.0,Moderate,Steroids,Female,No,Moderate,Diseased
3.5,27.0,,283.0,4.02,19.5,Low,Antibiotics,Female,Yes,Moderate,Diseased
1.18,82.0,166.0,385.0,2.93,29.7,Moderate,Herbal,Male,No,Moderate,At_Risk
0.5,198.0,171.0,311.0,4.57,24.3,None,None,Female,No,Healthy,At_Risk
3.43,26.0,223.0,132.0,3.51,41.9,Low,Painkiller,Male,No,Moderate,At_Risk
3.31,28.0,35.0,80.0,3.28,21.3,Low,None,Female,Occasional,Healthy,At_Risk
1.44,228.0,198.0,371.0,5.37,29.3,Low,Painkiller,Male,No,,At_Risk
4.76,129.0,131.0,323.0,4.83,33.1,Moderate,Steroids,Female,Occasional,Unhealthy,Diseased
0.84,110.0,239.0,283.0,4.86,30.9,High,Steroids,Female,No,Unhealthy,Diseased
2.22,43.0,68.0,77.0,4.37,40.1,,Steroids,Female,No,Healthy,At_Risk
4.72,93.0,105.0,301.0,5.02,22.7,None,Painkiller,Female,No,,Diseased
2.16,205.0,271.0,373.0,4.78,26.9,Moderate,Steroids,Male,No,Moderate,Diseased
3.23,211.0,145.0,302.0,4.3,39.0,None,Painkiller,Female,No,Healthy,Diseased
2.05,20.0,292.0,288.0,5.38,31.3,Low,Multiple,Male,No,Unhealthy,Diseased
1.44,227.0,129.0,363.0,3.07,27.7,Moderate,Painkiller,,No,Moderate,At_Risk
4.92,262.0,34.0,224.0,5.33,16.9,None,Antibiotics,Female,No,Moderate,At_Risk
2.11,231.0,155.0,243.0,3.7,37.8,Moderate,Herbal,Female,Yes,Moderate,Diseased
4.48,89.0,21.0,229.0,4.09,44.2,Moderate,Multiple,Male,Yes,Healthy,Diseased
1.23,16.0,96.0,,2.87,34.0,Low,Painkiller,Male,No,Healthy,At_Risk
1.14,281.0,118.0,264.0,4.12,40.8,None,Painkiller,Female,No,,At_Risk
0.25,236.0,275.0,252.0,4.33,31.0,Low,Painkiller,Male,No,Healthy,At_Risk
3.29,25.0,231.0,299.0,5.49,22.7,High,Painkiller,Female,No,Healthy,Diseased
1.91,21.0,83.0,306.0,5.43,16.4,None,Steroids,Female,Yes,Unhealthy,At_Risk
4.34,250.0,111.0,124.0,5.4,34.9,Low,Multiple,Male,Yes,Moderate,Diseased
2.42,30.0,146.0,393.0,3.55,30.3,None,None,Female,No,Unhealthy,Diseased
4.84,187.0,200.0,251.0,5.47,38.7,None,Antibiotics,Female,No,Unhealthy,Diseased
1.01,237.0,151.0,191.0,3.87,36.1,Moderate,Herbal,Female,No,Moderate,At_Risk
4.36,282.0,82.0,255.0,5.06,44.7,None,,Female,Yes,Healthy,Diseased
3.91,297.0,176.0,248.0,3.15,30.8,High,Painkiller,,No,Moderate,Diseased
3.88,143.0,,220.0,4.02,28.4,Low,Herbal,Male,Occasional,Healthy,Diseased
4.24,292.0,63.0,365.0,5.4,24.3,Low,Multiple,Female,Occasional,Healthy,At_Risk
3.83,162.0,268.0,277.0,5.34,29.8,None,Antibiotics,Male,Yes,Moderate,Diseased
3.17,75.0,120.0,228.0,4.55,,High,None,Female,No,Moderate,Diseased
0.74,146.0,241.0,324.0,4.89,17.2,None,None,Female,No,Healthy,At_Risk
0.26,101.0,170.0,111.0,3.03,44.4,Low,Antibiotics,Female,No,Healthy,Diseased
4.61,,28.0,376.0,4.66,44.8,Low,None,Other,Occasional,Healthy,At_Risk
3.12,112.0,299.0,253.0,4.35,33.3,Low,None,Female,No,Moderate,Diseased
4.0,64.0,59.0,182.0,2.77,25.6,Low,Herbal,Male,Yes,Unhealthy,Diseased
2.46,266.0,184.0,121.0,2.84,22.5,Moderate,Herbal,Male,Occasional,Moderate,Diseased
0.67,110.0,193.0,127.0,2.83,24.0,None,Herbal,Male,Yes,Unhealthy,Diseased
0.71,207.0,194.0,238.0,4.67,17.5,Low,None,Male,No,Moderate,At_Risk
3.46,235.0,90.0,120.0,2.93,29.8,Moderate,None,Female,No,Healthy,Diseased
,246.0,165.0,312.0,3.9,17.7,Low,Herbal,Female,No,Moderate,Diseased
1.08,35.0,,355.0,3.57,36.8,None,Steroids,Male,No,Healthy,At_Risk
2.51,130.0,292.0,95.0,4.15,26.8,None,Herbal,,Occasional,Healthy,Diseased
0.41,191.0,258.0,273.0,4.62,21.8,None,Multiple,Female,Occasional,Moderate,At_Risk
2.95,208.0,156.0,377.0,4.55,31.8,None,Herbal,Female,No,Unhealthy,Diseased
1.42,264.0,16.0,299.0,4.05,44.2,Low,Antibiotics,Male,,Moderate,At_Risk
4.01,131.0,166.0,125.0,3.89,36.2,Low,Painkiller,Male,No,Unhealthy,Diseased
1.62,40.0,180.0,123.0,3.69,30.3,None,Antibiotics,Female,No,Moderate,At_Risk
2.33,294.0,78.0,191.0,5.09,38.5,Low,Antibiotics,Male,No,,At_Risk
0.16,115.0,103.0,122.0,3.49,37.4,High,Painkiller,Female,No,Moderate,Diseased
0.45,233.0,195.0,151.0,3.28,41.9,High,Herbal,Female,Occasional,Unhealthy,Diseased
2.02,282.0,179.0,143.0,4.73,21.9,Moderate,None,Male,Occasional,Moderate,Diseased
2.45,241.0,213.0,118.0,3.58,40.9,None,Herbal,Male,No,Moderate,Diseased
3.04,265.0,51.0,114.0,5.04,24.7,None,None,Female,Yes,Moderate,Diseased
1.53,33.0,22.0,,3.48,43.3,Moderate,Painkiller,Male,No,Moderate,Healthy
3.51,,163.0,111.0,4.61,24.2,None,,Male,Yes,Healthy,Diseased
4.31,200.0,283.0,69.0,2.64,42.9,None,None,Female,No,Healthy,Diseased
3.92,34.0,60.0,290.0,3.66,43.9,Low,Antibiotics,Male,No,Healthy,At_Risk
0.29,196.0,221.0,252.0,3.53,20.2,None,None,Female,No,Moderate,At_Risk
2.45,297.0,153.0,349.0,4.95,44.3,Moderate,Herbal,Female,No,Unhealthy,Diseased
0.61,125.0,12.0,244.0,5.4,18.5,Moderate,Herbal,Female,Occasional,Unhealthy,At_Risk
1.29,46.0,263.0,111.0,3.88,,Moderate,Multiple,Male,Occasional,Healthy,Healthy
4.93,291.0,265.0,156.0,4.97,28.9,Moderate,Herbal,Male,Yes,Moderate,Diseased
0.8,146.0,107.0,174.0,4.6,44.8,None,Steroids,Male,Yes,Moderate,Diseased
2.54,236.0,182.0,350.0,5.4,30.2,Moderate,None,Female,No,Moderate,Diseased
3.13,191.0,159.0,316.0,4.93,32.0,Low,Painkiller,Male,No,Moderate,Diseased
3.54,95.0,288.0,251.0,2.73,36.1,Moderate,Painkiller,Male,Yes,Healthy,Diseased
2.84,62.0,68.0,211.0,4.64,44.1,None,Antibiotics,Female,No,Unhealthy,At_Risk
0.15,244.0,122.0,393.0,4.11,38.7,Moderate,Herbal,Female,No,Unhealthy,Diseased
1.7,276.0,252.0,351.0,2.55,22.5,High,None,Male,Yes,Healthy,Diseased
2.64,296.0,66.0,161.0,3.25,24.8,None,None,Male,No,Moderate,At_Risk
0.53,109.0,69.0,386.0,5.27,,,Painkiller,Female,No,Healthy,Healthy
1.82,96.0,225.0,81.0,5.28,34.7,None,None,Female,No,Healthy,At_Risk
0.26,24.0,242.0,147.0,4.9,21.2,Low,Steroids,Female,No,Unhealthy,At_Risk
0.49,110.0,64.0,296.0,5.45,23.5,None,Antibiotics,Male,Yes,Moderate,At_Risk
2.04,174.0,217.0,310.0,4.92,41.8,Moderate,Steroids,Male,Yes,Healthy,Diseased
0.75,38.0,72.0,240.0,2.53,25.5,Low,None,Female,No,Moderate,Healthy
2.88,123.0,193.0,78.0,3.36,32.4,,,Female,Occasional,Unhealthy,Diseased
3.48,,290.0,97.0,2.59,27.5,Moderate,None,Male,Yes,Unhealthy,Diseased
4.02,139.0,35.0,299.0,2.78,18.1,Low,Painkiller,Male,No,Healthy,At_Risk
1.08,93.0,186.0,275.0,3.16,26.5,Low,Steroids,Female,Yes,Unhealthy,Diseased
0.92,280.0,72.0,321.0,4.01,,Moderate,None,Female,No,Unhealthy,At_Risk
0.61,253.0,82.0,202.0,5.04,42.0,Moderate,None,Male,Yes,Moderate,Diseased
3.22,223.0,176.0,377.0,5.09,25.4,None,None,Female,Yes,Moderate,Diseased
3.56,175.0,234.0,334.0,4.35,,None,Antibiotics,Female,No,Healthy,Diseased
0.25,288.0,74.0,229.0,5.28,38.7,,Herbal,Female,Yes,Healthy,At_Risk
4.69,68.0,78.0,351.0,4.0,38.0,Low,Antibiotics,Male,Occasional,Moderate,At_Risk
0.35,99.0,18.0,202.0,5.17,39.2,None,Antibiotics,Female,No,Unhealthy,At_Risk
2.75,203.0,245.0,,3.86,43.7,Moderate,Painkiller,Male,No,Unhealthy,Diseased
3.57,132.0,207.0,72.0,3.33,39.1,Moderate,None,Male,No,Moderate,Diseased
4.37,145.0,182.0,143.0,5.25,27.8,None,None,Female,No,Moderate,Diseased
3.6,148.0,291.0,294.0,3.66,39.8,Low,Herbal,Female,No,Moderate,Diseased
4.03,238.0,37.0,339.0,4.01,30.8,Low,None,Female,No,Moderate,At_Risk
1.76,283.0,143.0,209.0,3.49,24.1,Low,Multiple,Male,No,Healthy,At_Risk
4.09,59.0,36.0,334.0,4.49,24.8,Low,None,Male,No,Healthy,Healthy
0.49,127.0,47.0,58.0,5.49,22.5,Moderate,Steroids,,,,At_Risk
4.48,211.0,205.0,234.0,2.58,20.2,None,Multiple,Male,Occasional,Healthy,Diseased
2.78,200.0,212.0,344.0,5.2,21.4,None,Painkiller,,Occasional,Healthy,Diseased
4.1,190.0,94.0,184.0,2.51,17.8,Low,Steroids,Female,No,Moderate,Diseased
2.32,87.0,39.0,159.0,3.59,41.8,Low,Painkiller,Female,Yes,Healthy,Diseased
3.25,84.0,,118.0,3.01,43.0,None,,Female,Occasional,Healthy,Diseased
2.68,290.0,199.0,185.0,4.77,33.0,None,None,Male,Occasional,Unhealthy,Diseased
3.68,30.0,21.0,145.0,2.65,40.4,Low,Herbal,Female,Occasional,Moderate,At_Risk
0.5,180.0,100.0,168.0,4.16,21.3,None,None,Female,Yes,Moderate,Diseased
0.4,24.0,39.0,323.0,3.38,42.1,High,None,Female,No,Healthy,At_Risk
1.31,220.0,222.0,387.0,2.9,30.7,,Multiple,Male,No,Moderate,Diseased
0.88,57.0,47.0,226.0,4.82,17.9,None,Painkiller,Female,No,Moderate,Healthy
4.37,95.0,69.0,286.0,3.15,20.1,Low,Painkiller,Female,No,Moderate,At_Risk
1.17,158.0,152.0,321.0,3.17,25.0,None,Multiple,Female,Occasional,Moderate,At_Risk
4.88,197.0,189.0,326.0,3.33,17.3,Low,Painkiller,Female,No,Moderate,Diseased
1.75,160.0,294.0,187.0,4.26,25.0,Low,Painkiller,Male,Occasional,Unhealthy,At_Risk
,150.0,121.0,181.0,4.48,17.7,Low,Herbal,Female,Yes,Healthy,Diseased
3.97,78.0,239.0,93.0,2.55,22.8,Moderate,Painkiller,Female,,Healthy,At_Risk
3.33,269.0,30.0,172.0,3.23,23.7,None,None,Male,No,Moderate,At_Risk
2.54,18.0,154.0,185.0,3.79,44.8,High,Painkiller,Male,No,Moderate,Diseased
2.82,130.0,155.0,175.0,3.5,22.8,Moderate,Steroids,Male,Yes,Healthy,Diseased
3.62,110.0,175.0,324.0,5.15,22.9,None,None,Female,Yes,Unhealthy,Diseased
1.22,158.0,149.0,113.0,4.86,35.9,None,Painkiller,Female,Occasional,Moderate,At_Risk
4.98,155.0,212.0,345.0,4.38,40.9,None,Painkiller,Male,No,Moderate,Diseased
4.88,252.0,253.0,281.0,3.51,27.2,None,None,Female,,Moderate,Diseased
3.29,250.0,122.0,100.0,4.6,41.4,Low,,Female,,Moderate,Diseased
1.08,52.0,210.0,186.0,5.03,25.9,None,None,Female,No,Unhealthy,At_Risk
3.43,104.0,268.0,207.0,4.28,21.7,High,Antibiotics,Male,Yes,Healthy,Diseased
0.45,235.0,264.0,105.0,4.85,25.6,None,Antibiotics,Female,No,Healthy,At_Risk
0.25,15.0,32.0,130.0,4.75,33.7,None,None,Female,No,Healthy,Healthy
1.36,223.0,255.0,281.0,4.22,26.6,None,None,Male,No,Unhealthy,At_Risk
2.37,215.0,96.0,375.0,3.44,35.5,None,None,Male,No,Moderate,Diseased
4.35,76.0,228.0,177.0,4.74,22.9,Moderate,None,Male,Yes,Unhealthy,Diseased
3.66,109.0,36.0,175.0,3.12,36.3,Low,Antibiotics,Female,No,Unhealthy,Diseased
3.74,21.0,299.0,,4.84,26.1,None,Steroids,Female,No,Moderate,At_Risk
2.18,246.0,298.0,129.0,4.91,,Moderate,None,Female,Yes,Healthy,Diseased
1.8,267.0,232.0,382.0,4.97,32.2,Moderate,Antibiotics,Male,No,Healthy,At_Risk
1.92,144.0,187.0,224.0,3.92,35.9,Moderate,Multiple,Male,Yes,Healthy,Diseased
4.94,231.0,157.0,194.0,3.08,22.9,Moderate,,Female,Occasional,Unhealthy,Diseased
0.3,165.0,,175.0,2.8,40.2,Low,Painkiller,Male,Yes,Healthy,Diseased
4.35,151.0,195.0,231.0,4.73,36.9,Low,Steroids,Female,No,Moderate,Diseased
2.94,167.0,50.0,268.0,5.16,22.8,Low,None,Male,Yes,Healthy,Diseased
2.25,271.0,200.0,327.0,,44.3,None,Herbal,Male,Yes,Healthy,Diseased
3.65,292.0,88.0,132.0,2.93,35.3,Low,Multiple,Female,No,Healthy,Diseased
2.48,238.0,,190.0,5.3,29.1,Moderate,None,Other,Yes,Moderate,Diseased
4.38,289.0,287.0,383.0,5.47,20.6,Low,Herbal,Male,No,Healthy,Diseased
4.51,299.0,281.0,144.0,3.8,31.5,High,Painkiller,Male,Yes,Moderate,Diseased
2.17,177.0,41.0,243.0,4.28,20.8,Low,None,Male,No,Moderate,At_Risk
1.46,56.0,151.0,159.0,4.83,28.5,Moderate,Painkiller,Male,Occasional,Unhealthy,At_Risk
3.0,212.0,260.0,101.0,4.71,27.9,Low,None,Female,No,Unhealthy,Diseased
4.57,,107.0,152.0,5.4,36.9,Moderate,Antibiotics,Female,No,Moderate,Diseased
1.13,255.0,145.0,150.0,2.84,21.6,Low,None,Female,No,Moderate,At_Risk
3.15,33.0,286.0,191.0,4.24,39.8,None,Steroids,Female,No,Healthy,At_Risk
3.19,283.0,52.0,250.0,4.58,25.5,None,Painkiller,Male,No,Moderate,At_Risk
3.69,53.0,129.0,368.0,,28.9,High,Painkiller,Female,No,Moderate,Diseased
0.74,165.0,229.0,248.0,5.12,38.4,None,None,Female,No,Healthy,At_Risk
3.61,208.0,55.0,333.0,5.43,34.1,Low,Painkiller,Female,No,Moderate,At_Risk
4.55,171.0,245.0,266.0,4.04,24.9,Low,None,Female,No,Healthy,Diseased
0.98,243.0,57.0,95.0,4.99,27.2,Low,Steroids,Female,No,Healthy,Healthy
1.26,172.0,207.0,77.0,3.78,24.9,,None,Female,No,Healthy,At_Risk
4.86,125.0,93.0,51.0,3.77,,Moderate,Antibiotics,Female,No,Unhealthy,Diseased
0.99,102.0,40.0,66.0,3.26,25.6,High,None,Female,No,Healthy,At_Risk
4.29,51.0,170.0,,4.95,37.0,Low,Steroids,Female,No,Healthy,At_Risk
2.51,293.0,80.0,126.0,5.46,32.8,Low,Antibiotics,Male,No,Unhealthy,Diseased
1.31,219.0,17.0,214.0,3.27,20.2,Moderate,Painkiller,Female,No,Healthy,At_Risk
4.37,215.0,61.0,146.0,2.67,25.0,High,Steroids,Male,No,Unhealthy,Diseased
2.28,229.0,54.0,154.0,4.95,22.4,High,Painkiller,Male,No,Unhealthy,Diseased
2.62,289.0,47.0,73.0,4.36,27.3,Moderate,Herbal,Female,No,Moderate,At_Risk
1.86,145.0,240.0,249.0,5.38,31.0,None,Steroids,Female,No,Moderate,At_Risk
3.01,115.0,271.0,84.0,3.26,30.7,None,Antibiotics,Female,No,Unhealthy,Diseased
0.9,127.0,77.0,51.0,2.71,37.9,Moderate,Herbal,Female,Occasional,Moderate,At_Risk
2.02,246.0,188.0,338.0,,21.5,,Herbal,Male,Yes,Healthy,Diseased
4.85,109.0,195.0,381.0,2.76,43.4,Moderate,Antibiotics,Female,Occasional,Unhealthy,Diseased
1.36,270.0,,391.0,3.29,25.9,None,None,Female,No,Healthy,At_Risk
3.32,295.0,22.0,187.0,2.88,24.7,Low,Antibiotics,Female,No,Healthy,At_Risk
1.69,112.0,223.0,386.0,3.17,35.9,None,Painkiller,Male,Occasional,Unhealthy,Diseased
3.89,72.0,229.0,111.0,2.82,39.4,Low,Antibiotics,Female,,Healthy,Diseased
0.74,,295.0,348.0,5.36,27.0,Low,Antibiotics,Female,No,Moderate,At_Risk
4.85,291.0,253.0,246.0,3.34,37.7,High,Antibiotics,Male,,Moderate,Diseased
2.32,235.0,267.0,108.0,3.83,41.6,None,Steroids,Female,No,Moderate,Diseased
1.26,16.0,67.0,314.0,5.2,38.2,Low,Steroids,Male,No,Healthy,Healthy
0.46,136.0,45.0,382.0,4.53,17.0,Low,None,Female,Yes,Moderate,At_Risk
0.93,101.0,202.0,237.0,4.35,,Moderate,None,Female,Occasional,Healthy,At_Risk
2.65,199.0,59.0,112.0,4.62,38.5,,Antibiotics,Female,No,Healthy,At_Risk
1.75,62.0,41.0,357.0,4.99,35.4,High,Painkiller,Female,,Healthy,At_Risk
4.16,251.0,107.0,328.0,5.13,38.0,None,Herbal,Male,No,Healthy,Diseased
2.21,141.0,52.0,79.0,4.43,44.4,None,None,Female,No,Unhealthy,Diseased
1.32,121.0,56.0,220.0,5.17,,Moderate,None,Male,Yes,Moderate,At_Risk
3.12,16.0,279.0,70.0,4.11,17.9,Low,Antibiotics,Male,No,Moderate,At_Risk
3.56,239.0,72.0,348.0,3.33,29.4,None,Antibiotics,Male,No,Moderate,At_Risk
0.92,165.0,28.0,250.0,5.14,17.3,Low,None,Male,No,Unhealthy,At_Risk
0.92,206.0,110.0,184.0,4.12,24.5,Moderate,Painkiller,Female,No,Moderate,At_Risk
0.28,232.0,46.0,321.0,5.22,33.0,None,None,Female,No,Moderate,At_Risk
3.71,259.0,116.0,72.0,2.62,25.0,None,None,Female,Occasional,Healthy,Diseased
3.35,92.0,101.0,136.0,3.69,35.9,Moderate,None,Male,Yes,Moderate,Diseased
2.43,249.0,194.0,80.0,5.34,39.8,Low,Antibiotics,Female,No,Healthy,Diseased
4.24,272.0,225.0,170.0,3.25,28.2,None,Herbal,Female,No,Moderate,Diseased
4.05,198.0,37.0,118.0,5.32,42.1,None,None,Male,Occasional,Healthy,At_Risk
2.97,299.0,45.0,183.0,5.36,18.3,Low,None,Male,Yes,Moderate,Diseased
4.35,67.0,27.0,364.0,5.15,40.4,None,Steroids,Female,No,Healthy,At_Risk
1.11,18.0,205.0,195.0,,40.0,Moderate,Herbal,Male,No,Moderate,At_Risk
0.65,124.0,87.0,382.0,4.44,25.3,Moderate,None,Male,No,Moderate,At_Risk
1.42,219.0,176.0,312.0,5.11,24.7,Low,Painkiller,Male,No,Healthy,At_Risk
0.38,50.0,99.0,342.0,4.83,24.8,High,None,Male,Yes,Healthy,Diseased
2.7,182.0,273.0,135.0,4.39,39.5,Low,None,Male,No,Healthy,Diseased
4.69,,217.0,65.0,5.45,40.1,None,Antibiotics,Female,Occasional,Moderate,Diseased
0.29,290.0,221.0,265.0,4.56,25.6,Moderate,Multiple,Male,No,Moderate,At_Risk
0.7,87.0,280.0,165.0,5.43,33.2,Low,Steroids,Male,No,Moderate,At_Risk
2.32,117.0,272.0,167.0,2.67,20.0,None,Multiple,Male,No,Moderate,Diseased
4.68,290.0,282.0,319.0,2.92,29.6,None,Painkiller,Female,No,Moderate,Diseased
1.65,,223.0,392.0,3.85,45.0,Low,Herbal,Female,No,Moderate,At_Risk
2.59,128.0,73.0,211.0,3.65,20.6,None,None,Female,No,Healthy,At_Risk
0.3,36.0,21.0,237.0,4.85,43.5,Moderate,,Female,Occasional,Moderate,Healthy
0.83,113.0,219.0,153.0,2.98,39.9,Moderate,Steroids,Female,No,Healthy,Diseased
4.93,83.0,183.0,190.0,5.43,44.2,Low,Painkiller,Male,No,Moderate,Diseased
4.83,200.0,265.0,216.0,3.45,21.2,Low,Painkiller,,No,Moderate,Diseased
0.12,156.0,110.0,349.0,3.79,22.2,Low,Steroids,Male,No,Moderate,At_Risk
4.76,264.0,25.0,77.0,3.32,16.5,None,Painkiller,Male,No,Healthy,At_Risk
3.23,293.0,206.0,321.0,4.24,37.0,None,Antibiotics,Male,No,Healthy,Diseased
4.35,222.0,267.0,99.0,2.68,34.7,None,None,Female,No,Healthy,Diseased
,132.0,253.0,,2.95,21.2,None,Herbal,Male,Occasional,Moderate,Diseased
2.63,215.0,258.0,373.0,4.74,38.9,Low,Painkiller,Female,No,Moderate,Diseased
2.5,249.0,114.0,397.0,3.06,24.7,Moderate,Antibiotics,Female,Yes,Healthy,Diseased
3.37,295.0,191.0,170.0,3.21,19.9,Low,None,Female,No,Moderate,Diseased
0.78,31.0,164.0,189.0,4.88,28.3,High,Herbal,Male,No,Healthy,At_Risk
0.25,268.0,296.0,65.0,2.78,18.6,Moderate,Antibiotics,Female,No,Moderate,At_Risk
1.61,114.0,178.0,358.0,3.81,23.6,High,None,Female,No,Moderate,Diseased
3.55,267.0,56.0,98.0,2.57,26.8,Moderate,None,,No,Moderate,At_Risk
1.09,213.0,52.0,213.0,3.54,40.7,Low,None,Female,No,Unhealthy,At_Risk
3.4,271.0,230.0,111.0,4.6,39.0,,Antibiotics,Female,Occasional,Healthy,Diseased
4.85,116.0,10.0,389.0,2.77,28.8,,Antibiotics,Male,Yes,Healthy,Diseased
,260.0,209.0,203.0,5.17,37.0,Moderate,None,Male,No,Moderate,At_Risk
,230.0,153.0,,5.23,32.5,,Steroids,Male,No,,Diseased
2.27,231.0,37.0,395.0,2.81,25.9,Low,Herbal,Female,No,Unhealthy,Diseased
4.35,267.0,287.0,199.0,5.47,37.1,Moderate,None,Male,No,,Diseased
0.97,210.0,50.0,122.0,3.39,,Low,Painkiller,,Yes,Healthy,Diseased
3.49,267.0,156.0,118.0,2.75,34.0,Low,Antibiotics,Female,Occasional,Moderate,Diseased
4.21,234.0,187.0,226.0,2.52,33.9,Low,Antibiotics,Male,No,Healthy,Diseased
4.73,211.0,176.0,51.0,3.73,35.8,Moderate,None,Female,No,Healthy,Diseased
3.45,,,358.0,4.39,27.2,Moderate,None,Female,No,Unhealthy,Diseased
2.54,245.0,83.0,168.0,3.5,41.2,Moderate,None,Male,,Healthy,Diseased
3.13,192.0,248.0,56.0,5.01,20.7,Moderate,Antibiotics,Male,No,,Diseased
4.36,209.0,258.0,304.0,4.65,41.6,None,Antibiotics,Female,Occasional,Healthy,Diseased
2.9,255.0,272.0,124.0,3.55,25.9,High,None,Other,Yes,Healthy,Diseased
0.25,120.0,261.0,244.0,,19.6,None,Painkiller,Female,Occasional,Healthy,At_Risk
4.66,15.0,120.0,236.0,5.32,,Moderate,Painkiller,Male,No,Healthy,At_Risk
3.48,245.0,189.0,52.0,2.78,26.9,None,Herbal,Male,No,Healthy,Diseased
3.41,136.0,197.0,233.0,3.42,39.6,Low,None,Male,Yes,Unhealthy,Diseased
1.16,113.0,216.0,384.0,3.89,28.5,Moderate,Antibiotics,Female,Yes,Moderate,Diseased
3.33,246.0,243.0,322.0,3.99,35.4,Low,Herbal,Male,No,Moderate,Diseased
2.03,164.0,33.0,101.0,4.13,24.9,Low,Herbal,Male,Occasional,Healthy,At_Risk
3.29,266.0,35.0,312.0,3.4,,Moderate,Steroids,Female,Occasional,Healthy,At_Risk
0.62,244.0,227.0,182.0,4.5,27.3,,None,Male,No,Moderate,At_Risk
3.32,298.0,19.0,274.0,4.44,33.6,None,Herbal,Male,No,Moderate,At_Risk
5.0,49.0,26.0,359.0,4.23,35.1,Low,Steroids,Female,No,Healthy,At_Risk
0.34,297.0,254.0,110.0,2.84,32.8,,Steroids,Female,Occasional,Healthy,Diseased
4.89,206.0,215.0,65.0,3.93,44.7,Moderate,None,Female,Yes,Healthy,Diseased
2.09,282.0,267.0,278.0,3.57,36.0,None,None,Female,No,Healthy,Diseased
4.37,273.0,121.0,244.0,3.97,43.0,Low,Steroids,Female,No,Moderate,Diseased
3.93,66.0,214.0,300.0,5.27,19.4,Low,Multiple,Female,No,Healthy,At_Risk
2.88,107.0,36.0,352.0,3.94,17.8,None,Herbal,Female,No,Healthy,At_Risk
3.72,146.0,80.0,97.0,2.54,25.0,Low,Herbal,Female,No,Moderate,At_Risk
4.4,96.0,185.0,284.0,3.82,20.0,Low,Antibiotics,Female,Yes,Healthy,Diseased
2.08,251.0,211.0,170.0,4.96,31.3,High,Painkiller,Female,Yes,Moderate,Diseased
1.7,208.0,257.0,369.0,4.84,31.1,Moderate,Steroids,Female,No,Unhealthy,Diseased
3.37,93.0,127.0,99.0,4.04,32.7,Moderate,Steroids,Male,Yes,Healthy,Diseased
4.06,251.0,18.0,90.0,3.25,37.6,Low,Steroids,Male,No,Moderate,Diseased
3.84,290.0,95.0,71.0,3.9,44.2,Low,Multiple,Female,No,Moderate,Diseased
4.01,261.0,32.0,231.0,4.19,41.5,None,Painkiller,Male,Yes,Healthy,Diseased
2.23,199.0,249.0,54.0,5.5,19.4,Low,None,Male,No,Moderate,Diseased
4.11,161.0,82.0,194.0,4.43,25.8,Moderate,Multiple,Female,No,Moderate,Diseased
0.69,287.0,36.0,127.0,4.58,23.4,Low,None,Male,No,Moderate,Healthy
2.77,148.0,90.0,280.0,3.97,21.1,Low,Steroids,Female,No,Unhealthy,Diseased
0.13,185.0,93.0,346.0,3.56,31.8,None,Herbal,Female,Yes,Healthy,Diseased
1.69,17.0,208.0,397.0,4.94,32.0,None,Painkiller,Male,No,Moderate,At_Risk
1.9,244.0,52.0,258.0,3.98,22.6,,Herbal,Male,No,Moderate,Healthy
2.04,172.0,272.0,212.0,5.48,36.6,Low,Painkiller,Male,Yes,Healthy,Diseased
3.51,58.0,101.0,217.0,3.87,37.3,Low,Herbal,Male,No,Unhealthy,Diseased
2.0,47.0,93.0,327.0,2.7,16.6,Low,None,Male,No,Healthy,At_Risk
2.3,145.0,144.0,286.0,,27.5,Low,Steroids,Male,No,Moderate,Diseased
1.26,228.0,290.0,225.0,2.64,41.8,Moderate,Steroids,Female,Occasional,Moderate,Diseased
1.93,43.0,68.0,102.0,3.25,31.1,Moderate,Painkiller,Male,Yes,Moderate,At_Risk
1.21,88.0,250.0,398.0,3.56,26.1,Moderate,Steroids,Female,No,Healthy,At_Risk
0.46,245.0,107.0,59.0,4.72,,Low,Multiple,Female,Yes,Healthy,Diseased
3.06,282.0,71.0,195.0,3.98,23.1,Low,Steroids,Male,No,Healthy,At_Risk
3.37,170.0,273.0,276.0,2.59,18.9,High,Multiple,Male,No,Moderate,Diseased
3.14,184.0,122.0,285.0,4.35,39.7,None,Painkiller,Male,Yes,Healthy,Diseased
2.37,230.0,155.0,291.0,3.73,18.5,None,Antibiotics,Female,No,Moderate,Diseased
1.96,18.0,225.0,354.0,5.27,24.5,Low,None,Female,Yes,Healthy,At_Risk
4.33,298.0,265.0,120.0,,17.3,Low,Multiple,Male,No,Healthy,Diseased
2.64,122.0,267.0,207.0,4.63,38.7,None,None,Female,No,,Diseased
2.45,214.0,203.0,68.0,3.16,17.1,Moderate,Painkiller,Female,No,Moderate,Diseased
0.23,195.0,23.0,104.0,4.78,24.9,Low,None,Female,No,Moderate,Healthy
1.77,206.0,112.0,264.0,4.66,32.6,Low,Painkiller,Female,No,Healthy,At_Risk
1.96,275.0,254.0,258.0,5.21,27.9,Low,Multiple,Male,No,Healthy,At_Risk
2.05,271.0,254.0,70.0,2.6,24.2,Low,Painkiller,Male,Yes,Unhealthy,Diseased
2.94,257.0,277.0,331.0,3.84,24.0,None,Multiple,Female,No,Healthy,Diseased
2.71,124.0,233.0,298.0,4.54,39.1,None,Painkiller,Female,No,Moderate,Diseased
3.08,130.0,229.0,77.0,2.79,44.2,None,Herbal,Female,No,Moderate,Diseased
3.85,150.0,226.0,345.0,3.73,26.1,Moderate,Antibiotics,Male,No,Healthy,Diseased
4.08,74.0,13.0,260.0,5.33,17.1,Low,Painkiller,Female,Yes,Moderate,At_Risk
3.62,285.0,45.0,334.0,3.81,17.1,Low,Painkiller,Female,No,Unhealthy,At_Risk
4.78,248.0,187.0,69.0,5.46,38.0,Low,Painkiller,Male,Occasional,Unhealthy,Diseased
0.19,19.0,266.0,69.0,2.67,32.0,Low,None,,Yes,Moderate,Diseased
1.06,242.0,26.0,379.0,4.65,38.7,None,None,Female,No,Moderate,At_Risk
0.14,204.0,208.0,169.0,4.24,36.2,None,None,Male,Occasional,Healthy,At_Risk
3.27,21.0,57.0,146.0,4.0,42.3,Moderate,Painkiller,Male,Yes,Healthy,At_Risk
4.5,186.0,71.0,,5.41,41.7,Low,Antibiotics,Male,Occasional,Healthy,At_Risk
,186.0,,74.0,2.89,38.9,Moderate,Painkiller,Female,No,Unhealthy,At_Risk
4.64,226.0,156.0,202.0,5.19,29.8,Low,Steroids,Female,No,Healthy,Diseased
0.4,20.0,171.0,294.0,4.57,24.9,Moderate,Multiple,Male,No,Healthy,Healthy
4.68,127.0,236.0,309.0,3.28,30.7,Low,Painkiller,Female,No,Moderate,Diseased
1.82,173.0,239.0,53.0,5.21,30.6,None,Painkiller,Female,Occasional,Moderate,At_Risk
0.6,48.0,187.0,192.0,3.79,33.7,Moderate,None,Male,Yes,Healthy,At_Risk
2.48,62.0,65.0,331.0,4.94,21.4,None,Painkiller,Female,Yes,Healthy,At_Risk
1.36,227.0,87.0,384.0,3.67,35.0,None,Steroids,Female,Occasional,Moderate,At_Risk
1.5,215.0,279.0,395.0,,29.2,None,None,Female,Occasional,Moderate,At_Risk
1.61,65.0,215.0,269.0,4.41,34.0,Moderate,None,Male,No,Moderate,At_Risk
4.03,127.0,290.0,376.0,2.92,22.9,Moderate,Painkiller,Female,Yes,Healthy,Diseased
2.74,262.0,237.0,209.0,4.45,28.6,Moderate,Herbal,Male,No,Moderate,Diseased
1.63,295.0,248.0,125.0,3.07,22.1,High,Antibiotics,Male,No,Moderate,Diseased
3.09,277.0,297.0,148.0,3.74,41.4,None,Multiple,Female,Occasional,,Diseased
3.61,189.0,91.0,229.0,3.01,30.2,Low,Multiple,Female,Occasional,Healthy,Diseased
1.44,244.0,259.0,176.0,2.57,22.5,Low,None,Female,Yes,Unhealthy,Diseased
2.13,205.0,202.0,81.0,3.14,17.2,High,None,Male,No,Moderate,Diseased
0.7,89.0,115.0,314.0,4.11,35.6,None,Painkiller,,Yes,Healthy,Diseased
0.99,144.0,198.0,383.0,3.94,22.2,High,Antibiotics,Female,No,Healthy,Diseased
3.44,31.0,285.0,62.0,4.0,44.7,None,Antibiotics,Male,No,Moderate,At_Risk
0.99,234.0,83.0,388.0,3.24,31.5,,None,Male,No,Moderate,Diseased
2.67,67.0,,251.0,4.56,24.4,Low,None,Female,No,Unhealthy,At_Risk
3.57,102.0,132.0,67.0,4.61,35.1,Moderate,None,Female,No,,Diseased
0.62,201.0,225.0,142.0,3.57,24.0,None,Herbal,Female,Yes,Healthy,Diseased
2.88,112.0,299.0,329.0,5.14,39.8,None,Multiple,Male,No,Moderate,Diseased
1.36,16.0,49.0,365.0,4.43,24.9,None,None,Male,Yes,Healthy,Healthy
4.82,137.0,202.0,109.0,4.64,44.7,Low,None,Female,No,Healthy,Diseased
2.47,64.0,136.0,263.0,3.33,33.5,Low,None,Female,No,Healthy,Diseased
4.05,240.0,298.0,149.0,2.5,40.5,High,Herbal,Other,No,Healthy,Diseased
2.8,71.0,80.0,50.0,5.1,18.1,Low,Multiple,Female,Yes,Unhealthy,At_Risk
0.31,249.0,146.0,92.0,4.97,26.1,None,,Female,Yes,Moderate,Diseased
3.2,99.0,153.0,360.0,2.87,37.4,None,Painkiller,Male,No,Healthy,Diseased
4.76,,278.0,,3.62,35.0,None,Painkiller,,No,Moderate,Diseased
3.05,242.0,148.0,241.0,4.48,21.6,Moderate,Antibiotics,Male,Yes,Moderate,Diseased
4.11,161.0,61.0,83.0,4.46,26.3,Moderate,Steroids,Female,No,Unhealthy,At_Risk
4.43,,26.0,,5.08,23.6,High,Antibiotics,Male,No,Unhealthy,Diseased
1.22,139.0,174.0,225.0,2.92,33.8,Low,Multiple,Male,No,Healthy,Diseased
1.14,150.0,22.0,,3.79,26.0,None,None,Female,No,Unhealthy,At_Risk
,102.0,199.0,207.0,2.79,25.0,None,Herbal,Male,No,Healthy,Diseased
2.11,123.0,273.0,294.0,3.67,22.0,Low,Painkiller,Male,No,Healthy,Diseased
4.22,293.0,230.0,389.0,2.55,27.9,High,Painkiller,Female,No,Healthy,Diseased
4.51,152.0,113.0,395.0,5.19,21.7,None,,Female,No,Healthy,Diseased
1.83,232.0,207.0,384.0,4.08,43.9,None,Multiple,Male,No,Unhealthy,Diseased
1.26,241.0,178.0,120.0,5.05,20.5,Moderate,Steroids,Female,Occasional,Moderate,At_Risk
3.92,42.0,158.0,376.0,2.68,42.5,Moderate,Herbal,Male,No,Moderate,Diseased
1.45,285.0,258.0,163.0,3.18,28.4,None,Herbal,Female,No,Unhealthy,Diseased
4.13,179.0,265.0,334.0,3.28,27.0,Moderate,Painkiller,Female,No,Healthy,Diseased
2.18,149.0,,192.0,3.66,22.7,None,Herbal,Male,No,Healthy,At_Risk
3.37,210.0,211.0,146.0,4.91,34.4,High,Herbal,Female,Yes,Moderate,Diseased
0.57,32.0,253.0,358.0,3.66,35.9,,Antibiotics,Male,No,Unhealthy,At_Risk
3.16,233.0,166.0,369.0,3.11,29.6,None,Antibiotics,Male,Occasional,Unhealthy,Diseased
2.31,,295.0,261.0,2.69,17.6,None,Herbal,Female,Yes,Healthy,Diseased
2.97,162.0,291.0,366.0,2.74,42.6,None,Herbal,Male,Occasional,Unhealthy,Diseased
0.92,94.0,247.0,234.0,4.78,44.4,Low,Painkiller,Male,No,Unhealthy,Diseased
3.71,118.0,28.0,254.0,3.83,28.5,Moderate,Herbal,Male,No,Healthy,At_Risk
4.33,40.0,62.0,265.0,4.68,33.8,Low,Herbal,Male,No,Moderate,At_Risk
1.16,238.0,94.0,295.0,4.55,29.1,Moderate,None,Female,Yes,Healthy,Diseased
0.57,249.0,282.0,288.0,2.91,25.3,Low,Steroids,Female,No,Moderate,At_Risk
0.22,150.0,222.0,342.0,2.93,18.2,None,None,Female,Yes,Unhealthy,Diseased
3.25,165.0,113.0,57.0,4.77,29.2,High,None,Male,No,Moderate,Diseased
3.07,108.0,201.0,127.0,4.66,39.7,Moderate,Antibiotics,Female,No,Moderate,Diseased
2.78,56.0,186.0,373.0,3.63,16.5,None,Multiple,Male,No,Unhealthy,At_Risk
1.24,76.0,156.0,326.0,2.73,32.9,Low,None,Male,No,Healthy,At_Risk
2.02,71.0,90.0,251.0,2.54,41.5,Low,Herbal,Male,No,Healthy,Diseased
3.01,118.0,202.0,263.0,3.36,22.3,None,Antibiotics,Male,No,Healthy,Diseased
2.53,176.0,46.0,143.0,2.53,21.3,Low,Herbal,Female,No,Moderate,At_Risk
4.94,46.0,163.0,124.0,3.19,38.4,Low,Herbal,Female,Yes,Unhealthy,Diseased
0.77,128.0,139.0,206.0,3.76,23.4,None,Herbal,Female,No,Moderate,At_Risk
3.51,95.0,68.0,202.0,2.86,21.6,None,Herbal,Female,No,Unhealthy,Diseased
2.08,61.0,233.0,191.0,2.81,27.0,Moderate,Herbal,Male,No,Moderate,At_Risk
2.2,100.0,258.0,127.0,5.19,27.4,None,None,Female,Occasional,Moderate,Diseased
3.62,298.0,,371.0,4.26,41.3,None,Painkiller,Female,No,Moderate,Diseased
3.49,213.0,296.0,231.0,5.3,33.9,,,Female,Occasional,Unhealthy,Diseased
4.96,247.0,213.0,244.0,3.54,27.8,Moderate,Steroids,Male,No,Healthy,Diseased
0.73,164.0,108.0,207.0,4.53,31.5,None,None,Female,Occasional,Healthy,At_Risk
0.61,249.0,185.0,195.0,3.11,43.7,Moderate,None,,No,Healthy,Diseased
3.65,145.0,271.0,103.0,4.36,19.3,Moderate,Herbal,Male,No,Unhealthy,Diseased
2.93,73.0,280.0,,2.89,22.0,None,Steroids,Other,Yes,Unhealthy,Diseased
1.44,132.0,152.0,358.0,2.51,43.9,Low,Herbal,Male,Occasional,Healthy,Diseased
0.49,263.0,198.0,132.0,5.29,43.8,Moderate,None,Male,,Unhealthy,Diseased
0.52,123.0,281.0,205.0,4.16,21.1,None,Painkiller,Female,No,Moderate,At_Risk
4.48,29.0,,53.0,5.28,20.2,Low,None,Male,No,Moderate,Healthy
1.04,25.0,55.0,360.0,3.5,28.2,Moderate,None,Female,No,Unhealthy,Healthy
1.68,154.0,104.0,320.0,3.48,17.4,Low,None,Male,No,Moderate,At_Risk
1.21,217.0,73.0,113.0,3.7,35.0,Low,Painkiller,Male,No,Moderate,At_Risk
1.84,28.0,140.0,161.0,4.62,18.2,Low,,Female,No,Healthy,Healthy
0.44,175.0,18.0,288.0,4.2,17.7,None,Antibiotics,Male,No,Healthy,Healthy
2.64,47.0,212.0,193.0,5.28,30.1,Low,Painkiller,,Yes,Moderate,Diseased
0.43,190.0,183.0,69.0,2.58,43.8,Low,None,Female,No,Healthy,Diseased
4.02,114.0,82.0,113.0,4.62,28.4,Moderate,Steroids,Male,No,Moderate,Diseased
1.25,,93.0,338.0,3.49,26.3,Moderate,Steroids,Female,,Moderate,At_Risk
2.75,99.0,68.0,130.0,3.04,44.9,Low,Herbal,Female,No,Moderate,Diseased
4.41,88.0,30.0,246.0,4.03,31.4,High,Painkiller,Female,No,Moderate,Diseased
3.29,82.0,166.0,118.0,4.02,26.9,None,Multiple,Female,No,Unhealthy,Diseased
2.71,185.0,70.0,235.0,2.91,27.2,None,Multiple,Female,Occasional,Healthy,At_Risk
1.69,105.0,73.0,216.0,3.11,21.7,None,Antibiotics,Male,No,Moderate,At_Risk
1.73,112.0,177.0,254.0,3.72,30.9,None,Painkiller,Male,No,Unhealthy,Diseased
3.38,233.0,212.0,213.0,3.73,28.7,Low,None,Female,No,Healthy,Diseased
4.97,15.0,138.0,143.0,3.45,23.9,None,Steroids,Female,No,Healthy,At_Risk
3.34,131.0,254.0,298.0,2.95,20.7,None,Antibiotics,Male,No,Moderate,Diseased
2.83,245.0,115.0,117.0,2.51,25.0,None,Multiple,Male,No,Moderate,Diseased
3.68,125.0,131.0,392.0,5.41,30.8,Moderate,Antibiotics,Female,No,,Diseased
2.38,172.0,191.0,70.0,5.33,17.7,Moderate,Multiple,Female,Yes,Moderate,Diseased
0.39,235.0,112.0,368.0,3.95,20.5,Moderate,Herbal,Male,Yes,Moderate,Diseased
2.86,239.0,270.0,134.0,5.49,43.5,None,Multiple,Female,No,Moderate,Diseased
4.79,191.0,122.0,73.0,4.52,31.7,Low,Painkiller,Female,Yes,Moderate,Diseased
0.96,258.0,79.0,160.0,2.71,17.8,None,None,Female,No,Moderate,At_Risk
3.48,219.0,169.0,132.0,2.85,36.1,None,Herbal,Male,No,Moderate,Diseased
1.08,153.0,249.0,127.0,5.25,17.8,,Herbal,Female,No,Moderate,At_Risk
2.73,105.0,20.0,189.0,4.39,37.4,Low,None,Male,No,Moderate,At_Risk
0.57,253.0,147.0,320.0,5.03,37.7,None,Herbal,Female,No,Moderate,At_Risk
2.31,95.0,176.0,388.0,5.19,34.9,Low,Antibiotics,Male,Yes,Unhealthy,Diseased
3.81,193.0,256.0,218.0,3.84,37.2,None,None,Female,Yes,,Diseased
1.8,130.0,40.0,246.0,2.65,18.6,Low,Antibiotics,Male,Occasional,Moderate,At_Risk
3.36,101.0,21.0,311.0,3.06,37.1,Low,Multiple,Female,No,Healthy,Diseased
4.0,79.0,252.0,264.0,2.7,20.0,None,Antibiotics,Female,,Unhealthy,Diseased
4.64,142.0,117.0,116.0,3.07,25.8,High,Herbal,Other,No,Moderate,Diseased
1.25,288.0,203.0,278.0,3.73,43.3,Low,,Male,Occasional,Moderate,At_Risk
2.06,146.0,142.0,210.0,2.85,30.6,Moderate,Steroids,Male,Yes,Moderate,Diseased
0.85,196.0,290.0,171.0,3.0,44.1,Moderate,Multiple,Male,Yes,Healthy,Diseased
4.96,230.0,172.0,198.0,3.84,18.6,Moderate,Painkiller,Male,No,Moderate,Diseased
4.64,55.0,287.0,389.0,3.52,29.8,Low,Painkiller,Male,No,Healthy,At_Risk
2.75,287.0,212.0,242.0,,17.8,None,Antibiotics,Female,No,Healthy,Diseased
4.23,201.0,105.0,280.0,3.79,34.3,Low,Multiple,Female,Yes,Healthy,Diseased
2.65,17.0,232.0,160.0,4.43,18.3,Low,None,Male,Yes,Healthy,Diseased
3.16,285.0,246.0,194.0,5.31,21.1,None,Painkiller,Male,No,Healthy,Diseased
0.54,188.0,126.0,270.0,2.82,23.5,Low,None,Female,No,Moderate,At_Risk
3.8,48.0,201.0,113.0,2.8,37.7,Moderate,Painkiller,Male,Yes,Moderate,Diseased
0.73,187.0,285.0,175.0,5.06,20.8,High,Antibiotics,Female,No,Healthy,Diseased
4.15,171.0,115.0,267.0,4.02,40.6,Low,Multiple,Male,Occasional,Moderate,Diseased
3.93,113.0,13.0,333.0,4.8,19.8,Low,Painkiller,Male,No,Moderate,At_Risk
3.57,170.0,27.0,285.0,3.15,17.0,Moderate,Antibiotics,Male,No,Healthy,At_Risk
0.28,296.0,29.0,62.0,4.99,27.5,None,Herbal,Male,Yes,Healthy,At_Risk
1.59,132.0,131.0,202.0,5.27,44.4,None,Painkiller,Female,Yes,Healthy,Diseased
1.39,63.0,146.0,288.0,4.41,19.2,None,Steroids,Male,No,Unhealthy,At_Risk
1.86,43.0,89.0,239.0,2.82,18.9,Moderate,Herbal,Female,Occasional,Unhealthy,At_Risk
0.53,251.0,163.0,,5.19,37.8,None,Painkiller,Male,Occasional,Moderate,At_Risk
4.69,122.0,34.0,135.0,4.88,25.1,None,None,Female,No,Moderate,At_Risk
,32.0,178.0,70.0,4.75,36.8,Low,Antibiotics,Female,No,Moderate,At_Risk
1.6,55.0,68.0,231.0,2.61,21.8,Moderate,Painkiller,Female,No,Healthy,Healthy
2.05,144.0,50.0,368.0,4.9,29.3,High,None,,No,Unhealthy,Diseased
2.29,127.0,47.0,207.0,,23.7,Low,Multiple,Female,Occasional,Healthy,At_Risk
3.04,198.0,126.0,125.0,3.17,29.1,High,Antibiotics,Male,No,Moderate,Diseased
2.63,140.0,284.0,378.0,4.23,38.3,None,Herbal,Male,No,Moderate,Diseased
4.61,221.0,279.0,252.0,3.29,38.1,None,None,Female,Occasional,Moderate,Diseased
2.54,122.0,136.0,278.0,4.48,31.0,High,Multiple,,No,Moderate,Diseased
4.96,53.0,12.0,201.0,4.32,42.9,Low,Herbal,Male,Yes,Moderate,At_Risk
4.27,137.0,25.0,312.0,2.82,23.6,None,Herbal,Female,No,Healthy,At_Risk
1.12,167.0,274.0,121.0,4.47,23.0,Low,Painkiller,Male,Occasional,Healthy,At_Risk
4.66,282.0,248.0,274.0,5.27,33.8,Moderate,Painkiller,Male,Yes,Unhealthy,Diseased
0.67,54.0,272.0,180.0,2.98,34.0,Moderate,Antibiotics,Female,Occasional,Moderate,At_Risk
4.11,117.0,143.0,77.0,,17.3,Moderate,Herbal,Female,Occasional,Unhealthy,Diseased
1.97,228.0,222.0,348.0,3.53,,,Herbal,Male,No,Moderate,At_Risk
4.4,186.0,24.0,146.0,3.88,26.9,Moderate,None,Female,No,Moderate,At_Risk
4.35,237.0,138.0,95.0,3.36,37.7,Low,Multiple,Female,Yes,Moderate,Diseased
4.05,200.0,131.0,50.0,3.56,39.4,Low,Multiple,Female,Yes,Healthy,Diseased
3.97,169.0,250.0,215.0,2.59,32.0,Moderate,Antibiotics,Male,No,,Diseased
1.59,276.0,124.0,294.0,5.44,16.0,Low,None,Male,Occasional,Unhealthy,At_Risk
0.5,199.0,206.0,268.0,4.37,34.5,None,,Female,No,Unhealthy,Diseased
2.07,184.0,231.0,151.0,4.0,,Low,Antibiotics,Female,Occasional,Moderate,Diseased
0.95,299.0,223.0,340.0,3.65,23.2,Low,Herbal,Female,No,Moderate,At_Risk
3.51,154.0,89.0,253.0,4.12,29.5,None,Herbal,Female,No,Unhealthy,Diseased
1.8,241.0,272.0,,3.64,44.0,None,None,Male,No,Moderate,At_Risk
4.88,213.0,,103.0,3.58,24.6,None,Antibiotics,Female,No,Unhealthy,Diseased
3.24,222.0,251.0,329.0,3.89,22.5,None,Painkiller,Male,No,Moderate,Diseased
4.13,49.0,279.0,327.0,3.33,22.1,Moderate,,Male,No,Unhealthy,Diseased
0.75,284.0,296.0,65.0,3.04,32.2,None,None,Male,No,Healthy,Diseased
4.32,91.0,59.0,62.0,4.17,43.5,None,None,Female,Yes,Moderate,Diseased
4.62,190.0,198.0,367.0,5.03,33.7,,Herbal,Male,No,Healthy,Diseased
2.49,92.0,23.0,136.0,2.96,24.8,,None,Male,No,Moderate,At_Risk
3.07,271.0,241.0,127.0,2.6,34.5,None,Steroids,Male,Occasional,Moderate,Diseased
3.85,281.0,270.0,116.0,3.24,34.1,None,Painkiller,Male,Yes,Healthy,Diseased
0.96,209.0,201.0,396.0,5.44,33.3,High,Antibiotics,Male,No,Moderate,Diseased
2.56,249.0,212.0,260.0,4.99,20.6,Low,Antibiotics,Female,Yes,Healthy,Diseased
2.05,189.0,,263.0,4.29,34.4,High,Painkiller,Male,Occasional,Healthy,Diseased
0.82,180.0,122.0,234.0,5.29,28.5,None,Multiple,Male,Occasional,Healthy,At_Risk
1.9,186.0,45.0,82.0,3.84,16.5,None,None,Female,Yes,Moderate,At_Risk
0.43,246.0,88.0,164.0,5.45,31.7,None,Painkiller,Female,Yes,Healthy,Diseased
0.23,147.0,,324.0,3.39,44.7,None,Painkiller,Female,No,Healthy,Diseased
0.76,138.0,287.0,247.0,3.22,26.1,Moderate,Antibiotics,Male,Yes,Healthy,Diseased
4.82,58.0,171.0,192.0,4.41,44.0,High,Painkiller,Female,Yes,Healthy,Diseased
2.79,173.0,26.0,277.0,3.63,18.8,High,None,Male,No,Healthy,Diseased
4.83,286.0,213.0,169.0,4.38,37.2,Moderate,Multiple,Female,No,Moderate,Diseased
2.22,125.0,26.0,73.0,3.41,19.3,Moderate,Painkiller,Male,No,Moderate,At_Risk
1.63,33.0,211.0,76.0,4.35,23.9,Moderate,Painkiller,Male,Yes,Unhealthy,At_Risk
,34.0,219.0,,3.33,32.6,Moderate,Painkiller,Female,No,Healthy,Diseased
2.25,136.0,87.0,290.0,2.65,33.2,None,None,Male,No,Unhealthy,Diseased
0.62,243.0,65.0,72.0,5.24,38.5,Low,None,Male,Occasional,Healthy,At_Risk
3.24,218.0,89.0,210.0,5.15,33.8,Low,,Female,No,Healthy,Diseased
1.16,102.0,67.0,90.0,5.41,33.2,Moderate,None,Female,Occasional,Healthy,At_Risk
3.14,103.0,27.0,287.0,,42.5,Moderate,None,Female,No,Healthy,At_Risk
3.29,234.0,217.0,288.0,4.55,29.1,Moderate,Painkiller,Female,No,Moderate,Diseased
0.84,289.0,144.0,105.0,,22.5,Low,Antibiotics,Female,No,Moderate,At_Risk
0.4,20.0,19.0,147.0,2.88,20.7,Moderate,Antibiotics,Female,No,Unhealthy,Healthy
3.93,21.0,78.0,195.0,3.07,27.6,High,None,Female,No,Unhealthy,Diseased
2.35,44.0,92.0,311.0,3.37,36.7,None,Multiple,Female,Yes,Moderate,Diseased
0.39,237.0,118.0,89.0,5.17,17.2,High,Herbal,,Yes,Moderate,Diseased
4.97,229.0,53.0,242.0,3.02,19.7,Low,Multiple,Male,Occasional,Moderate,At_Risk
0.38,150.0,141.0,288.0,5.27,19.1,Low,Painkiller,Female,No,Unhealthy,At_Risk
3.51,32.0,27.0,91.0,4.07,33.0,Moderate,Steroids,Male,No,Moderate,At_Risk
4.92,92.0,102.0,271.0,4.65,23.0,Low,None,Female,No,Healthy,Diseased
1.27,238.0,157.0,245.0,2.83,20.8,Low,Herbal,Male,No,Moderate,At_Risk
0.8,89.0,181.0,337.0,3.31,33.2,Low,None,Female,Yes,Moderate,Diseased
0.69,299.0,60.0,59.0,5.38,38.1,None,Painkiller,Male,No,Moderate,At_Risk
1.59,168.0,28.0,284.0,3.3,25.6,Low,Painkiller,Female,Occasional,Unhealthy,At_Risk
0.6,137.0,129.0,374.0,3.39,32.8,None,Antibiotics,Male,Yes,Moderate,Diseased
3.49,199.0,234.0,314.0,3.09,18.8,High,Antibiotics,Male,Yes,Unhealthy,Diseased
,40.0,75.0,118.0,2.89,43.1,None,None,Female,Yes,Unhealthy,At_Risk
2.6,24.0,150.0,188.0,3.2,,Low,Painkiller,Male,No,Healthy,At_Risk
4.98,84.0,198.0,268.0,4.43,44.9,High,,Male,Yes,Healthy,Diseased
4.09,43.0,167.0,245.0,,44.4,High,Herbal,,No,Healthy,Diseased
3.11,205.0,107.0,123.0,4.16,38.6,Moderate,Antibiotics,Female,,Unhealthy,Diseased
1.6,38.0,167.0,152.0,2.87,16.6,Low,Antibiotics,Male,No,Healthy,At_Risk
3.16,203.0,255.0,274.0,4.91,31.8,None,None,Male,No,Moderate,Diseased
2.68,25.0,245.0,172.0,4.85,18.5,Low,None,Female,No,Moderate,At_Risk
2.19,86.0,42.0,151.0,2.56,42.0,None,None,Male,No,Moderate,Diseased
0.74,90.0,250.0,313.0,3.65,38.9,Moderate,Painkiller,Male,No,Healthy,At_Risk
4.44,133.0,284.0,210.0,2.71,44.2,None,Steroids,Female,Yes,Healthy,Diseased
2.3,28.0,80.0,282.0,4.88,33.6,Moderate,Painkiller,Male,,Healthy,At_Risk
,111.0,225.0,324.0,4.71,31.1,Low,None,Female,,Moderate,At_Risk
1.9,86.0,88.0,307.0,5.21,31.1,Low,Painkiller,Female,No,Healthy,At_Risk
2.13,238.0,178.0,360.0,3.21,27.2,Low,None,Female,Yes,Unhealthy,Diseased
4.15,212.0,189.0,188.0,3.87,29.6,Moderate,Herbal,Female,No,Healthy,Diseased
3.69,70.0,125.0,276.0,3.05,34.4,None,None,Female,No,Moderate,Diseased
3.87,35.0,269.0,322.0,3.61,43.1,,Painkiller,Female,No,Unhealthy,Diseased
0.15,80.0,269.0,366.0,4.07,33.3,None,Steroids,Female,Occasional,Moderate,At_Risk
2.14,112.0,14.0,135.0,2.66,40.9,None,None,Male,No,Healthy,Diseased
2.46,166.0,117.0,340.0,4.64,41.0,Low,None,Male,No,Unhealthy,Diseased
0.19,203.0,126.0,266.0,4.13,31.0,None,Antibiotics,Female,No,Healthy,At_Risk
1.37,284.0,22.0,115.0,4.99,26.1,None,,Male,Yes,Healthy,At_Risk
3.83,195.0,151.0,306.0,3.32,34.5,Moderate,Antibiotics,Male,No,Healthy,Diseased
0.77,122.0,197.0,184.0,5.21,28.9,Low,Herbal,Female,Occasional,Healthy,At_Risk
2.72,174.0,290.0,104.0,5.5,18.4,None,Painkiller,Female,No,Moderate,Diseased
1.15,70.0,124.0,292.0,5.26,27.0,None,Painkiller,Male,No,Moderate,Healthy
0.16,101.0,245.0,301.0,4.83,44.8,None,Multiple,Male,No,Moderate,At_Risk
1.28,295.0,19.0,70.0,4.94,17.4,Low,Painkiller,Male,Yes,Healthy,At_Risk
4.88,162.0,208.0,356.0,4.22,36.2,Moderate,Multiple,Female,No,Moderate,Diseased
4.03,234.0,261.0,212.0,3.07,40.4,Low,None,Female,No,Healthy,Diseased
,136.0,59.0,313.0,4.53,34.8,None,Steroids,Male,Occasional,Healthy,At_Risk
2.49,202.0,151.0,117.0,4.64,32.5,Low,Steroids,Female,No,Healthy,Diseased
0.64,124.0,280.0,156.0,5.46,36.5,Low,Herbal,Male,No,Moderate,At_Risk
2.79,271.0,25.0,116.0,4.12,28.5,Low,None,,No,Moderate,At_Risk
2.33,27.0,11.0,,3.31,18.6,Moderate,None,Male,Occasional,Healthy,At_Risk
4.24,19.0,167.0,241.0,4.55,43.9,None,None,Female,Yes,Unhealthy,Diseased
0.58,101.0,39.0,51.0,5.44,28.5,None,Multiple,,Yes,Healthy,At_Risk
2.49,,,306.0,3.03,35.3,Moderate,Painkiller,Male,No,Moderate,Diseased
0.84,61.0,40.0,50.0,3.48,31.4,None,Multiple,Male,No,Healthy,Healthy
1.69,204.0,245.0,164.0,4.13,17.6,None,None,Male,No,Moderate,At_Risk
3.71,215.0,157.0,137.0,3.01,43.6,Moderate,None,Female,No,Moderate,Diseased
2.43,296.0,186.0,246.0,2.57,39.0,Moderate,None,Female,No,Moderate,Diseased
1.94,102.0,44.0,141.0,3.51,20.3,Moderate,Antibiotics,Female,Occasional,Healthy,Healthy
2.03,154.0,32.0,323.0,5.1,44.5,None,Herbal,Male,No,Moderate,At_Risk
2.35,95.0,115.0,393.0,2.63,37.4,Low,Painkiller,Male,Yes,Moderate,Diseased
3.95,162.0,,,3.79,29.7,None,Multiple,Male,No,Moderate,Diseased
4.47,11.0,239.0,222.0,4.79,33.7,Low,None,Male,Yes,Healthy,Diseased
4.78,269.0,236.0,82.0,5.36,19.1,None,Steroids,Male,No,Healthy,Diseased
3.96,173.0,109.0,122.0,5.46,32.3,Moderate,Steroids,Female,No,Healthy,Diseased
1.65,15.0,64.0,245.0,3.77,18.1,None,None,Male,No,Healthy,Healthy
3.47,158.0,204.0,333.0,5.35,31.8,None,None,Female,Occasional,Healthy,Diseased
2.24,214.0,17.0,136.0,2.61,,Low,Painkiller,Female,Occasional,Healthy,Diseased
1.35,127.0,137.0,358.0,4.74,41.4,High,None,Male,No,Moderate,Diseased
4.22,98.0,41.0,273.0,4.43,37.0,Moderate,Multiple,Female,No,Moderate,At_Risk
0.29,163.0,102.0,93.0,3.25,23.2,High,Multiple,Male,No,Moderate,Diseased
4.52,176.0,16.0,385.0,4.02,41.8,Low,Steroids,Male,No,Moderate,At_Risk
2.36,170.0,267.0,187.0,2.89,32.6,None,Steroids,Male,Yes,Moderate,Diseased
3.22,279.0,229.0,319.0,5.11,33.6,None,None,Female,No,Moderate,Diseased
3.33,65.0,249.0,85.0,3.57,20.9,Moderate,,Male,No,Unhealthy,At_Risk
4.49,,115.0,83.0,4.38,40.9,None,Herbal,Female,Yes,Moderate,Diseased
3.22,158.0,45.0,137.0,2.98,43.0,None,,Male,No,Moderate,Diseased
3.11,55.0,54.0,195.0,3.12,38.5,None,Steroids,Male,Yes,Unhealthy,Diseased
0.43,153.0,18.0,65.0,5.48,43.3,Low,Herbal,Male,No,Healthy,At_Risk
2.64,247.0,96.0,282.0,4.76,24.8,None,Painkiller,Female,Yes,Moderate,Diseased
0.84,281.0,186.0,90.0,5.39,41.0,None,None,Female,No,Healthy,At_Risk
,129.0,139.0,304.0,3.39,30.2,Low,Herbal,Female,No,Unhealthy,Diseased
2.61,229.0,204.0,330.0,2.99,20.8,Low,Painkiller,Male,Occasional,Moderate,Diseased
3.43,17.0,20.0,175.0,4.01,35.4,Low,Herbal,Male,No,Moderate,At_Risk
0.3,284.0,131.0,57.0,3.98,35.8,Moderate,Painkiller,Female,Occasional,Moderate,At_Risk
0.52,75.0,244.0,399.0,3.02,24.3,None,None,Male,Yes,,At_Risk
3.61,88.0,40.0,389.0,4.7,16.8,Moderate,None,Male,Occasional,Moderate,At_Risk
0.45,95.0,233.0,373.0,3.59,21.8,None,Steroids,Male,No,Unhealthy,At_Risk
0.45,133.0,162.0,225.0,3.06,27.6,Low,Antibiotics,Female,,Moderate,At_Risk
0.16,211.0,221.0,277.0,3.5,20.9,Low,Painkiller,Female,Yes,Unhealthy,Diseased
4.79,159.0,101.0,,4.19,21.6,High,Painkiller,Male,Yes,Moderate,Diseased
3.71,55.0,138.0,67.0,4.68,27.4,Low,Antibiotics,Female,Yes,Moderate,Diseased
1.83,122.0,206.0,105.0,3.95,43.9,None,None,Female,No,Healthy,At_Risk
1.55,100.0,51.0,84.0,4.08,38.2,Low,Painkiller,Male,Occasional,Healthy,At_Risk
1.81,150.0,237.0,167.0,2.92,25.3,Low,None,Male,No,Unhealthy,Diseased
3.9,298.0,203.0,331.0,5.24,43.6,Low,Painkiller,Female,Yes,Moderate,Diseased
3.34,227.0,27.0,,5.29,34.7,,Antibiotics,Female,No,Moderate,At_Risk
1.01,86.0,252.0,262.0,4.55,29.2,Low,None,Male,No,Moderate,At_Risk
0.95,161.0,285.0,110.0,2.55,29.6,None,Painkiller,Female,No,Healthy,At_Risk
0.58,248.0,136.0,137.0,4.11,27.9,Moderate,Painkiller,Female,Yes,Moderate,Diseased
3.34,124.0,84.0,320.0,4.39,22.8,Low,,Female,Yes,Healthy,Diseased
3.85,103.0,71.0,396.0,5.48,27.2,None,Multiple,Male,Occasional,Unhealthy,At_Risk
1.4,57.0,,81.0,5.49,31.3,Moderate,None,Male,No,Moderate,At_Risk
0.2,200.0,195.0,182.0,5.07,31.3,Low,Antibiotics,Female,No,Unhealthy,Diseased
0.5,21.0,187.0,113.0,2.69,38.1,None,None,Female,No,Moderate,At_Risk
4.84,165.0,175.0,248.0,5.36,26.4,None,Herbal,Male,No,Healthy,Diseased
1.55,,192.0,,4.34,36.8,Low,Multiple,Female,No,Unhealthy,Diseased
3.87,186.0,37.0,391.0,4.9,,,Painkiller,Female,No,Healthy,At_Risk
3.16,66.0,256.0,,3.72,43.9,High,Herbal,Female,No,Moderate,Diseased
1.97,,31.0,280.0,3.46,27.2,None,None,Male,No,Healthy,At_Risk
1.11,194.0,105.0,350.0,3.89,42.1,None,None,Female,No,Moderate,At_Risk
0.69,130.0,131.0,84.0,2.94,39.8,High,Painkiller,Male,Occasional,Healthy,Diseased
3.11,235.0,259.0,75.0,3.57,34.5,High,Painkiller,Male,Yes,Moderate,Diseased
3.9,211.0,146.0,72.0,5.07,35.0,None,Painkiller,Male,Yes,Unhealthy,Diseased
3.26,225.0,286.0,,2.61,18.5,Moderate,Painkiller,Male,Yes,Moderate,Diseased
2.7,52.0,70.0,334.0,2.95,43.6,None,Painkiller,Male,No,Healthy,At_Risk
0.31,32.0,,369.0,2.88,19.1,Moderate,Steroids,Male,Yes,Moderate,At_Risk
4.85,164.0,104.0,205.0,3.71,32.3,Moderate,None,Other,Yes,Unhealthy,Diseased
4.01,195.0,193.0,162.0,5.49,25.6,None,None,Female,No,Healthy,Diseased
1.53,258.0,269.0,188.0,3.02,28.5,,Painkiller,Female,Occasional,Healthy,At_Risk
4.9,246.0,296.0,258.0,2.94,33.7,None,Painkiller,Female,No,Healthy,Diseased
,143.0,164.0,372.0,5.25,42.4,None,None,Female,No,Moderate,Diseased
2.95,31.0,195.0,135.0,5.15,29.3,None,None,Male,Yes,Moderate,Diseased
3.77,97.0,78.0,334.0,2.6,44.6,Moderate,,Female,Yes,,Diseased
4.08,162.0,270.0,109.0,4.76,33.2,None,None,Male,No,,Diseased
3.32,134.0,,103.0,4.47,20.7,Low,Herbal,Male,No,Moderate,Diseased
0.73,88.0,17.0,142.0,4.8,21.5,Moderate,None,Male,No,Moderate,Healthy
1.76,60.0,274.0,374.0,3.98,36.8,Low,,Female,No,,At_Risk
,225.0,280.0,314.0,5.47,17.5,Low,Painkiller,Male,Occasional,Healthy,Diseased
1.2,185.0,258.0,262.0,2.63,29.9,None,Multiple,Female,,Healthy,Diseased
1.92,262.0,114.0,382.0,3.2,20.3,Low,Antibiotics,Female,Yes,Healthy,Diseased
2.22,255.0,272.0,59.0,3.69,28.6,None,Painkiller,Male,No,Unhealthy,Diseased
2.25,236.0,233.0,252.0,3.85,37.7,Moderate,None,Male,No,Moderate,Diseased
3.1,115.0,280.0,245.0,5.26,29.3,None,Painkiller,Female,No,Healthy,Diseased
4.72,202.0,174.0,107.0,4.18,20.7,Moderate,None,Male,No,Healthy,Diseased
1.28,45.0,,305.0,2.64,23.3,Low,Antibiotics,Female,No,Moderate,At_Risk
0.7,213.0,143.0,272.0,,26.7,Low,Antibiotics,Female,No,Moderate,At_Risk
1.07,276.0,220.0,229.0,3.75,18.0,None,None,Male,No,Healthy,At_Risk
4.45,277.0,101.0,84.0,5.4,32.9,None,None,Male,No,Healthy,Diseased
3.26,179.0,136.0,152.0,4.3,33.6,Moderate,Herbal,Female,No,Healthy,Diseased
1.5,48.0,200.0,210.0,4.41,17.8,None,Antibiotics,Female,No,Moderate,Healthy
4.1,148.0,168.0,249.0,4.64,27.7,None,Herbal,Male,Yes,Healthy,Diseased
4.32,61.0,19.0,209.0,4.81,28.0,Low,None,Male,No,Moderate,Healthy
4.25,296.0,116.0,232.0,4.41,25.7,Moderate,Steroids,Female,Yes,Unhealthy,Diseased
4.6,298.0,96.0,185.0,3.21,32.2,Low,,Male,,Healthy,Diseased
1.34,150.0,76.0,275.0,5.12,26.0,Moderate,None,Female,Occasional,Healthy,Healthy
3.8,155.0,71.0,292.0,4.7,28.1,Low,Steroids,Female,No,Healthy,At_Risk
2.36,193.0,155.0,155.0,4.73,39.1,None,Herbal,Female,No,Moderate,Diseased
4.23,161.0,162.0,120.0,5.49,20.7,Low,Painkiller,Male,No,Moderate,Diseased
3.67,210.0,116.0,126.0,4.91,34.0,Moderate,Herbal,Female,Occasional,Healthy,Diseased
3.9,137.0,157.0,103.0,4.99,30.7,High,Steroids,Male,Yes,Healthy,Diseased
3.32,296.0,195.0,326.0,5.35,24.8,None,Painkiller,Male,No,Moderate,Diseased
0.97,262.0,187.0,160.0,2.95,37.1,Moderate,Herbal,Female,No,Moderate,Diseased
2.77,275.0,275.0,273.0,3.99,32.0,Low,Antibiotics,Female,No,Healthy,Diseased
4.92,197.0,158.0,124.0,,29.8,None,Antibiotics,Female,No,Healthy,Diseased
4.69,239.0,256.0,63.0,3.49,35.4,Low,Painkiller,Female,Yes,Moderate,Diseased
0.31,280.0,263.0,307.0,5.02,39.3,None,Painkiller,Male,No,Healthy,At_Risk
0.91,268.0,38.0,238.0,4.79,44.2,Low,Herbal,Male,No,Healthy,At_Risk
0.75,207.0,275.0,288.0,4.66,34.3,None,None,Male,No,Moderate,At_Risk
3.66,65.0,22.0,383.0,5.49,41.4,Low,None,Male,No,Healthy,At_Risk
4.11,212.0,56.0,353.0,3.28,16.0,Low,Herbal,Female,No,Unhealthy,Diseased
1.15,280.0,160.0,140.0,4.71,31.4,Low,Herbal,Female,No,Moderate,At_Risk
2.58,118.0,59.0,233.0,4.15,22.2,,Painkiller,Female,No,Healthy,At_Risk
4.22,125.0,224.0,66.0,3.44,,None,None,Female,Yes,Moderate,Diseased
3.69,101.0,141.0,61.0,2.98,31.4,Low,Steroids,Male,No,Moderate,Diseased
2.76,147.0,122.0,215.0,5.19,37.7,,None,Male,No,Healthy,Diseased
,66.0,261.0,195.0,4.29,28.0,,Painkiller,Male,Occasional,Healthy,At_Risk
2.59,59.0,62.0,331.0,4.97,35.4,Low,None,Male,No,Moderate,At_Risk
1.56,80.0,139.0,86.0,4.14,30.2,Low,Antibiotics,Male,No,Moderate,At_Risk
2.87,91.0,202.0,119.0,3.16,28.7,,None,Male,No,Moderate,Diseased
,114.0,88.0,218.0,3.51,24.4,Low,Antibiotics,Female,No,Healthy,Diseased
4.38,97.0,66.0,384.0,3.64,27.1,Low,Steroids,Male,No,Unhealthy,At_Risk
3.22,11.0,106.0,219.0,5.42,26.1,None,Painkiller,Female,No,Moderate,At_Risk
3.83,93.0,207.0,302.0,2.52,34.7,Low,None,Male,No,Moderate,Diseased
0.88,52.0,144.0,395.0,5.46,19.4,Low,None,Male,Yes,Moderate,At_Risk
2.36,163.0,156.0,346.0,5.44,18.7,None,Painkiller,Male,No,Healthy,Diseased
0.15,103.0,181.0,191.0,5.49,35.1,Low,Painkiller,Male,Occasional,Unhealthy,Diseased
1.31,142.0,72.0,322.0,3.93,31.8,Moderate,Antibiotics,Female,Yes,Healthy,At_Risk
3.66,74.0,74.0,274.0,5.39,28.5,,None,Female,Yes,Moderate,At_Risk
4.96,299.0,,232.0,3.69,20.4,None,Steroids,Female,Yes,Moderate,Diseased
0.59,266.0,118.0,270.0,2.58,27.9,High,Steroids,Female,No,,Diseased
2.07,222.0,291.0,102.0,3.17,38.9,Low,Painkiller,Female,No,Moderate,Diseased
4.02,157.0,181.0,167.0,,41.8,Low,Painkiller,Female,Occasional,Moderate,Diseased
1.1,70.0,21.0,208.0,2.54,36.4,None,Herbal,,No,Unhealthy,At_Risk
2.82,158.0,229.0,185.0,4.14,17.7,Low,Herbal,,No,Unhealthy,Diseased
3.69,97.0,295.0,126.0,2.73,35.4,Moderate,Multiple,Female,No,Healthy,Diseased
3.12,287.0,181.0,385.0,3.36,23.0,Low,Painkiller,Female,,Healthy,Diseased
1.02,91.0,245.0,94.0,2.76,25.1,Moderate,,Female,No,Moderate,At_Risk
1.84,138.0,175.0,67.0,5.08,21.7,Low,None,,No,Unhealthy,At_Risk
,295.0,196.0,254.0,4.27,38.5,Low,Painkiller,Male,Yes,Moderate,Diseased
2.82,289.0,179.0,373.0,5.21,34.8,None,Painkiller,Female,No,Healthy,Diseased
0.13,279.0,61.0,132.0,4.57,33.7,Moderate,Painkiller,Female,,Moderate,At_Risk
3.83,212.0,198.0,99.0,5.41,35.4,Low,Antibiotics,Female,No,Healthy,Diseased
0.27,33.0,129.0,330.0,4.03,22.9,None,None,Female,No,Moderate,Healthy
3.75,217.0,114.0,215.0,4.42,28.9,Low,Herbal,Male,No,Healthy,Diseased
1.09,289.0,171.0,292.0,4.23,34.4,Moderate,Antibiotics,Male,Yes,Moderate,Diseased
4.79,214.0,50.0,213.0,3.95,34.5,Moderate,Multiple,Female,Occasional,Unhealthy,Diseased
1.9,161.0,174.0,373.0,,39.0,None,None,Male,No,Moderate,At_Risk
1.7,35.0,169.0,105.0,4.43,24.3,High,Antibiotics,Female,No,Healthy,At_Risk
0.83,203.0,273.0,88.0,4.9,38.3,None,Painkiller,Female,Yes,Moderate,Diseased
1.6,247.0,27.0,368.0,4.86,28.8,None,Antibiotics,Male,Yes,Healthy,At_Risk
4.4,84.0,182.0,177.0,3.07,35.4,None,Steroids,Male,No,Moderate,Diseased
4.98,172.0,42.0,171.0,,29.2,None,None,Female,No,Moderate,At_Risk
1.9,38.0,270.0,296.0,3.1,43.5,None,None,Male,Occasional,Moderate,At_Risk
2.3,174.0,219.0,235.0,4.25,21.2,Moderate,Steroids,Male,No,Unhealthy,Diseased
3.64,195.0,173.0,257.0,4.53,35.6,Low,Antibiotics,Female,No,Healthy,Diseased
4.44,63.0,14.0,,5.49,32.7,Low,None,Female,No,Unhealthy,At_Risk
3.01,,43.0,353.0,2.59,21.0,,Painkiller,Female,Yes,Healthy,At_Risk
2.02,,289.0,288.0,2.77,17.9,Moderate,Painkiller,Female,No,Moderate,Diseased
2.12,147.0,154.0,264.0,2.73,,None,Steroids,Male,Yes,Healthy,Diseased
3.51,196.0,80.0,341.0,3.7,20.6,,None,Female,Yes,Healthy,Diseased
0.12,213.0,239.0,273.0,4.96,21.4,Low,Antibiotics,Female,No,Moderate,At_Risk
3.14,51.0,134.0,137.0,5.03,44.4,High,Antibiotics,Female,No,Healthy,Diseased
1.84,297.0,287.0,74.0,4.71,36.8,None,Steroids,Male,Occasional,Healthy,At_Risk
,35.0,280.0,269.0,5.19,23.3,None,Herbal,Male,No,Healthy,At_Risk
0.56,65.0,24.0,324.0,3.47,33.1,Moderate,Painkiller,Female,No,Moderate,Healthy
2.98,262.0,251.0,184.0,2.76,31.5,Moderate,Painkiller,Male,Occasional,Healthy,Diseased
2.46,131.0,,282.0,2.67,40.5,None,None,Male,Occasional,Moderate,Diseased
3.25,115.0,62.0,115.0,5.06,37.2,Low,Painkiller,Other,No,Moderate,At_Risk
0.42,139.0,158.0,129.0,4.69,40.1,None,None,Male,No,Moderate,At_Risk
2.94,167.0,228.0,304.0,4.6,22.1,High,Herbal,Male,No,Healthy,Diseased
2.85,240.0,122.0,174.0,3.52,34.6,None,Herbal,Male,Occasional,Moderate,Diseased
2.85,100.0,297.0,195.0,3.64,,None,,Female,Yes,Moderate,Diseased
,31.0,286.0,152.0,5.37,18.0,None,None,Female,No,Moderate,At_Risk
3.41,299.0,92.0,326.0,2.69,,Low,None,Female,Yes,Moderate,Diseased
4.04,119.0,227.0,173.0,4.82,16.7,None,Herbal,Female,Yes,,Diseased
1.42,58.0,235.0,316.0,3.43,32.8,Moderate,Herbal,Female,No,Moderate,At_Risk
4.14,138.0,279.0,327.0,2.62,40.4,Moderate,None,Female,Yes,Healthy,Diseased
2.54,82.0,24.0,160.0,4.73,27.0,None,Antibiotics,Male,No,Healthy,At_Risk
0.48,62.0,299.0,362.0,3.49,17.3,Low,None,Male,,Healthy,At_Risk
0.39,177.0,274.0,138.0,4.67,36.7,None,None,Male,No,Unhealthy,Diseased
1.74,54.0,208.0,207.0,4.62,43.0,Low,None,,Yes,Moderate,At_Risk
3.95,,167.0,265.0,4.1,36.8,None,Antibiotics,Female,No,Unhealthy,Diseased
3.57,159.0,216.0,350.0,4.83,32.8,None,None,Male,No,Unhealthy,Diseased
,155.0,183.0,85.0,4.24,22.7,Low,None,Female,No,Unhealthy,Diseased
2.63,213.0,193.0,136.0,3.36,16.4,None,None,Male,Yes,Healthy,Diseased
2.26,176.0,274.0,167.0,4.7,36.1,Moderate,Painkiller,Male,No,Moderate,Diseased
0.82,210.0,255.0,377.0,4.27,22.7,Moderate,Steroids,Male,Yes,Moderate,Diseased
1.71,143.0,45.0,231.0,2.54,40.9,Moderate,None,Female,,Moderate,At_Risk
2.23,220.0,268.0,117.0,5.2,29.5,High,Herbal,Female,Yes,Healthy,Diseased
0.53,57.0,28.0,208.0,4.14,31.4,High,None,Female,No,Healthy,At_Risk
1.18,,32.0,334.0,5.11,37.9,Low,Painkiller,Female,No,,At_Risk
3.03,248.0,113.0,213.0,5.15,38.6,Low,None,Female,No,Unhealthy,Diseased
3.7,16.0,,122.0,3.83,34.6,None,None,Male,No,Moderate,At_Risk
4.99,281.0,213.0,168.0,4.02,,Moderate,None,Female,,Healthy,Diseased
4.67,46.0,262.0,390.0,3.75,44.5,Low,None,Female,Yes,Unhealthy,Diseased
3.25,220.0,151.0,244.0,3.85,43.5,High,Herbal,Male,No,Healthy,Diseased
2.16,174.0,152.0,138.0,5.19,,None,Steroids,Male,Yes,Unhealthy,Diseased
3.22,134.0,280.0,394.0,4.86,36.5,None,Herbal,Female,No,Unhealthy,Diseased
3.95,201.0,119.0,125.0,2.88,35.2,None,None,Male,No,Moderate,Diseased
0.68,227.0,17.0,270.0,4.33,19.0,Moderate,Painkiller,Female,No,Moderate,Healthy
2.11,223.0,78.0,188.0,5.49,23.9,None,None,Female,No,Moderate,At_Risk
4.22,71.0,199.0,290.0,4.29,16.2,Low,Steroids,Male,Yes,Moderate,Diseased
1.98,170.0,188.0,203.0,,20.0,Low,Multiple,Male,Occasional,Healthy,At_Risk
,75.0,72.0,102.0,4.81,28.7,None,Herbal,Female,No,Moderate,Healthy
2.98,295.0,77.0,191.0,3.55,20.2,Low,None,Female,No,Healthy,At_Risk
1.0,248.0,215.0,369.0,3.62,42.1,Low,Painkiller,Female,Occasional,Moderate,At_Risk
1.87,29.0,15.0,80.0,4.67,39.4,None,None,Female,No,Moderate,Healthy
1.74,197.0,128.0,272.0,4.0,18.1,Low,None,Female,No,Healthy,At_Risk
0.23,91.0,40.0,341.0,4.21,23.2,High,None,Male,No,Unhealthy,At_Risk
0.22,211.0,15.0,315.0,4.64,,High,None,Female,Yes,Moderate,Diseased
4.18,141.0,216.0,331.0,4.83,,Low,Painkiller,Male,Yes,Moderate,Diseased
1.44,46.0,166.0,325.0,3.31,43.4,Low,Painkiller,Male,Yes,Healthy,Diseased
2.64,141.0,,93.0,2.94,44.9,None,Painkiller,Male,No,Moderate,Diseased
1.56,,298.0,111.0,3.38,44.3,,Herbal,Male,Yes,Healthy,Diseased
4.71,98.0,149.0,250.0,4.02,27.9,None,None,Male,No,Healthy,Diseased
1.37,262.0,22.0,384.0,3.53,23.3,Low,None,Female,Occasional,Healthy,Healthy
2.21,203.0,161.0,58.0,4.21,38.0,None,Antibiotics,Male,No,Healthy,Diseased
4.38,185.0,118.0,120.0,2.66,24.7,None,Antibiotics,Female,No,Moderate,Diseased
4.23,42.0,158.0,139.0,4.03,39.4,None,None,Female,Occasional,Moderate,At_Risk
1.01,67.0,213.0,73.0,3.6,,Moderate,Herbal,Male,Yes,,At_Risk
4.03,210.0,30.0,189.0,4.1,39.0,Low,Painkiller,Male,,Moderate,Diseased
2.35,37.0,,365.0,3.77,24.0,Low,,,No,Unhealthy,At_Risk
2.47,44.0,30.0,389.0,3.35,30.7,None,Painkiller,Male,Yes,Healthy,Diseased
0.75,134.0,254.0,127.0,5.21,32.4,Moderate,Painkiller,Male,Yes,Moderate,Diseased
0.49,51.0,82.0,263.0,3.05,43.4,None,Antibiotics,Male,Yes,Unhealthy,Diseased
3.67,94.0,85.0,,4.54,23.7,None,Painkiller,Male,Occasional,Healthy,Diseased
2.53,197.0,195.0,78.0,5.27,43.2,Moderate,None,Male,No,Moderate,Diseased
2.24,120.0,87.0,340.0,4.12,39.3,High,Multiple,Male,No,Moderate,Diseased
3.67,280.0,74.0,92.0,5.13,37.2,None,Painkiller,Female,Yes,Healthy,Diseased
3.85,114.0,299.0,102.0,2.87,38.8,Low,Steroids,Male,No,Healthy,Diseased
0.88,50.0,65.0,325.0,3.98,33.6,,Painkiller,Female,,Moderate,Healthy
3.09,224.0,268.0,281.0,3.87,23.1,Moderate,Painkiller,Male,No,Moderate,Diseased
0.76,80.0,199.0,261.0,2.52,21.5,None,None,Male,Yes,Healthy,At_Risk
3.78,65.0,15.0,57.0,3.83,41.1,Low,Herbal,Female,No,Moderate,At_Risk
3.32,245.0,15.0,171.0,3.61,37.0,None,Steroids,Male,No,Moderate,At_Risk
4.79,290.0,200.0,91.0,4.51,22.2,None,None,Male,No,Healthy,Diseased
0.44,114.0,157.0,382.0,5.31,33.8,None,None,Female,No,Moderate,At_Risk
0.38,171.0,267.0,282.0,2.76,29.0,High,Multiple,Male,No,Moderate,Diseased
1.48,200.0,227.0,119.0,3.48,20.6,None,Herbal,Male,No,Healthy,At_Risk
1.38,18.0,99.0,65.0,3.83,31.4,High,Antibiotics,Male,Occasional,Moderate,At_Risk
1.31,69.0,19.0,118.0,3.87,24.2,None,Painkiller,Male,,Healthy,Healthy
4.54,234.0,96.0,102.0,4.82,18.8,High,Herbal,Male,Yes,Healthy,Diseased
1.32,197.0,259.0,,3.83,29.5,Moderate,None,Female,Yes,Healthy,Diseased
1.43,79.0,160.0,311.0,2.58,33.1,None,Steroids,Female,No,Unhealthy,At_Risk
3.82,296.0,122.0,338.0,4.63,17.4,Low,Painkiller,Female,No,Unhealthy,Diseased
2.3,178.0,39.0,64.0,5.15,27.7,None,Steroids,Female,Occasional,,At_Risk
3.91,71.0,137.0,319.0,4.04,23.5,Low,None,Female,No,Moderate,At_Risk
0.42,23.0,87.0,216.0,4.24,16.9,Low,Antibiotics,Female,No,Healthy,Healthy
2.49,173.0,64.0,112.0,2.99,19.6,Low,Antibiotics,Female,No,Moderate,At_Risk
0.26,254.0,43.0,310.0,3.16,20.0,Moderate,Herbal,Male,No,Healthy,At_Risk
0.41,17.0,114.0,170.0,3.21,21.3,Moderate,Steroids,Male,No,Moderate,At_Risk
4.54,,181.0,395.0,3.79,39.3,None,Herbal,Female,No,Unhealthy,Diseased
0.78,45.0,31.0,,5.28,28.7,High,Herbal,Female,No,Healthy,Healthy
2.71,57.0,296.0,156.0,4.07,20.3,High,Painkiller,Male,Yes,Moderate,Diseased
2.11,94.0,114.0,229.0,3.08,18.9,None,None,Female,Occasional,Moderate,Diseased
1.8,37.0,,65.0,3.3,24.6,None,Antibiotics,Female,,Healthy,At_Risk
4.51,205.0,281.0,358.0,3.65,39.1,Low,Herbal,Male,,Moderate,Diseased
0.21,217.0,285.0,264.0,4.37,26.6,Low,None,Female,Yes,Moderate,Diseased
3.35,213.0,181.0,126.0,3.82,20.6,None,Antibiotics,Female,No,Moderate,Diseased
4.82,113.0,56.0,274.0,3.68,27.7,None,None,Female,No,Healthy,At_Risk
2.84,239.0,123.0,142.0,4.19,32.1,Moderate,None,Male,Yes,Moderate,Diseased
4.69,110.0,284.0,230.0,3.23,16.9,Low,Steroids,Male,Occasional,Unhealthy,Diseased
0.36,38.0,216.0,223.0,2.74,34.2,None,Steroids,Male,No,Moderate,At_Risk
2.15,136.0,251.0,268.0,2.57,27.5,Moderate,Antibiotics,Male,No,Moderate,Diseased
1.37,19.0,205.0,,3.25,16.3,Moderate,Herbal,Female,No,Healthy,At_Risk
3.68,115.0,173.0,364.0,,35.5,Low,None,Female,,Healthy,Diseased
4.91,176.0,185.0,331.0,3.51,36.7,Moderate,None,Female,No,Unhealthy,Diseased
1.36,266.0,280.0,308.0,4.82,34.2,None,Herbal,Male,,Healthy,At_Risk
3.31,286.0,119.0,96.0,4.65,25.9,Low,Antibiotics,Male,No,Unhealthy,Diseased
1.07,74.0,181.0,54.0,4.33,31.4,None,None,Female,No,Healthy,At_Risk
,,211.0,111.0,5.06,27.2,None,Steroids,Male,No,Healthy,Diseased
2.37,197.0,177.0,133.0,3.35,36.3,None,Herbal,Other,Occasional,Healthy,Diseased
4.86,147.0,111.0,182.0,5.16,32.9,None,Steroids,Female,Occasional,Moderate,Diseased
3.08,114.0,95.0,385.0,3.7,18.4,Low,Herbal,Female,Yes,Moderate,Diseased
1.81,43.0,151.0,112.0,3.7,34.6,Moderate,None,Male,No,Unhealthy,At_Risk
0.66,,222.0,330.0,3.72,35.9,None,None,Female,No,Healthy,At_Risk
0.84,42.0,60.0,93.0,2.79,26.8,None,Herbal,Male,Yes,Healthy,At_Risk
1.2,240.0,121.0,202.0,5.43,41.4,Moderate,Antibiotics,Female,Yes,Moderate,Diseased
1.33,275.0,280.0,319.0,2.92,40.4,None,None,Male,Yes,Moderate,Diseased
4.27,191.0,,391.0,3.52,21.1,None,Antibiotics,Female,No,Healthy,At_Risk
2.85,74.0,192.0,220.0,3.46,42.2,Low,Steroids,Male,Yes,Healthy,Diseased
2.66,10.0,,205.0,2.72,28.8,Moderate,None,Male,Occasional,Healthy,At_Risk
0.66,142.0,243.0,324.0,2.96,37.0,Moderate,Steroids,Male,No,Moderate,Diseased
4.31,89.0,253.0,69.0,2.63,39.6,Moderate,None,Male,No,Moderate,Diseased
3.64,280.0,276.0,263.0,3.38,30.6,None,Painkiller,Female,No,Moderate,Diseased
0.43,250.0,127.0,128.0,5.1,27.6,Moderate,Steroids,Female,Yes,Healthy,Diseased
3.57,37.0,153.0,188.0,3.52,42.5,None,None,Female,No,Unhealthy,Diseased
2.76,232.0,210.0,147.0,2.87,22.7,None,None,,Occasional,Healthy,Diseased
0.5,32.0,248.0,201.0,4.44,23.5,Low,Herbal,Male,No,Healthy,Healthy
2.35,118.0,255.0,247.0,5.49,26.5,Moderate,Steroids,Male,Occasional,Moderate,Diseased
,116.0,17.0,322.0,,40.9,None,Painkiller,Male,No,,Diseased
0.91,154.0,161.0,205.0,3.34,43.2,None,None,Female,No,Healthy,Diseased
4.73,148.0,220.0,99.0,5.42,22.4,Moderate,Painkiller,Male,Yes,Unhealthy,Diseased
4.26,293.0,167.0,277.0,3.04,41.1,Moderate,Antibiotics,Female,Occasional,Moderate,Diseased
3.38,108.0,67.0,59.0,4.03,23.5,Low,None,Female,Occasional,Healthy,At_Risk
2.37,132.0,95.0,198.0,3.22,44.1,Low,Painkiller,Female,No,Moderate,Diseased
2.12,296.0,64.0,107.0,5.3,33.3,Moderate,Painkiller,Female,No,,At_Risk
3.29,90.0,210.0,211.0,5.44,16.2,Moderate,Painkiller,Male,No,Moderate,Diseased
2.77,19.0,131.0,156.0,4.94,17.0,,None,Male,No,Unhealthy,At_Risk
0.41,17.0,117.0,338.0,3.44,20.3,None,None,Female,No,Moderate,At_Risk
2.61,214.0,141.0,235.0,3.71,21.4,None,Multiple,Female,No,Healthy,Diseased
4.05,206.0,207.0,95.0,3.23,38.3,Low,Multiple,Male,Occasional,Moderate,Diseased
2.35,207.0,56.0,178.0,5.17,22.5,None,Painkiller,Male,No,Moderate,At_Risk
,39.0,237.0,367.0,5.24,44.1,None,Herbal,Female,Yes,Moderate,At_Risk
3.95,29.0,254.0,136.0,3.76,34.4,Low,Steroids,Male,Yes,,Diseased
1.09,57.0,212.0,298.0,4.47,36.1,None,None,Female,No,Unhealthy,At_Risk
1.37,139.0,270.0,378.0,3.0,22.3,Moderate,None,Male,Occasional,Moderate,At_Risk
0.91,141.0,187.0,306.0,3.8,41.9,None,Painkiller,Female,No,Moderate,At_Risk
1.72,63.0,33.0,326.0,4.39,35.4,Low,Antibiotics,Female,Occasional,Moderate,Healthy
3.81,290.0,184.0,327.0,3.66,41.1,Moderate,Antibiotics,Female,Occasional,Moderate,Diseased
2.64,274.0,283.0,53.0,3.57,43.7,Low,Multiple,Male,Occasional,Healthy,Diseased
1.1,224.0,270.0,114.0,2.5,19.6,Low,Herbal,Female,Yes,Unhealthy,Diseased
4.4,299.0,295.0,251.0,4.91,18.8,Low,Herbal,Female,No,Healthy,Diseased
4.41,52.0,10.0,112.0,5.17,39.3,Moderate,Herbal,Female,No,Moderate,At_Risk
4.37,83.0,95.0,192.0,5.41,41.1,High,Herbal,Male,No,Moderate,Diseased
1.27,287.0,78.0,293.0,4.66,32.9,Low,Painkiller,Male,No,Moderate,At_Risk
2.31,251.0,40.0,341.0,4.15,26.6,Moderate,None,Male,Yes,Moderate,Diseased
4.93,139.0,207.0,334.0,3.31,34.9,None,Antibiotics,Male,Yes,Healthy,Diseased
3.88,203.0,100.0,229.0,5.5,,Moderate,Steroids,Female,No,Moderate,Diseased
0.23,41.0,25.0,223.0,4.27,22.9,High,Painkiller,Female,No,Unhealthy,At_Risk
0.42,115.0,285.0,374.0,4.54,30.2,Low,Herbal,Female,No,Moderate,At_Risk
2.37,213.0,171.0,160.0,4.55,22.3,Moderate,Multiple,Male,No,Healthy,Diseased
4.56,10.0,201.0,224.0,5.04,30.0,Low,Antibiotics,Male,No,Unhealthy,At_Risk
2.74,254.0,160.0,202.0,2.53,43.7,None,Painkiller,Female,Yes,Moderate,Diseased
2.54,81.0,122.0,266.0,3.16,40.4,Moderate,Herbal,Female,Yes,Healthy,Diseased
0.62,24.0,282.0,346.0,4.5,43.3,Low,None,Female,No,Moderate,At_Risk
3.32,62.0,185.0,289.0,5.19,39.4,Low,None,Female,No,Moderate,At_Risk
4.13,17.0,158.0,275.0,4.56,26.3,Moderate,Herbal,Female,Yes,Healthy,Diseased
1.96,55.0,187.0,235.0,3.74,39.5,Moderate,Steroids,Female,No,Unhealthy,At_Risk
3.9,123.0,232.0,97.0,3.58,42.8,Moderate,Painkiller,Female,Occasional,Healthy,Diseased
4.83,156.0,268.0,257.0,4.71,43.5,None,Herbal,Female,No,Moderate,Diseased
1.1,175.0,282.0,206.0,4.72,35.8,Low,Painkiller,,No,Moderate,At_Risk
2.66,148.0,198.0,274.0,4.32,22.1,High,Antibiotics,Female,Occasional,Unhealthy,Diseased
1.51,126.0,99.0,193.0,3.37,,Low,Antibiotics,Female,No,Healthy,At_Risk
3.98,285.0,271.0,160.0,5.28,20.3,,None,Male,No,Healthy,Diseased
2.93,286.0,165.0,367.0,4.16,44.0,Moderate,None,Male,Yes,Moderate,Diseased
3.21,187.0,209.0,181.0,4.87,29.4,,Multiple,Female,Yes,Moderate,Diseased
4.01,163.0,64.0,162.0,3.14,40.8,None,None,Female,No,Unhealthy,Diseased
2.04,210.0,263.0,373.0,3.53,29.5,None,None,Other,No,Healthy,Diseased
4.58,124.0,182.0,138.0,5.12,35.2,Low,Painkiller,Male,No,Moderate,Diseased
2.71,168.0,209.0,210.0,2.65,16.7,Low,None,Male,Yes,Healthy,Diseased
0.87,51.0,111.0,383.0,4.04,23.2,Moderate,Herbal,Male,No,Moderate,Healthy
3.51,256.0,294.0,124.0,3.95,28.7,Moderate,None,Female,Yes,Healthy,Diseased
3.99,77.0,160.0,330.0,4.75,34.3,None,Antibiotics,Female,Yes,Unhealthy,Diseased
,205.0,120.0,56.0,3.35,21.0,Moderate,Painkiller,Female,No,Healthy,At_Risk
4.3,99.0,275.0,162.0,3.16,38.2,Low,Herbal,Male,No,Moderate,Diseased
4.54,120.0,100.0,85.0,5.28,26.6,None,Antibiotics,Male,No,Healthy,Diseased
1.46,154.0,186.0,315.0,4.22,39.7,Low,Painkiller,Male,No,Moderate,At_Risk
4.92,284.0,240.0,162.0,2.81,18.8,Moderate,Multiple,Female,Yes,Moderate,Diseased
0.79,188.0,38.0,341.0,3.08,35.7,Low,None,Male,Yes,Healthy,Diseased
1.09,250.0,204.0,272.0,5.5,24.5,None,Antibiotics,Male,No,Healthy,At_Risk
1.0,162.0,248.0,260.0,3.09,39.1,Low,Multiple,Male,Occasional,Healthy,Diseased
4.48,113.0,276.0,67.0,4.33,27.7,None,Steroids,Female,No,Healthy,Diseased
3.31,84.0,223.0,290.0,3.76,35.3,Low,Steroids,Male,No,Healthy,Diseased
0.85,137.0,91.0,183.0,5.16,43.1,None,None,Male,No,Moderate,At_Risk
2.26,208.0,137.0,269.0,4.77,16.6,Moderate,None,Female,No,Moderate,Diseased
3.11,163.0,271.0,151.0,4.29,16.3,None,None,Female,No,Moderate,Diseased
0.51,65.0,76.0,189.0,2.53,38.3,Low,Multiple,Female,Occasional,Healthy,Healthy
4.42,287.0,71.0,218.0,5.14,34.7,None,Multiple,Male,No,Healthy,At_Risk
4.04,28.0,142.0,240.0,3.83,24.5,High,,Female,Occasional,Moderate,Diseased
2.58,168.0,146.0,74.0,5.29,30.3,Low,None,Female,No,Moderate,Diseased
4.84,35.0,37.0,82.0,3.99,17.2,Moderate,None,Female,Yes,Healthy,At_Risk
2.15,178.0,220.0,392.0,,21.6,Moderate,Painkiller,Male,Occasional,Healthy,Diseased
4.92,32.0,214.0,378.0,2.71,28.3,Moderate,Painkiller,Male,,Healthy,At_Risk
3.37,56.0,262.0,55.0,4.74,40.2,Moderate,Steroids,,No,Healthy,At_Risk
3.21,22.0,47.0,243.0,3.51,29.9,None,Herbal,Female,No,Moderate,Healthy
0.91,226.0,52.0,279.0,,33.0,Moderate,Steroids,Female,Occasional,Healthy,At_Risk
4.42,203.0,126.0,186.0,2.86,41.3,None,Antibiotics,Male,Yes,Unhealthy,Diseased
2.19,153.0,199.0,372.0,2.94,25.0,Moderate,Herbal,Female,Yes,Unhealthy,Diseased
0.89,82.0,55.0,265.0,3.06,36.3,High,Steroids,Male,Yes,Moderate,Diseased
0.16,165.0,175.0,398.0,3.48,41.0,High,Painkiller,Male,,Healthy,Diseased
2.84,86.0,212.0,232.0,5.18,21.9,None,Painkiller,Female,No,Healthy,Diseased
2.68,178.0,242.0,217.0,3.6,26.3,Low,None,Male,No,Moderate,Diseased
3.62,296.0,254.0,331.0,4.67,44.4,Low,Steroids,Male,No,Healthy,Diseased
4.46,94.0,218.0,87.0,2.75,44.5,None,Multiple,Female,Yes,Unhealthy,Diseased
0.49,191.0,257.0,212.0,4.27,22.5,None,Antibiotics,Male,Yes,Healthy,Diseased
3.68,121.0,167.0,191.0,3.95,17.9,Low,Multiple,Female,Occasional,Moderate,Diseased
1.02,239.0,10.0,297.0,5.43,23.9,High,None,Female,No,Moderate,At_Risk
4.31,105.0,226.0,152.0,5.04,27.5,Low,Herbal,Female,No,Unhealthy,Diseased
4.11,,,248.0,3.86,28.8,Low,Herbal,Female,Yes,Moderate,Diseased
2.75,165.0,78.0,249.0,4.83,33.9,Low,Antibiotics,Female,No,Moderate,At_Risk
3.58,114.0,39.0,91.0,3.08,42.1,Moderate,Multiple,Male,No,Unhealthy,Diseased
1.64,202.0,124.0,196.0,4.19,25.6,High,Antibiotics,Female,No,Healthy,Diseased
2.41,141.0,17.0,115.0,2.72,40.6,Low,None,Female,No,Healthy,Diseased
4.13,147.0,284.0,242.0,3.54,18.7,None,None,Male,Occasional,Healthy,Diseased
2.35,279.0,45.0,347.0,3.18,17.2,Low,Antibiotics,Female,No,Moderate,At_Risk
1.85,47.0,53.0,87.0,4.66,30.6,High,Multiple,Male,Occasional,Healthy,At_Risk
2.52,54.0,164.0,190.0,3.97,17.7,Low,None,Male,Occasional,Healthy,At_Risk
4.16,172.0,86.0,155.0,4.75,27.4,Low,Antibiotics,Male,No,,Diseased
1.74,262.0,87.0,201.0,4.05,42.0,None,Herbal,Male,Yes,Moderate,Diseased
0.95,178.0,110.0,375.0,2.76,23.0,,None,Other,,Moderate,At_Risk
3.59,294.0,39.0,87.0,4.71,36.5,Moderate,None,Female,No,Unhealthy,Diseased
4.15,283.0,48.0,146.0,5.0,24.8,None,Painkiller,Female,Occasional,Healthy,At_Risk
0.59,29.0,248.0,157.0,5.21,17.3,None,None,Female,No,Moderate,Healthy
1.28,248.0,22.0,168.0,4.22,32.1,Low,None,Female,No,Moderate,At_Risk
0.8,279.0,131.0,200.0,4.76,40.2,High,None,Female,No,Moderate,Diseased
1.8,40.0,153.0,123.0,4.76,27.9,None,,Female,No,Healthy,Healthy
2.31,113.0,181.0,106.0,2.97,33.9,Moderate,Antibiotics,Male,No,Healthy,Diseased
3.77,179.0,256.0,384.0,2.99,42.1,None,Steroids,Male,No,Unhealthy,Diseased
3.29,195.0,256.0,301.0,2.71,38.9,Moderate,Steroids,Female,No,Unhealthy,Diseased
3.14,137.0,54.0,341.0,3.46,21.6,High,Antibiotics,,Occasional,Healthy,Diseased
1.83,219.0,262.0,362.0,3.92,37.3,None,Multiple,Female,No,Unhealthy,Diseased
4.22,290.0,216.0,304.0,5.49,30.6,None,Herbal,Female,No,Healthy,Diseased
2.41,262.0,16.0,303.0,3.79,37.6,None,Multiple,Female,No,Moderate,At_Risk
,28.0,251.0,308.0,4.68,30.3,Moderate,Painkiller,Female,Yes,Moderate,Diseased
3.21,209.0,119.0,319.0,4.58,19.7,None,Herbal,Female,No,Healthy,Diseased
0.72,229.0,123.0,83.0,3.11,32.5,None,Herbal,Male,Occasional,Healthy,Diseased
3.41,145.0,285.0,375.0,2.68,30.3,None,Painkiller,Male,Yes,Moderate,Diseased
1.69,232.0,105.0,374.0,4.14,31.0,Low,None,Female,No,Moderate,At_Risk
3.46,12.0,198.0,,4.6,41.5,None,Steroids,Male,No,Healthy,At_Risk
0.44,245.0,297.0,228.0,5.49,42.0,Moderate,None,Male,No,Healthy,At_Risk
0.96,237.0,163.0,153.0,,29.2,Moderate,None,Female,Yes,Unhealthy,Diseased
4.29,151.0,67.0,78.0,5.19,29.2,Low,Antibiotics,Male,No,Healthy,At_Risk
1.21,18.0,59.0,276.0,3.65,30.9,Low,Steroids,Female,Yes,Healthy,At_Risk
4.2,199.0,216.0,281.0,4.57,31.1,Low,Multiple,Female,Occasional,Moderate,Diseased
1.47,174.0,61.0,353.0,4.29,43.6,Moderate,Antibiotics,Female,Yes,Healthy,At_Risk
3.25,148.0,159.0,399.0,2.66,34.8,Low,Steroids,Female,Yes,Healthy,Diseased
3.5,285.0,62.0,384.0,2.74,24.0,Low,Painkiller,Female,Yes,Unhealthy,Diseased
2.61,62.0,222.0,166.0,2.56,31.4,Low,Steroids,Male,No,Unhealthy,Diseased
1.6,184.0,75.0,256.0,3.61,34.2,Moderate,Painkiller,Male,No,,At_Risk
1.14,119.0,241.0,234.0,4.74,34.6,None,Herbal,Female,No,Unhealthy,Diseased
0.26,212.0,160.0,187.0,3.02,33.0,None,Painkiller,Female,No,Unhealthy,Diseased
1.59,145.0,214.0,372.0,4.32,21.2,None,Painkiller,Male,Occasional,Moderate,At_Risk
3.3,13.0,264.0,213.0,3.37,17.0,Low,Painkiller,Female,No,Moderate,At_Risk
4.7,164.0,146.0,124.0,4.89,25.8,Low,Herbal,Female,Yes,Healthy,Diseased
4.37,181.0,144.0,282.0,4.9,28.4,Low,Multiple,Male,Yes,Healthy,Diseased
3.85,56.0,63.0,333.0,4.83,17.8,Low,Painkiller,Female,Yes,Moderate,At_Risk
3.96,103.0,74.0,304.0,4.07,39.6,Moderate,Painkiller,Male,No,Unhealthy,Diseased
3.36,57.0,11.0,58.0,3.35,26.0,None,Steroids,Male,No,Moderate,At_Risk
1.38,249.0,141.0,252.0,4.93,42.5,Low,Herbal,Female,,Healthy,At_Risk
4.55,222.0,41.0,354.0,3.06,20.5,Low,Painkiller,Female,Occasional,Healthy,At_Risk
3.39,148.0,252.0,140.0,3.37,17.7,Low,None,Male,No,Moderate,Diseased
2.85,214.0,201.0,381.0,3.05,30.0,Low,Painkiller,Female,No,Moderate,Diseased
0.64,82.0,151.0,199.0,4.52,21.5,Moderate,Antibiotics,Male,No,Healthy,At_Risk
2.29,,157.0,225.0,4.56,43.2,None,Painkiller,Male,,Moderate,At_Risk
2.36,85.0,98.0,82.0,4.46,16.3,Moderate,None,Male,No,Moderate,Diseased
4.34,,58.0,233.0,3.75,28.0,Moderate,None,Male,Occasional,Healthy,At_Risk
2.78,265.0,145.0,206.0,2.8,42.9,Moderate,,Male,Yes,Healthy,Diseased
1.96,111.0,200.0,102.0,5.23,27.1,Moderate,Multiple,Female,Occasional,Healthy,At_Risk
4.89,115.0,158.0,345.0,4.02,18.7,Low,Multiple,Male,No,Unhealthy,Diseased
0.64,48.0,96.0,251.0,3.72,,Low,Steroids,Male,No,Moderate,Healthy
2.17,284.0,17.0,323.0,4.27,30.4,High,Herbal,Female,Yes,Moderate,Diseased
0.31,97.0,232.0,224.0,3.08,21.4,None,None,Male,Yes,Moderate,Diseased
3.73,220.0,25.0,293.0,2.9,29.5,None,Antibiotics,Female,No,Healthy,At_Risk
4.6,86.0,115.0,318.0,3.72,40.3,None,None,Male,Occasional,Healthy,Diseased
1.47,86.0,292.0,123.0,3.18,41.3,Low,,Male,Occasional,Moderate,Diseased
4.31,37.0,113.0,,3.23,,None,Multiple,Female,No,Moderate,At_Risk
1.53,254.0,155.0,222.0,5.18,20.7,High,Herbal,Male,No,Healthy,Diseased
4.56,,44.0,204.0,4.09,24.0,Low,Antibiotics,Male,No,Healthy,Healthy
3.79,275.0,122.0,232.0,3.95,33.3,Moderate,Herbal,Male,Occasional,Moderate,Diseased
4.04,214.0,62.0,372.0,4.57,26.5,None,Multiple,Male,No,Moderate,At_Risk
0.19,67.0,90.0,338.0,5.35,40.5,None,None,Female,Yes,Healthy,At_Risk
4.82,210.0,113.0,307.0,2.84,36.8,None,Herbal,Male,Yes,Moderate,Diseased
3.66,234.0,251.0,124.0,5.0,18.9,,None,Female,No,Unhealthy,Diseased
1.59,151.0,40.0,223.0,4.25,34.1,Low,Herbal,Female,No,Healthy,At_Risk
4.16,93.0,,379.0,2.94,19.3,High,None,Male,No,Moderate,Diseased
1.48,152.0,242.0,280.0,3.39,23.4,Low,,Female,Occasional,,At_Risk
4.38,42.0,107.0,296.0,3.95,21.2,Low,Steroids,Female,Yes,Healthy,Diseased
0.65,161.0,43.0,210.0,4.57,21.0,Low,None,Female,,Moderate,At_Risk
3.55,167.0,252.0,235.0,3.23,33.9,None,None,Male,No,Unhealthy,Diseased
2.75,150.0,68.0,192.0,4.1,32.3,Low,Antibiotics,Female,No,,Diseased
0.57,,268.0,,4.55,,None,Herbal,Male,Occasional,Healthy,At_Risk
1.29,121.0,26.0,177.0,3.85,44.7,Moderate,None,Female,No,Unhealthy,At_Risk
0.16,153.0,87.0,215.0,5.09,28.2,Moderate,Herbal,Male,No,,At_Risk
2.4,218.0,215.0,76.0,5.11,18.8,Low,,Female,No,Healthy,Diseased
1.58,233.0,175.0,295.0,3.91,19.5,Low,Antibiotics,Male,No,Healthy,At_Risk
3.03,52.0,121.0,184.0,5.42,32.9,None,Antibiotics,,No,Unhealthy,Diseased
1.56,273.0,154.0,251.0,,44.4,Moderate,None,Male,No,Moderate,Diseased
1.57,253.0,165.0,,2.51,32.6,Moderate,Painkiller,Female,Yes,Unhealthy,Diseased
3.74,12.0,187.0,,3.64,,Moderate,None,Female,No,Healthy,At_Risk
0.34,134.0,145.0,207.0,4.3,28.9,None,None,Male,Occasional,Moderate,At_Risk
4.52,277.0,27.0,143.0,4.39,28.6,None,Painkiller,Female,No,Healthy,At_Risk
4.28,93.0,164.0,57.0,3.93,30.5,Low,Painkiller,Male,No,Healthy,Diseased
3.37,25.0,281.0,388.0,2.87,36.2,High,Steroids,Female,No,Unhealthy,Diseased
3.01,68.0,275.0,308.0,3.01,26.7,High,Antibiotics,Female,Occasional,Healthy,Diseased
,186.0,25.0,104.0,5.06,41.1,Low,Multiple,Male,Occasional,Moderate,At_Risk
1.01,72.0,21.0,85.0,5.1,16.8,Moderate,None,Female,No,Unhealthy,Healthy
0.49,58.0,84.0,55.0,4.52,28.8,High,None,,No,Unhealthy,At_Risk
1.27,255.0,221.0,91.0,4.49,30.8,None,Antibiotics,Male,No,Moderate,At_Risk
3.99,298.0,188.0,99.0,4.29,33.6,Moderate,None,Male,,Moderate,Diseased
0.27,295.0,138.0,161.0,3.11,24.0,None,Herbal,Male,Yes,Moderate,Diseased
2.96,24.0,292.0,195.0,3.78,28.4,None,Antibiotics,Female,Occasional,Healthy,At_Risk
4.98,264.0,204.0,279.0,4.59,30.1,None,Painkiller,Male,No,Healthy,Diseased
4.29,101.0,277.0,260.0,4.11,35.9,Low,Painkiller,,No,Healthy,Diseased
2.66,288.0,39.0,355.0,2.56,38.4,Moderate,Painkiller,Male,Yes,Healthy,Diseased
0.41,215.0,18.0,79.0,5.36,37.4,Low,Painkiller,Female,Occasional,Healthy,At_Risk
4.17,103.0,174.0,344.0,5.03,25.9,None,None,Male,No,Healthy,Diseased
3.03,234.0,202.0,165.0,3.28,45.0,None,None,Male,No,Healthy,Diseased
0.66,208.0,269.0,275.0,4.35,,Low,Antibiotics,Female,Occasional,Healthy,At_Risk
0.56,280.0,201.0,108.0,5.27,23.5,Low,None,Female,No,Moderate,At_Risk
4.56,243.0,88.0,125.0,2.79,21.7,Low,Herbal,Female,No,Healthy,Diseased
3.38,55.0,188.0,265.0,4.01,25.1,None,None,Female,No,Moderate,At_Risk
4.16,73.0,100.0,181.0,3.87,29.1,Moderate,None,Male,No,Unhealthy,At_Risk
4.41,239.0,224.0,353.0,3.73,40.7,High,None,Male,No,Healthy,Diseased
2.9,258.0,88.0,130.0,5.01,38.6,Low,Painkiller,Female,Yes,Healthy,Diseased
2.64,255.0,112.0,354.0,3.64,40.7,Moderate,None,Male,No,Moderate,Diseased
2.21,84.0,120.0,116.0,2.69,23.9,High,None,Male,No,Unhealthy,Diseased
1.65,166.0,256.0,279.0,2.7,33.2,Low,Painkiller,Female,Yes,Healthy,Diseased
2.23,232.0,243.0,382.0,2.63,24.2,Moderate,Painkiller,Female,Occasional,Healthy,Diseased
3.89,199.0,91.0,326.0,3.73,19.2,Moderate,Herbal,Female,Yes,Healthy,Diseased
,61.0,141.0,121.0,4.66,35.8,None,Herbal,Male,Yes,Moderate,Diseased
4.47,97.0,,258.0,3.11,20.1,Low,None,Female,Occasional,Unhealthy,Diseased
2.27,75.0,287.0,321.0,4.44,35.4,Moderate,None,Male,,Moderate,Diseased
3.07,159.0,108.0,193.0,4.56,34.8,None,Antibiotics,Male,Occasional,Moderate,Diseased
3.19,29.0,47.0,300.0,3.27,39.5,Moderate,Herbal,Female,,Moderate,Diseased
3.0,,170.0,333.0,4.3,20.0,Low,Multiple,Female,Yes,Healthy,Diseased
3.54,290.0,126.0,228.0,4.55,38.7,,None,Female,Yes,Moderate,Diseased
1.26,55.0,250.0,129.0,3.9,45.0,Low,Painkiller,Male,Occasional,Healthy,At_Risk
2.61,82.0,35.0,106.0,3.51,40.7,Low,Steroids,Female,Yes,Healthy,Diseased
0.61,142.0,145.0,357.0,4.36,37.8,Moderate,Herbal,Male,Yes,Healthy,Diseased
1.98,64.0,59.0,223.0,5.43,35.2,Low,None,Female,No,Moderate,Healthy
2.49,70.0,163.0,287.0,3.78,28.2,High,,Male,Occasional,Moderate,Diseased
3.3,17.0,229.0,215.0,3.68,37.2,Low,None,,No,Moderate,At_Risk
,281.0,149.0,133.0,3.89,37.0,Moderate,None,Male,No,Healthy,Diseased
3.04,255.0,58.0,,2.73,34.3,High,Painkiller,Male,Yes,Healthy,Diseased
3.74,185.0,151.0,176.0,4.16,39.1,None,None,Female,,Healthy,Diseased
2.58,125.0,55.0,218.0,3.49,29.0,Moderate,Steroids,Female,No,Healthy,At_Risk
3.21,280.0,172.0,398.0,2.86,19.5,None,Steroids,Male,No,Moderate,Diseased
0.45,202.0,294.0,116.0,3.9,32.2,Moderate,Herbal,Female,No,Healthy,At_Risk
1.35,159.0,277.0,379.0,2.51,23.7,,Painkiller,Female,No,Moderate,At_Risk
1.87,140.0,125.0,389.0,3.71,27.1,High,None,Female,No,Moderate,Diseased
2.42,111.0,91.0,243.0,2.82,16.5,Moderate,None,Male,Occasional,,Diseased
0.32,,53.0,204.0,2.57,27.1,None,Painkiller,Other,No,Moderate,At_Risk
0.79,219.0,203.0,209.0,4.97,39.5,None,Steroids,Male,Yes,Healthy,Diseased
1.46,76.0,267.0,233.0,5.25,31.7,,Painkiller,Female,Yes,Moderate,At_Risk
4.86,19.0,282.0,315.0,3.12,16.3,Low,Antibiotics,Female,No,Unhealthy,Diseased
1.72,58.0,283.0,217.0,4.12,29.6,None,Antibiotics,Male,Yes,Moderate,At_Risk
2.46,120.0,287.0,194.0,3.33,24.5,None,None,Female,No,Healthy,Diseased
1.06,228.0,92.0,235.0,3.98,29.8,Low,Antibiotics,Male,Yes,Unhealthy,Diseased
3.09,66.0,67.0,311.0,3.81,27.7,None,Painkiller,Male,No,Moderate,Healthy
1.48,292.0,,323.0,3.31,43.0,Moderate,Herbal,Male,Occasional,Moderate,At_Risk
1.11,122.0,10.0,377.0,4.6,17.2,Moderate,Steroids,Female,No,Moderate,Healthy
2.63,142.0,225.0,394.0,2.88,35.8,Moderate,None,Female,No,Healthy,Diseased
0.13,80.0,237.0,272.0,2.66,40.7,None,Painkiller,Male,No,Moderate,At_Risk
0.14,92.0,263.0,91.0,4.8,43.8,None,Steroids,Male,Yes,Moderate,Diseased
1.17,66.0,,53.0,4.5,21.2,Low,None,Male,No,Unhealthy,At_Risk
0.28,280.0,296.0,325.0,4.0,31.4,High,Herbal,Female,No,Healthy,Diseased
0.63,120.0,75.0,333.0,3.9,17.3,None,None,Female,No,Healthy,Healthy
,85.0,104.0,242.0,3.99,30.5,None,Antibiotics,Female,No,Unhealthy,Diseased
4.03,167.0,262.0,153.0,3.81,19.6,None,Multiple,Female,Yes,Healthy,Diseased
2.9,29.0,159.0,296.0,3.68,40.3,Moderate,Antibiotics,Female,No,Unhealthy,Diseased
2.61,140.0,32.0,349.0,4.0,19.3,Low,Painkiller,Male,Yes,Healthy,Diseased
1.54,131.0,253.0,72.0,,30.9,None,None,Male,No,Healthy,At_Risk
4.67,50.0,224.0,352.0,4.58,31.1,Low,None,Female,No,Healthy,At_Risk
2.05,176.0,140.0,62.0,4.63,44.2,Moderate,Antibiotics,Female,No,Moderate,Diseased
0.53,139.0,157.0,193.0,3.63,35.0,Low,Painkiller,Female,Occasional,Healthy,At_Risk
3.12,32.0,118.0,267.0,,24.3,Moderate,Painkiller,Male,Yes,Healthy,Diseased
0.66,288.0,49.0,232.0,3.62,23.0,Moderate,Multiple,Male,No,Healthy,Healthy
1.79,260.0,130.0,291.0,4.11,19.7,Moderate,Painkiller,Male,Yes,Healthy,Diseased
2.59,18.0,129.0,242.0,3.86,37.9,Low,Antibiotics,Female,Yes,Moderate,Diseased
4.38,22.0,27.0,321.0,5.17,36.0,Moderate,Antibiotics,Female,No,,At_Risk
,61.0,178.0,214.0,4.59,33.7,High,Antibiotics,Male,No,Healthy,Diseased
3.54,218.0,207.0,229.0,5.2,17.2,Low,Painkiller,Female,No,Healthy,Diseased
4.96,47.0,152.0,166.0,4.63,38.1,None,Painkiller,Male,,Moderate,At_Risk
0.74,109.0,46.0,315.0,5.41,34.6,Moderate,Multiple,Male,No,Healthy,At_Risk
1.45,202.0,195.0,87.0,4.41,44.0,None,Painkiller,Male,Yes,Moderate,Diseased
2.03,200.0,270.0,93.0,5.39,33.0,High,Antibiotics,Female,No,Healthy,Diseased
2.17,60.0,240.0,123.0,2.97,24.8,None,Steroids,Female,No,Healthy,At_Risk
2.11,150.0,263.0,275.0,2.66,27.1,High,None,Female,No,Unhealthy,Diseased
4.55,177.0,,356.0,4.24,21.1,Low,Herbal,Female,No,Unhealthy,At_Risk
,118.0,239.0,357.0,5.45,37.0,Moderate,Antibiotics,Male,No,Healthy,Diseased
3.08,216.0,33.0,397.0,3.75,36.5,Low,Steroids,Male,Yes,Moderate,Diseased
1.62,119.0,87.0,364.0,3.14,21.8,High,Herbal,Female,No,Moderate,Diseased
4.14,205.0,202.0,62.0,4.06,20.6,,Herbal,Female,Yes,Unhealthy,Diseased
4.78,161.0,118.0,61.0,4.45,18.2,None,Painkiller,Male,No,Unhealthy,Diseased
4.12,252.0,289.0,99.0,3.45,42.4,None,Herbal,Male,,Moderate,Diseased
0.11,137.0,272.0,362.0,4.64,22.8,High,None,Male,No,Unhealthy,Diseased
3.22,114.0,277.0,298.0,5.43,26.0,Low,Steroids,Male,Yes,Unhealthy,Diseased
0.35,19.0,268.0,168.0,5.19,24.1,Moderate,None,Male,Yes,Moderate,At_Risk
1.36,157.0,94.0,106.0,3.37,28.0,Moderate,None,Female,,Moderate,At_Risk
0.39,149.0,19.0,231.0,3.48,36.7,Moderate,None,Female,Yes,Moderate,Diseased
3.06,199.0,298.0,313.0,3.61,41.2,Moderate,Painkiller,Male,,Healthy,Diseased
3.46,103.0,68.0,155.0,3.68,,Low,None,Female,No,Moderate,At_Risk
0.66,238.0,271.0,240.0,2.8,35.9,Moderate,Antibiotics,Female,Occasional,Moderate,Diseased
1.98,72.0,294.0,186.0,4.79,26.2,Moderate,Painkiller,Male,No,Healthy,Healthy
2.34,34.0,128.0,237.0,3.6,44.4,None,Steroids,Female,No,Unhealthy,Diseased
1.91,277.0,177.0,169.0,5.14,24.7,None,None,Male,No,Unhealthy,At_Risk
0.69,290.0,198.0,291.0,5.28,16.2,None,None,Female,No,Healthy,At_Risk
2.15,20.0,260.0,368.0,2.57,31.0,Low,Painkiller,Male,Occasional,Moderate,Diseased
3.78,210.0,,121.0,5.47,20.4,Low,Painkiller,Male,No,Healthy,Diseased
0.45,135.0,199.0,292.0,4.63,17.3,Low,None,Female,No,Moderate,At_Risk
0.49,199.0,133.0,180.0,4.06,36.2,High,Multiple,Male,No,Moderate,Diseased
1.84,98.0,93.0,318.0,3.67,37.2,None,None,Male,No,Moderate,At_Risk
4.71,125.0,224.0,101.0,4.06,29.4,Moderate,Steroids,Male,No,Moderate,Diseased
3.38,186.0,246.0,,3.47,35.6,Low,None,Male,No,Unhealthy,Diseased
3.43,23.0,122.0,168.0,4.37,31.6,None,,Female,No,Moderate,At_Risk
1.87,266.0,226.0,313.0,2.78,34.3,Low,Painkiller,Male,Occasional,Moderate,Diseased
3.01,218.0,255.0,288.0,4.36,33.3,High,Multiple,Male,No,Moderate,Diseased
0.15,290.0,46.0,304.0,3.33,35.3,None,Painkiller,Male,No,Unhealthy,At_Risk
3.22,114.0,73.0,222.0,2.55,21.8,Low,None,Male,Occasional,Healthy,At_Risk
4.58,156.0,228.0,358.0,4.16,23.8,None,Antibiotics,Female,Yes,Healthy,Diseased
3.1,288.0,43.0,286.0,4.24,28.8,None,Antibiotics,Male,Yes,Unhealthy,Diseased
4.38,18.0,48.0,368.0,3.78,28.9,Low,None,Female,Yes,Moderate,At_Risk
3.65,,76.0,144.0,2.72,38.5,Moderate,None,Female,No,Unhealthy,Diseased
0.69,103.0,218.0,386.0,5.18,26.7,Moderate,Herbal,,Yes,Healthy,Diseased
4.52,153.0,161.0,106.0,4.33,20.7,Low,None,Female,No,Unhealthy,Diseased
,298.0,208.0,116.0,2.85,23.3,High,Painkiller,Female,Yes,Moderate,Diseased
2.72,23.0,98.0,95.0,4.03,22.2,None,Antibiotics,Male,No,Unhealthy,At_Risk
,266.0,,143.0,3.99,37.2,Moderate,Steroids,Male,Occasional,Moderate,At_Risk
0.16,195.0,88.0,,2.68,29.6,Low,None,Male,Yes,Healthy,Diseased
2.17,216.0,294.0,142.0,4.32,36.6,Moderate,Antibiotics,Male,No,Moderate,Diseased
1.55,181.0,41.0,281.0,4.92,28.1,Moderate,None,Male,No,Moderate,Healthy
2.48,279.0,96.0,98.0,,41.8,High,None,Female,No,Moderate,Diseased
2.93,230.0,48.0,72.0,3.11,44.5,None,Painkiller,Female,Yes,Moderate,Diseased
0.31,161.0,110.0,111.0,5.09,35.4,Moderate,Multiple,Female,No,Moderate,At_Risk
0.7,120.0,253.0,316.0,3.53,41.1,Moderate,None,Female,No,Healthy,At_Risk
2.84,192.0,,378.0,5.34,30.7,Moderate,None,Female,Occasional,Moderate,Diseased
1.78,81.0,77.0,167.0,2.72,43.1,Low,Steroids,Female,Occasional,Healthy,At_Risk
3.67,292.0,201.0,137.0,3.96,40.1,None,Painkiller,Other,Occasional,Healthy,Diseased
3.3,83.0,37.0,138.0,4.29,44.8,None,Antibiotics,,No,Moderate,At_Risk
4.24,224.0,279.0,104.0,3.24,34.1,None,Multiple,Male,Yes,Moderate,Diseased
3.49,32.0,235.0,202.0,4.81,38.6,Moderate,,Male,Occasional,Unhealthy,Diseased
2.21,77.0,86.0,288.0,4.38,31.7,Moderate,Painkiller,Female,No,Moderate,At_Risk
3.4,102.0,,314.0,2.55,23.5,None,Antibiotics,Male,No,Unhealthy,Diseased
1.45,72.0,176.0,317.0,4.33,26.3,High,Multiple,Male,Yes,Healthy,Diseased
1.6,233.0,293.0,162.0,3.97,41.9,None,None,Female,Occasional,Unhealthy,Diseased
3.97,234.0,201.0,,3.09,17.6,,Painkiller,Female,Yes,Unhealthy,Diseased
2.29,112.0,98.0,205.0,5.49,33.2,None,Painkiller,Female,No,Moderate,Diseased
4.01,224.0,41.0,57.0,5.19,26.8,Moderate,None,,No,Healthy,At_Risk
4.13,201.0,146.0,251.0,3.38,27.2,Moderate,Multiple,Male,Yes,Moderate,Diseased
4.3,169.0,165.0,266.0,4.12,41.7,Low,Steroids,Female,No,Healthy,Diseased
4.59,216.0,259.0,341.0,3.45,40.8,Moderate,Painkiller,Female,Yes,Moderate,Diseased
2.21,,104.0,99.0,4.83,33.4,None,Herbal,Female,No,Healthy,Diseased
1.66,203.0,26.0,156.0,5.29,23.9,Low,Painkiller,Female,No,,Healthy
2.95,,126.0,58.0,3.58,29.8,Low,Herbal,Male,No,Healthy,Diseased
1.92,246.0,19.0,282.0,4.92,27.8,None,None,Male,No,Healthy,Healthy
3.05,97.0,89.0,237.0,4.0,26.3,Moderate,None,Female,Yes,Healthy,Diseased
3.56,20.0,143.0,372.0,3.69,19.0,Moderate,None,Male,No,Healthy,At_Risk
3.47,196.0,212.0,358.0,5.32,31.8,None,Antibiotics,Male,Yes,Moderate,Diseased
1.94,223.0,125.0,387.0,4.03,24.8,None,None,Female,Yes,Healthy,Diseased
0.92,24.0,229.0,159.0,3.9,35.2,None,None,Male,No,Moderate,At_Risk
2.21,275.0,262.0,194.0,4.52,25.3,None,Multiple,Female,Occasional,Moderate,Diseased
0.8,82.0,178.0,277.0,3.28,,Low,Multiple,Male,Yes,Healthy,Diseased
4.46,61.0,214.0,358.0,3.47,17.5,None,Antibiotics,Male,Yes,Healthy,Diseased
1.79,137.0,257.0,163.0,5.3,44.8,Moderate,Herbal,Other,Occasional,Moderate,At_Risk
0.86,37.0,80.0,112.0,,30.7,Low,Multiple,Male,No,Unhealthy,Healthy
0.22,74.0,,324.0,4.98,16.7,None,Steroids,Female,No,Moderate,Healthy
3.26,26.0,111.0,173.0,3.31,31.7,High,Antibiotics,Male,No,Moderate,Diseased
3.22,147.0,22.0,135.0,4.13,41.2,None,Herbal,Female,No,Moderate,At_Risk
1.77,238.0,280.0,119.0,5.41,38.4,Low,Antibiotics,Male,No,Unhealthy,Diseased
0.45,263.0,229.0,96.0,3.46,36.3,Low,None,Female,Yes,Unhealthy,Diseased
2.11,219.0,24.0,248.0,2.98,,None,Painkiller,Male,No,Moderate,At_Risk
1.62,240.0,247.0,250.0,4.03,35.1,None,Painkiller,Female,No,Healthy,At_Risk
3.42,250.0,126.0,325.0,3.66,38.2,None,Multiple,Male,No,Moderate,Diseased
3.07,79.0,65.0,86.0,2.98,32.6,Moderate,Steroids,Male,No,Healthy,At_Risk
1.89,113.0,141.0,252.0,,41.9,Moderate,Herbal,Female,Yes,Moderate,Diseased
1.17,213.0,235.0,179.0,5.47,24.0,Moderate,Herbal,Female,Yes,Moderate,Diseased
4.94,62.0,231.0,341.0,4.21,23.0,Low,Painkiller,Female,No,Moderate,At_Risk
2.32,63.0,182.0,113.0,4.82,41.2,Low,Steroids,Female,No,Moderate,At_Risk
3.47,285.0,294.0,312.0,5.08,34.1,None,None,Male,No,Healthy,Diseased
0.79,40.0,166.0,169.0,4.6,16.0,None,Painkiller,Male,Yes,Unhealthy,At_Risk
2.48,144.0,160.0,327.0,2.63,26.2,None,Herbal,Female,,Healthy,Diseased
0.23,67.0,194.0,251.0,2.97,40.9,Low,Antibiotics,Male,No,Healthy,At_Risk
2.58,114.0,187.0,95.0,,16.8,None,Herbal,Male,Yes,Moderate,Diseased
4.82,275.0,30.0,217.0,2.53,16.1,None,None,Female,Occasional,Unhealthy,Diseased
1.98,19.0,121.0,159.0,3.42,24.2,None,Steroids,Male,No,Moderate,At_Risk
0.29,262.0,180.0,95.0,3.68,42.5,Low,None,,Occasional,Moderate,At_Risk
0.25,,147.0,261.0,3.22,42.1,Low,Antibiotics,Male,No,Moderate,Diseased
2.0,167.0,242.0,77.0,2.69,31.0,None,Painkiller,Female,Occasional,Healthy,Diseased
0.88,46.0,39.0,136.0,4.09,32.0,None,Antibiotics,Male,No,Moderate,Healthy
0.21,128.0,170.0,,,25.6,None,None,Male,No,Healthy,At_Risk
3.81,76.0,87.0,206.0,4.89,23.1,None,Painkiller,Female,Occasional,Unhealthy,At_Risk
,251.0,287.0,314.0,2.52,39.6,None,Steroids,Male,No,Healthy,Diseased
1.52,222.0,30.0,314.0,5.03,19.1,None,Antibiotics,Male,Occasional,Healthy,Healthy
4.51,110.0,,71.0,5.36,30.1,Moderate,Antibiotics,Female,No,Moderate,Diseased
0.67,65.0,45.0,305.0,4.65,34.4,Low,Antibiotics,Female,Yes,Moderate,At_Risk
4.78,248.0,223.0,240.0,4.7,19.0,None,Multiple,,No,Moderate,Diseased
1.64,240.0,41.0,,5.3,31.1,None,Multiple,Male,Occasional,Healthy,At_Risk
4.45,101.0,195.0,235.0,3.13,32.7,None,Painkiller,Female,No,Healthy,Diseased
3.05,288.0,183.0,375.0,5.48,37.5,None,Painkiller,Male,No,Unhealthy,Diseased
4.15,118.0,63.0,232.0,,22.8,High,Antibiotics,Female,Yes,Moderate,Diseased
4.92,177.0,170.0,251.0,4.68,24.5,Moderate,None,Male,Occasional,Moderate,Diseased
1.51,227.0,259.0,114.0,3.58,32.5,None,Painkiller,Female,No,Moderate,At_Risk
,231.0,260.0,92.0,4.14,44.5,Low,None,Male,No,Moderate,Diseased
2.01,170.0,288.0,270.0,4.46,22.3,None,None,Male,,Moderate,Diseased
1.99,25.0,180.0,66.0,4.36,44.6,None,Antibiotics,Male,No,Moderate,At_Risk
1.77,,,373.0,4.61,36.7,Moderate,Painkiller,Male,Yes,Healthy,Diseased
2.75,66.0,11.0,334.0,2.75,40.0,None,None,Male,No,Moderate,At_Risk
0.86,71.0,203.0,232.0,3.57,18.6,Low,Herbal,Male,Yes,Healthy,At_Risk
2.81,251.0,,93.0,3.8,24.7,Low,Herbal,Female,No,Moderate,Diseased
2.75,99.0,256.0,237.0,3.28,17.7,Low,Herbal,Male,No,Moderate,Diseased
3.83,81.0,253.0,312.0,3.02,,High,Painkiller,Female,No,Healthy,Diseased
4.18,,119.0,223.0,2.92,44.5,Moderate,None,Male,Yes,Moderate,Diseased
2.26,297.0,80.0,103.0,3.6,19.1,Moderate,None,Female,No,Healthy,At_Risk
1.58,95.0,173.0,269.0,3.98,32.3,Low,None,Female,No,Unhealthy,Diseased
1.37,243.0,294.0,95.0,2.69,16.2,None,None,Female,No,Healthy,At_Risk
1.05,244.0,122.0,309.0,5.34,36.7,Moderate,Herbal,Male,Yes,Unhealthy,Diseased
0.38,274.0,237.0,244.0,4.8,21.7,High,Multiple,Female,,Moderate,Diseased
1.78,296.0,25.0,396.0,4.69,19.8,Low,Herbal,Male,Occasional,Healthy,Healthy
1.42,278.0,40.0,110.0,3.02,25.8,High,Steroids,Male,Yes,Healthy,Diseased
4.84,195.0,171.0,215.0,4.31,38.4,None,,Female,No,Healthy,Diseased
2.83,140.0,202.0,209.0,4.09,19.1,None,Herbal,Male,No,Healthy,Diseased
1.8,286.0,219.0,200.0,5.45,22.7,None,Multiple,Male,No,Healthy,At_Risk
2.94,189.0,241.0,,4.74,16.2,Low,Antibiotics,Male,Occasional,Healthy,Diseased
0.78,299.0,193.0,86.0,4.23,44.1,Moderate,None,Male,No,Healthy,At_Risk
2.28,172.0,24.0,52.0,5.05,33.2,None,None,Male,No,Moderate,At_Risk
3.17,280.0,218.0,62.0,2.97,36.9,High,Antibiotics,Female,No,Healthy,Diseased
2.5,105.0,181.0,211.0,2.55,34.9,Low,Painkiller,Male,Yes,Moderate,Diseased
2.07,271.0,275.0,393.0,4.57,20.2,Low,Multiple,Female,Yes,Healthy,Diseased
4.97,297.0,29.0,381.0,2.79,33.3,Moderate,Antibiotics,Female,Occasional,Unhealthy,Diseased
4.41,92.0,79.0,313.0,2.85,19.8,None,Steroids,Female,No,,At_Risk
3.15,234.0,17.0,132.0,4.73,27.6,Moderate,None,Female,No,Moderate,At_Risk
2.89,232.0,43.0,314.0,3.31,32.5,None,Painkiller,Female,No,Healthy,Diseased
3.14,127.0,233.0,383.0,4.39,32.2,None,Painkiller,Male,Occasional,Moderate,Diseased
1.09,201.0,188.0,268.0,5.25,19.5,Low,Steroids,Male,Occasional,Healthy,At_Risk
,88.0,255.0,195.0,3.45,17.0,High,Painkiller,Female,Occasional,Unhealthy,Diseased
0.29,87.0,269.0,347.0,3.15,39.1,Low,Multiple,Female,No,Unhealthy,Diseased
2.43,156.0,117.0,346.0,2.82,37.1,Low,Steroids,Female,No,Moderate,Diseased
2.76,116.0,251.0,210.0,2.89,18.4,Moderate,Steroids,Male,No,Moderate,Diseased
1.22,280.0,33.0,278.0,2.69,19.7,None,Multiple,Male,No,Moderate,At_Risk
4.82,253.0,225.0,283.0,2.76,41.9,Moderate,Multiple,Female,No,Healthy,Diseased
4.56,,64.0,138.0,3.8,,Low,None,Female,No,Moderate,At_Risk
3.64,35.0,35.0,382.0,3.46,44.9,None,Herbal,Female,No,Healthy,At_Risk
2.71,219.0,290.0,359.0,4.62,23.4,Low,None,Female,No,Moderate,Diseased
4.36,101.0,195.0,264.0,5.11,30.1,None,Painkiller,Female,No,Healthy,Diseased
0.74,134.0,21.0,146.0,4.85,22.9,None,None,Male,No,Healthy,Healthy
3.97,82.0,138.0,262.0,4.09,34.1,None,Antibiotics,Female,Yes,Moderate,Diseased
0.71,132.0,217.0,361.0,2.81,19.3,None,Painkiller,Male,No,Healthy,At_Risk
3.99,193.0,142.0,149.0,,19.7,Moderate,Antibiotics,Female,Yes,Moderate,Diseased
1.45,196.0,205.0,194.0,3.59,18.1,Low,Steroids,Male,No,Moderate,At_Risk
4.4,207.0,271.0,59.0,2.76,36.1,Low,Antibiotics,Male,,,Diseased
4.73,87.0,291.0,93.0,5.03,,None,None,Male,No,Healthy,Diseased
0.83,195.0,112.0,300.0,3.51,33.9,Moderate,Herbal,Female,No,Moderate,At_Risk
2.37,262.0,129.0,276.0,3.15,41.5,None,Antibiotics,Female,Yes,Unhealthy,Diseased
4.91,22.0,192.0,298.0,5.11,37.5,Low,Painkiller,Male,Occasional,Healthy,At_Risk
2.47,85.0,18.0,218.0,5.21,29.4,None,Multiple,Female,,Moderate,At_Risk
4.33,60.0,54.0,179.0,3.52,44.5,Low,None,Female,No,Healthy,At_Risk
2.98,284.0,253.0,68.0,3.56,29.2,None,Antibiotics,Female,Occasional,Healthy,Diseased
1.94,158.0,279.0,385.0,4.24,19.3,Moderate,Steroids,Female,No,Healthy,At_Risk
1.5,228.0,121.0,284.0,4.7,44.8,Moderate,None,Male,No,Moderate,At_Risk
1.1,131.0,64.0,394.0,2.69,16.7,Moderate,Painkiller,Male,Occasional,Healthy,At_Risk
3.83,220.0,,50.0,4.28,31.9,None,Herbal,Male,Yes,Healthy,Diseased
1.99,289.0,46.0,179.0,5.36,25.0,None,None,Female,No,Moderate,Healthy
2.61,35.0,187.0,76.0,3.29,30.6,High,Painkiller,Male,Occasional,Healthy,Diseased
2.51,182.0,136.0,51.0,5.23,32.2,Low,Antibiotics,Male,No,Moderate,Diseased
2.93,165.0,126.0,299.0,5.35,23.0,High,Steroids,Male,No,Healthy,Diseased
4.34,247.0,81.0,271.0,3.31,32.1,Low,Steroids,Male,Yes,Healthy,Diseased
4.91,91.0,120.0,187.0,4.76,37.9,High,Herbal,Female,No,Moderate,Diseased
2.1,,158.0,324.0,3.22,23.7,High,Painkiller,Female,No,Moderate,Diseased
4.15,77.0,194.0,190.0,4.71,27.1,Moderate,Steroids,Male,Occasional,Unhealthy,At_Risk
3.85,53.0,114.0,305.0,4.89,23.8,None,Steroids,Female,No,Moderate,At_Risk
2.91,70.0,156.0,361.0,3.24,39.8,Low,Painkiller,Female,Yes,Unhealthy,Diseased
4.78,132.0,230.0,144.0,4.65,37.0,High,Multiple,Female,No,Healthy,Diseased
1.08,205.0,15.0,222.0,4.94,41.3,Moderate,Herbal,Male,No,Moderate,At_Risk
0.64,120.0,269.0,106.0,3.58,20.9,None,None,Male,Yes,Moderate,Diseased
4.28,267.0,51.0,151.0,3.0,18.1,Low,Steroids,Female,Yes,Moderate,Diseased
2.25,98.0,268.0,218.0,2.78,19.5,Moderate,Steroids,Female,Occasional,Unhealthy,Diseased
4.25,207.0,280.0,119.0,4.23,20.7,Low,Painkiller,Male,Occasional,Moderate,Diseased
4.48,291.0,56.0,387.0,5.43,31.5,Moderate,Herbal,Female,No,Healthy,At_Risk
0.41,209.0,94.0,98.0,4.97,44.2,Moderate,Steroids,Female,No,Unhealthy,Diseased
4.43,108.0,183.0,396.0,3.81,26.4,High,Steroids,Male,No,Healthy,Diseased
2.3,,67.0,54.0,4.11,43.8,None,None,Male,No,Healthy,At_Risk
2.6,98.0,208.0,251.0,3.34,17.1,None,Painkiller,Male,No,,Diseased
3.17,155.0,218.0,251.0,2.99,42.9,None,Painkiller,Female,No,Healthy,Diseased
4.64,191.0,257.0,228.0,3.95,21.3,High,Steroids,Other,Yes,Healthy,Diseased
0.19,266.0,220.0,106.0,3.89,42.5,Low,Antibiotics,Female,No,Unhealthy,Diseased
2.44,198.0,48.0,235.0,4.07,17.6,None,None,Female,Occasional,Healthy,At_Risk
3.47,249.0,261.0,141.0,5.36,,None,Painkiller,Female,No,Moderate,Diseased
3.64,205.0,140.0,341.0,4.31,21.8,Low,Painkiller,Male,No,,Diseased
3.49,174.0,259.0,276.0,4.32,24.8,Moderate,Steroids,Male,Yes,Healthy,Diseased
0.76,280.0,61.0,161.0,2.88,30.2,Moderate,Steroids,Male,Yes,Healthy,Diseased
1.57,17.0,23.0,197.0,5.49,27.0,Moderate,Painkiller,Female,No,Moderate,Healthy
1.86,47.0,165.0,318.0,4.82,35.4,None,None,Female,No,Healthy,At_Risk
4.04,123.0,39.0,252.0,5.13,44.3,High,None,Male,No,Moderate,Diseased
1.47,65.0,99.0,397.0,3.74,33.6,None,None,Male,Yes,Moderate,At_Risk
1.13,147.0,176.0,105.0,4.01,36.9,Low,,Female,Occasional,Moderate,At_Risk
4.79,111.0,78.0,350.0,4.07,18.6,None,None,Male,No,Healthy,At_Risk
0.14,186.0,172.0,365.0,3.08,34.2,None,Painkiller,Female,No,Healthy,Diseased
4.99,178.0,251.0,234.0,4.57,29.2,None,Steroids,Male,No,Moderate,Diseased
3.42,295.0,61.0,103.0,,41.7,Low,Multiple,Female,No,Unhealthy,Diseased
,270.0,151.0,86.0,,27.3,Low,Multiple,Female,No,Moderate,Diseased
,232.0,72.0,260.0,,35.7,None,Multiple,Male,No,Moderate,At_Risk
0.17,208.0,100.0,342.0,4.71,22.6,None,Steroids,,No,Unhealthy,At_Risk
3.72,,,319.0,3.32,23.5,Moderate,,Male,No,Healthy,Diseased
4.19,296.0,166.0,269.0,4.37,26.9,None,Herbal,Male,No,Healthy,Diseased
3.73,189.0,159.0,277.0,4.59,24.8,None,Herbal,Male,No,Moderate,Diseased
0.8,259.0,280.0,260.0,3.47,23.4,Low,Multiple,Female,Yes,Healthy,Diseased
3.79,240.0,,347.0,4.95,17.4,Moderate,Painkiller,Male,Occasional,Unhealthy,At_Risk
3.87,32.0,125.0,50.0,4.15,40.3,None,Painkiller,Male,No,Moderate,At_Risk
3.33,57.0,201.0,72.0,5.11,17.9,High,Painkiller,Female,No,Healthy,Diseased
3.85,118.0,13.0,333.0,4.79,41.7,Low,Steroids,Male,No,Healthy,At_Risk
4.25,15.0,,237.0,5.11,19.6,Low,Herbal,Male,No,Moderate,At_Risk
3.11,47.0,250.0,67.0,2.56,17.9,None,Herbal,Male,No,Moderate,At_Risk
0.53,178.0,39.0,98.0,3.23,,Moderate,Painkiller,Female,,Unhealthy,Diseased
2.49,292.0,152.0,96.0,2.77,30.6,None,Painkiller,Female,,Moderate,Diseased
0.48,212.0,192.0,164.0,3.83,30.2,Low,Multiple,Male,No,Moderate,At_Risk
2.1,282.0,25.0,88.0,5.17,32.7,None,None,,Yes,Healthy,Diseased
2.09,253.0,120.0,266.0,3.9,24.3,Low,None,Male,No,Healthy,Diseased
0.42,56.0,210.0,259.0,5.05,35.2,Moderate,Steroids,Female,No,Moderate,At_Risk
1.81,258.0,116.0,311.0,3.48,30.6,Moderate,None,,Yes,Unhealthy,Diseased
0.64,88.0,171.0,260.0,3.52,25.7,None,Painkiller,Male,No,Moderate,At_Risk
4.06,119.0,292.0,102.0,5.19,40.0,Low,None,Female,Yes,Moderate,Diseased
4.74,22.0,278.0,330.0,3.78,37.1,Low,None,Male,Occasional,Moderate,At_Risk
0.45,99.0,164.0,370.0,4.87,27.4,,Antibiotics,Male,Yes,Moderate,Diseased
4.78,289.0,82.0,182.0,3.21,40.6,Low,Painkiller,Female,No,Healthy,Diseased
2.66,230.0,206.0,313.0,5.35,42.7,None,Painkiller,Other,No,Moderate,Diseased
,82.0,252.0,344.0,4.22,31.6,Low,None,Male,No,Moderate,At_Risk
0.48,243.0,95.0,160.0,4.78,22.2,Moderate,Herbal,Female,Occasional,Healthy,At_Risk
,269.0,296.0,92.0,2.77,42.6,None,Painkiller,Female,Occasional,Moderate,Diseased
,122.0,268.0,387.0,3.98,21.5,None,Painkiller,Male,No,Healthy,Diseased
,55.0,295.0,287.0,5.2,17.4,None,None,Female,Occasional,Moderate,At_Risk
0.35,283.0,158.0,296.0,5.13,25.5,High,Painkiller,Female,No,Moderate,Diseased
0.46,52.0,199.0,53.0,2.64,37.1,Moderate,Painkiller,Female,No,Healthy,At_Risk
2.07,217.0,226.0,398.0,3.41,42.8,None,Antibiotics,Male,No,Moderate,Diseased
1.55,112.0,95.0,399.0,3.83,34.5,Low,Multiple,Male,No,Moderate,At_Risk
1.24,133.0,225.0,361.0,3.02,43.6,None,Multiple,Female,Occasional,Unhealthy,Diseased
1.48,19.0,127.0,,4.69,18.7,Low,Antibiotics,Male,No,Unhealthy,At_Risk
4.04,196.0,96.0,242.0,3.05,17.8,Low,None,Male,Yes,,Diseased
4.65,40.0,,52.0,3.54,33.5,High,Antibiotics,Male,Occasional,Healthy,At_Risk
2.09,165.0,170.0,327.0,4.49,44.0,None,None,Male,Yes,Moderate,Diseased
4.54,69.0,200.0,105.0,3.95,30.6,Low,Steroids,Male,No,Moderate,At_Risk
1.68,258.0,,323.0,4.72,,Moderate,Painkiller,Male,Yes,Moderate,At_Risk
2.43,279.0,161.0,225.0,5.38,22.4,Moderate,Herbal,Male,No,Healthy,Diseased
1.21,226.0,104.0,165.0,2.85,23.1,,Multiple,Male,Yes,Moderate,Diseased
3.24,11.0,55.0,133.0,4.63,25.8,Moderate,Painkiller,Female,No,Healthy,Healthy
4.9,33.0,147.0,208.0,3.19,17.3,None,Painkiller,Male,Yes,Healthy,Diseased
3.06,215.0,297.0,335.0,,42.2,Low,Antibiotics,Female,Yes,Unhealthy,Diseased
1.85,208.0,173.0,129.0,2.6,31.0,Moderate,None,Female,Yes,Moderate,Diseased
3.27,123.0,25.0,115.0,2.91,35.5,,Multiple,Female,Occasional,Moderate,Diseased
0.7,289.0,27.0,258.0,3.46,17.9,Moderate,Painkiller,Female,No,Moderate,At_Risk
4.45,164.0,145.0,59.0,3.53,17.6,Low,None,Male,No,Healthy,Diseased
2.57,174.0,256.0,248.0,5.2,33.0,Moderate,Herbal,Male,No,Moderate,Diseased
2.3,231.0,257.0,108.0,4.73,41.7,None,None,Male,No,Healthy,Diseased
2.97,100.0,207.0,283.0,5.42,31.3,None,None,Male,No,Moderate,Diseased
3.16,176.0,10.0,356.0,4.3,41.5,Moderate,Antibiotics,Male,No,Moderate,At_Risk
0.45,216.0,199.0,293.0,3.23,39.5,None,Steroids,Female,Yes,Healthy,Diseased
3.44,291.0,54.0,103.0,3.48,18.2,High,Antibiotics,Male,Occasional,Healthy,Diseased
1.29,74.0,41.0,386.0,3.46,21.9,Low,Steroids,Other,No,Moderate,Healthy
3.6,13.0,127.0,58.0,3.48,35.1,Low,None,Female,No,,Diseased
4.13,166.0,193.0,150.0,4.52,28.9,Moderate,Painkiller,Female,No,Moderate,Diseased
4.04,258.0,200.0,344.0,4.09,24.4,Moderate,Painkiller,Male,No,Healthy,Diseased
2.81,266.0,244.0,252.0,3.66,28.1,Low,Multiple,Female,Yes,Moderate,Diseased
2.65,244.0,247.0,202.0,2.95,28.9,None,None,Male,No,Healthy,Diseased
0.8,83.0,225.0,159.0,2.57,42.4,Moderate,None,Male,Yes,Moderate,Diseased
3.9,196.0,83.0,371.0,3.16,19.0,None,,Female,No,Healthy,Diseased
1.43,71.0,120.0,315.0,2.82,24.1,None,Multiple,,Occasional,Healthy,At_Risk
2.53,173.0,112.0,201.0,4.86,31.6,Low,Herbal,Male,Occasional,Moderate,Diseased
1.49,65.0,83.0,132.0,2.84,,None,None,Female,Occasional,Healthy,At_Risk
0.76,120.0,261.0,183.0,4.67,34.3,High,Antibiotics,,No,Unhealthy,Diseased
3.18,227.0,123.0,375.0,3.66,43.3,Low,Painkiller,Female,No,Moderate,Diseased
0.37,249.0,247.0,209.0,,39.1,High,Herbal,Female,No,Unhealthy,Diseased
3.77,30.0,182.0,88.0,4.94,32.2,None,None,Male,Yes,Healthy,Diseased
1.66,150.0,88.0,225.0,4.24,22.2,High,None,Female,No,Healthy,Diseased
0.1,274.0,102.0,62.0,3.21,29.1,None,Painkiller,Female,Yes,Moderate,Diseased
2.6,148.0,59.0,364.0,5.18,36.1,None,None,Male,Yes,Healthy,Diseased
0.33,79.0,294.0,116.0,2.64,40.3,None,Steroids,Male,No,Moderate,At_Risk
1.45,127.0,232.0,297.0,3.11,43.8,Low,Herbal,Female,Yes,Moderate,Diseased
3.56,207.0,90.0,90.0,4.76,33.6,None,Steroids,Female,No,Moderate,Diseased
0.41,214.0,275.0,233.0,4.63,31.3,Low,Painkiller,,No,Healthy,At_Risk
4.21,223.0,164.0,84.0,3.37,16.5,None,Herbal,Male,Yes,Moderate,Diseased
0.12,65.0,242.0,386.0,2.69,18.1,None,None,Male,Occasional,Moderate,At_Risk
1.31,296.0,245.0,339.0,5.07,20.5,Low,None,Female,Yes,Moderate,Diseased
3.73,184.0,168.0,125.0,3.44,17.6,None,,Male,Yes,Healthy,Diseased
1.65,137.0,260.0,119.0,3.09,27.6,Moderate,None,Female,Occasional,,At_Risk
0.6,297.0,291.0,283.0,4.05,25.8,Low,None,Female,No,,At_Risk
1.87,235.0,111.0,60.0,5.23,34.5,High,Painkiller,Male,Occasional,Moderate,Diseased
1.42,73.0,60.0,332.0,2.63,31.5,Low,Multiple,Female,No,Healthy,Healthy
4.23,57.0,61.0,353.0,4.8,33.3,,Multiple,Male,No,Moderate,At_Risk
1.64,211.0,218.0,73.0,4.22,29.7,Low,Painkiller,Female,No,Healthy,At_Risk
3.97,69.0,140.0,323.0,3.78,24.1,High,None,Male,No,Unhealthy,Diseased
4.47,,279.0,76.0,4.73,43.6,None,None,Male,No,Moderate,Diseased
2.23,74.0,214.0,103.0,5.4,18.5,Moderate,Painkiller,Female,No,Moderate,At_Risk
4.56,248.0,228.0,104.0,3.19,43.2,Moderate,None,Female,No,Moderate,Diseased
1.95,298.0,266.0,282.0,2.93,25.0,None,None,Male,No,Healthy,At_Risk
4.82,47.0,194.0,326.0,5.24,30.9,Low,Steroids,Male,No,Moderate,At_Risk
0.54,34.0,154.0,,4.51,19.2,Moderate,Antibiotics,Male,Yes,Healthy,At_Risk
3.47,68.0,187.0,274.0,3.81,18.1,Low,None,Male,No,Healthy,At_Risk
2.52,167.0,23.0,107.0,4.22,28.5,None,Herbal,,No,Healthy,At_Risk
2.0,66.0,,304.0,4.74,37.5,Moderate,,Male,No,Moderate,At_Risk
3.2,57.0,196.0,225.0,4.82,23.8,None,Painkiller,Female,No,Healthy,At_Risk
3.55,65.0,268.0,103.0,5.26,32.3,Moderate,None,Female,Occasional,Unhealthy,Diseased
0.12,74.0,49.0,195.0,3.78,24.1,None,Multiple,Female,Yes,Healthy,Healthy
0.92,277.0,98.0,308.0,3.38,27.3,None,Steroids,Female,Yes,Unhealthy,Diseased
3.59,78.0,134.0,201.0,4.42,42.3,None,None,Male,No,Unhealthy,Diseased
3.37,225.0,18.0,311.0,3.75,40.8,Low,Antibiotics,Male,No,Healthy,At_Risk
4.83,98.0,93.0,68.0,4.28,31.0,High,Painkiller,Female,No,Unhealthy,Diseased
3.83,290.0,30.0,391.0,3.76,22.9,None,Antibiotics,Female,Yes,Unhealthy,Diseased
4.76,266.0,290.0,220.0,2.96,21.6,,Painkiller,Male,Yes,Healthy,Diseased
3.54,,181.0,246.0,3.91,43.7,Low,Painkiller,Female,Occasional,,Diseased
1.56,243.0,34.0,122.0,4.57,21.9,Moderate,Steroids,Female,No,Healthy,Healthy
0.62,140.0,112.0,352.0,4.9,39.4,Low,Antibiotics,Female,No,Healthy,At_Risk
3.93,58.0,199.0,134.0,3.98,,None,None,Female,No,Moderate,At_Risk
3.26,156.0,245.0,333.0,3.0,44.6,Low,None,Female,Yes,Healthy,Diseased
0.34,11.0,46.0,351.0,3.74,26.7,,Painkiller,Female,No,Healthy,Healthy
1.86,154.0,281.0,181.0,4.86,26.2,Low,Painkiller,Male,No,Unhealthy,At_Risk
4.79,70.0,161.0,169.0,3.74,34.5,None,None,Female,Occasional,,Diseased
2.55,282.0,291.0,265.0,4.59,43.9,Moderate,Steroids,Male,Yes,Moderate,Diseased
2.22,58.0,29.0,185.0,4.02,44.3,High,None,Male,No,Moderate,At_Risk
2.34,140.0,146.0,165.0,3.22,36.5,Moderate,Steroids,Female,No,Unhealthy,Diseased
1.12,52.0,38.0,110.0,4.89,37.9,Low,Herbal,Female,Yes,Healthy,At_Risk
1.91,66.0,40.0,66.0,2.75,32.3,Low,None,Female,No,Unhealthy,At_Risk
1.91,59.0,28.0,83.0,4.07,37.9,None,Steroids,Male,Yes,Healthy,At_Risk
0.36,187.0,157.0,69.0,3.13,40.9,Moderate,Multiple,Male,No,Unhealthy,Diseased
3.86,55.0,292.0,257.0,2.7,30.1,Low,None,Male,Occasional,Moderate,Diseased
2.14,179.0,172.0,211.0,4.01,34.0,High,Multiple,Male,Yes,Unhealthy,Diseased
4.13,280.0,122.0,348.0,4.0,31.6,None,Antibiotics,Female,Occasional,Unhealthy,Diseased
4.27,148.0,159.0,59.0,4.62,32.3,Moderate,Antibiotics,Male,No,Unhealthy,Diseased
1.14,256.0,264.0,143.0,4.73,41.8,Moderate,None,Male,No,Moderate,At_Risk
3.32,157.0,96.0,156.0,4.68,26.3,None,Steroids,Male,No,Unhealthy,Diseased
2.41,239.0,107.0,154.0,3.73,22.0,Moderate,Painkiller,Female,Occasional,Moderate,Diseased
4.41,289.0,141.0,,4.4,29.2,High,Steroids,Male,No,Healthy,Diseased
1.16,134.0,106.0,133.0,4.23,22.0,High,Herbal,Female,No,Moderate,Diseased
3.42,201.0,107.0,258.0,3.76,30.5,Moderate,Antibiotics,Male,No,Healthy,Diseased
3.08,89.0,299.0,308.0,4.29,42.2,None,None,Male,Yes,Unhealthy,Diseased
1.55,103.0,236.0,288.0,5.34,33.9,Moderate,None,,,Healthy,At_Risk
0.77,235.0,154.0,351.0,3.08,40.8,Moderate,None,Female,Yes,Unhealthy,Diseased
3.29,74.0,165.0,281.0,5.22,20.8,None,Herbal,Female,No,Moderate,At_Risk
3.72,97.0,279.0,331.0,2.66,42.1,None,,Female,,Healthy,Diseased
1.65,97.0,171.0,255.0,3.43,,None,Painkiller,Female,No,Unhealthy,Diseased
3.26,210.0,121.0,313.0,3.36,16.9,None,Painkiller,Female,Occasional,Healthy,Diseased
2.04,223.0,194.0,360.0,4.38,34.4,Moderate,Herbal,Female,No,Moderate,Diseased
3.59,213.0,,396.0,2.89,43.6,None,Painkiller,Female,No,Moderate,Diseased
1.08,98.0,106.0,234.0,5.15,18.3,None,Multiple,Male,No,,At_Risk
4.46,70.0,64.0,163.0,4.99,32.9,Low,Steroids,Male,No,Moderate,At_Risk
,280.0,126.0,128.0,4.46,42.5,Low,Herbal,Female,No,Moderate,At_Risk
1.9,103.0,102.0,391.0,3.88,16.3,None,None,Female,No,Unhealthy,At_Risk
0.38,36.0,213.0,,5.3,34.3,None,None,Male,No,Healthy,At_Risk
0.65,,291.0,99.0,4.99,29.8,None,None,Male,No,Healthy,At_Risk
2.63,83.0,198.0,369.0,4.0,26.1,Moderate,Painkiller,Male,No,Moderate,Diseased
1.41,70.0,93.0,144.0,4.61,34.2,,Steroids,Female,Occasional,Moderate,At_Risk
4.19,195.0,189.0,307.0,4.2,17.5,Low,None,Male,Occasional,Moderate,Diseased
0.17,40.0,,111.0,4.26,37.8,None,None,Female,Occasional,Healthy,At_Risk
1.96,228.0,190.0,191.0,3.49,16.1,None,Antibiotics,Female,Yes,Moderate,Diseased
1.75,21.0,190.0,379.0,3.89,24.9,Low,None,Female,Yes,Unhealthy,At_Risk
0.19,41.0,292.0,271.0,2.73,30.6,None,Painkiller,Male,Yes,Healthy,Diseased
0.71,169.0,296.0,160.0,3.57,26.9,None,None,Female,Yes,Healthy,Diseased
2.13,246.0,115.0,153.0,4.59,24.9,None,Steroids,Female,No,Moderate,Diseased
2.52,236.0,138.0,64.0,5.36,40.1,None,Antibiotics,Male,No,Healthy,Diseased
2.08,190.0,271.0,319.0,5.39,43.1,Moderate,Antibiotics,Male,No,Moderate,Diseased
2.7,55.0,20.0,208.0,4.17,41.3,None,None,Female,Yes,,At_Risk
,89.0,171.0,206.0,4.32,31.2,Moderate,None,Female,Yes,Healthy,Diseased
0.15,144.0,190.0,76.0,3.06,41.6,Moderate,Herbal,Male,No,Moderate,Diseased
2.37,269.0,222.0,134.0,4.59,42.7,Moderate,Steroids,Male,No,Healthy,Diseased
4.82,256.0,283.0,58.0,2.71,27.9,None,Antibiotics,Male,No,Unhealthy,Diseased
2.64,168.0,30.0,325.0,3.35,24.2,Moderate,Antibiotics,Female,Yes,Unhealthy,Diseased
3.42,212.0,284.0,276.0,4.51,,None,None,Female,,Moderate,Diseased
1.63,121.0,269.0,235.0,3.43,29.9,None,Herbal,Male,No,Moderate,At_Risk
3.89,128.0,125.0,128.0,2.65,43.4,None,Herbal,Male,No,Healthy,Diseased
3.89,26.0,34.0,265.0,5.0,32.3,High,Antibiotics,Female,Yes,Moderate,Diseased
2.65,236.0,263.0,106.0,3.43,35.4,None,Multiple,Female,Occasional,Moderate,Diseased
4.88,126.0,220.0,193.0,2.69,19.3,High,None,Female,Occasional,Healthy,Diseased
0.72,52.0,266.0,380.0,2.72,20.2,None,Steroids,Female,No,Healthy,At_Risk
,124.0,177.0,116.0,3.26,29.5,High,Multiple,Male,No,Healthy,Diseased
3.87,292.0,30.0,324.0,3.03,43.6,High,Painkiller,Female,No,Healthy,Diseased
4.06,46.0,95.0,154.0,4.82,26.5,High,None,Male,No,Moderate,Diseased
0.69,122.0,24.0,237.0,3.47,41.4,Low,Steroids,Female,Yes,Unhealthy,Diseased
1.4,44.0,59.0,213.0,4.91,19.5,Moderate,None,Female,No,Moderate,Healthy
0.19,141.0,205.0,316.0,3.02,33.9,High,Herbal,Female,Yes,Moderate,Diseased
1.54,237.0,297.0,100.0,3.98,33.4,None,None,Female,No,Moderate,At_Risk
3.89,156.0,254.0,175.0,4.56,40.9,Low,Steroids,Male,Occasional,Healthy,Diseased
2.64,131.0,210.0,129.0,4.46,16.1,Moderate,Painkiller,Male,No,Moderate,Diseased
1.81,90.0,,232.0,4.3,21.5,None,None,Female,No,Healthy,At_Risk
1.92,182.0,155.0,359.0,5.27,22.4,Moderate,Herbal,Female,Yes,Healthy,Diseased
0.11,163.0,136.0,,3.19,43.5,None,Steroids,Female,Yes,Moderate,Diseased
1.57,159.0,184.0,219.0,3.98,20.5,Low,Painkiller,Female,No,Healthy,At_Risk
3.27,67.0,143.0,329.0,5.15,17.1,None,None,Female,Occasional,Healthy,At_Risk
4.87,72.0,75.0,353.0,2.73,31.5,None,Steroids,Male,No,Healthy,At_Risk
4.25,165.0,288.0,389.0,2.67,31.3,None,Herbal,Male,No,Healthy,Diseased
0.22,177.0,255.0,263.0,3.2,40.5,Moderate,Steroids,Male,Occasional,Moderate,Diseased
4.5,175.0,246.0,247.0,4.4,43.5,None,Antibiotics,Female,No,Healthy,Diseased
3.94,94.0,180.0,56.0,3.28,31.6,Moderate,None,Female,No,Healthy,Diseased
3.92,146.0,60.0,,3.07,43.0,Moderate,Herbal,Male,Yes,Healthy,Diseased
2.34,198.0,162.0,61.0,3.88,37.0,Low,Steroids,Female,Yes,Healthy,Diseased
2.05,11.0,89.0,159.0,4.34,23.7,None,Antibiotics,Male,No,Unhealthy,At_Risk
1.58,115.0,154.0,182.0,3.25,42.9,None,Antibiotics,Male,No,Healthy,Diseased
0.42,81.0,283.0,177.0,3.4,35.4,Low,Antibiotics,Female,No,Healthy,Diseased
1.22,135.0,164.0,197.0,4.34,28.0,None,Herbal,,No,Moderate,At_Risk
1.31,179.0,152.0,103.0,5.34,35.7,Low,Steroids,Female,Occasional,Healthy,At_Risk
2.47,214.0,43.0,360.0,4.52,27.6,High,Herbal,Male,No,Moderate,Diseased
3.76,204.0,248.0,128.0,4.85,19.3,None,Antibiotics,Male,No,Healthy,Diseased
2.42,167.0,147.0,395.0,,36.9,Low,Antibiotics,Female,Yes,Unhealthy,Diseased
0.38,150.0,263.0,146.0,3.32,39.9,High,Herbal,Other,Yes,Unhealthy,Diseased
4.79,284.0,14.0,298.0,3.86,37.1,Moderate,None,Female,Yes,Moderate,Diseased
4.72,,185.0,176.0,4.92,22.6,Moderate,Painkiller,Male,No,Moderate,At_Risk
3.95,63.0,223.0,79.0,3.87,43.7,Moderate,Antibiotics,Male,,Moderate,At_Risk
4.96,113.0,32.0,73.0,5.04,16.7,None,Multiple,Male,No,Unhealthy,At_Risk
2.77,70.0,22.0,250.0,5.47,25.6,Moderate,None,Male,No,Moderate,Healthy
4.82,96.0,250.0,180.0,2.72,23.5,High,None,Female,Yes,Healthy,Diseased
0.47,267.0,285.0,171.0,2.64,17.4,Low,None,Male,No,Healthy,At_Risk
1.89,187.0,101.0,376.0,2.95,27.8,Low,Painkiller,Female,Occasional,Healthy,At_Risk
1.2,251.0,117.0,199.0,3.65,34.1,Low,None,Female,No,Moderate,At_Risk
1.06,212.0,238.0,63.0,2.89,41.6,None,Antibiotics,Female,Occasional,Healthy,Diseased
0.79,40.0,,353.0,5.11,44.7,None,Herbal,Male,No,Moderate,At_Risk
3.15,298.0,117.0,78.0,,39.4,Low,Antibiotics,Male,Occasional,Healthy,Diseased
3.93,89.0,298.0,99.0,3.45,29.6,Low,None,Male,Yes,Unhealthy,Diseased
2.93,,185.0,289.0,3.05,37.0,Low,Herbal,Male,Yes,Moderate,Diseased
0.82,263.0,295.0,332.0,5.29,40.5,None,Antibiotics,Male,No,Moderate,At_Risk
4.07,296.0,250.0,384.0,4.51,29.5,Moderate,None,,Occasional,Moderate,Diseased
3.22,185.0,154.0,205.0,5.24,38.8,None,Painkiller,Male,No,Unhealthy,Diseased
2.0,135.0,23.0,186.0,5.42,30.0,None,Herbal,Male,No,Healthy,Healthy
3.4,56.0,284.0,376.0,3.99,27.2,Low,Steroids,Male,Yes,Healthy,Diseased
1.37,215.0,80.0,385.0,3.2,31.3,Low,Antibiotics,Female,No,Moderate,At_Risk
1.79,116.0,204.0,203.0,3.08,35.6,None,None,Female,No,Moderate,Diseased
4.6,284.0,20.0,130.0,,37.1,Low,Herbal,Female,Yes,Moderate,Diseased
1.52,132.0,115.0,136.0,4.63,26.3,Moderate,Painkiller,Male,No,Healthy,At_Risk
2.4,143.0,267.0,313.0,2.62,32.6,Low,Herbal,Female,Yes,Healthy,Diseased
4.46,116.0,205.0,307.0,2.65,42.4,Low,Antibiotics,Male,Yes,Healthy,Diseased
3.57,59.0,154.0,234.0,4.32,44.3,None,None,Male,No,Unhealthy,Diseased
0.4,104.0,229.0,229.0,4.43,22.6,Low,None,Female,No,Healthy,At_Risk
0.82,,183.0,235.0,4.5,,Moderate,None,Female,Yes,Moderate,Diseased
0.14,32.0,225.0,172.0,3.62,35.6,Low,None,Other,Yes,Moderate,At_Risk
3.19,63.0,102.0,145.0,4.92,28.0,Moderate,None,Female,No,Healthy,At_Risk
2.29,263.0,269.0,142.0,4.1,16.7,Low,Antibiotics,Male,No,Healthy,Diseased
0.76,244.0,72.0,52.0,2.82,26.1,Moderate,Antibiotics,Male,No,Healthy,At_Risk
4.79,68.0,38.0,,4.89,39.4,Moderate,Antibiotics,Male,Yes,Moderate,At_Risk
2.7,173.0,284.0,354.0,5.36,39.1,,Antibiotics,Male,Yes,Healthy,Diseased
1.29,268.0,294.0,,2.68,30.3,High,Herbal,Female,No,,Diseased
2.55,225.0,79.0,334.0,3.67,29.7,Low,Multiple,Female,Yes,Healthy,Diseased
3.43,192.0,288.0,194.0,3.96,32.8,High,None,Female,Occasional,Healthy,Diseased
0.47,66.0,240.0,379.0,2.94,22.4,Low,Antibiotics,Female,No,Healthy,At_Risk
1.45,154.0,,,5.1,31.3,Moderate,None,Female,Yes,Healthy,Diseased
4.05,99.0,181.0,111.0,3.35,16.3,None,None,Male,Occasional,Healthy,Diseased
2.35,54.0,189.0,275.0,4.85,29.8,Moderate,Steroids,Male,Occasional,Moderate,At_Risk
2.78,266.0,273.0,80.0,4.51,25.7,Moderate,Painkiller,Female,No,Healthy,Diseased
2.22,30.0,192.0,239.0,4.29,35.6,None,Herbal,Other,No,Moderate,At_Risk
0.32,30.0,214.0,317.0,,34.5,Moderate,Painkiller,Male,Occasional,Moderate,At_Risk
0.91,61.0,258.0,61.0,3.16,27.0,Moderate,None,Female,No,Unhealthy,At_Risk
2.28,180.0,222.0,240.0,2.64,16.2,None,Herbal,Female,No,Healthy,Diseased
1.13,76.0,168.0,74.0,3.22,23.3,Low,None,Female,No,Healthy,At_Risk
0.34,122.0,109.0,140.0,3.54,34.4,,None,Male,Yes,Unhealthy,Diseased
4.23,169.0,121.0,137.0,5.0,18.1,Low,None,Female,No,Unhealthy,Diseased
4.91,275.0,175.0,381.0,3.6,19.1,,Multiple,Male,Occasional,Healthy,Diseased
,241.0,45.0,323.0,4.76,34.8,None,Painkiller,Female,No,Healthy,At_Risk
4.28,77.0,121.0,350.0,3.82,37.9,None,Antibiotics,Male,Yes,Unhealthy,Diseased
1.29,37.0,96.0,160.0,4.85,25.3,None,Herbal,Female,No,Healthy,Healthy
4.81,125.0,192.0,129.0,5.43,30.2,None,Antibiotics,Female,No,Unhealthy,Diseased
1.06,60.0,94.0,373.0,3.22,43.4,Moderate,Herbal,Male,No,Unhealthy,At_Risk
4.76,190.0,278.0,189.0,5.09,43.4,,Painkiller,Female,Occasional,Healthy,Diseased
4.97,269.0,,263.0,4.37,24.9,Moderate,Multiple,Female,No,Unhealthy,Diseased
3.59,88.0,99.0,67.0,4.95,39.5,None,Herbal,Female,Yes,Moderate,Diseased
,282.0,247.0,103.0,4.45,33.2,Low,Painkiller,Male,Yes,Moderate,Diseased
2.89,117.0,31.0,146.0,3.77,44.3,None,Painkiller,Male,No,Moderate,At_Risk
1.37,83.0,176.0,332.0,3.18,29.9,Moderate,Multiple,Male,Yes,Healthy,Diseased
2.24,184.0,224.0,283.0,2.71,38.5,Moderate,Steroids,Male,No,Moderate,Diseased
3.01,193.0,,289.0,4.11,38.3,Moderate,Antibiotics,Female,Yes,Healthy,Diseased
0.46,32.0,39.0,383.0,5.47,30.4,None,Herbal,Male,No,Unhealthy,Healthy
3.15,283.0,115.0,393.0,4.71,39.1,Moderate,Antibiotics,Male,Yes,Moderate,Diseased
4.91,138.0,176.0,103.0,3.48,23.6,Low,None,Male,Yes,Healthy,Diseased
1.03,195.0,163.0,136.0,4.98,19.5,Moderate,Painkiller,Male,No,Healthy,At_Risk
3.98,,16.0,310.0,4.81,28.3,Low,Antibiotics,Female,No,Unhealthy,At_Risk
4.55,10.0,206.0,285.0,3.34,43.4,Low,None,Other,No,Healthy,Diseased
4.72,140.0,55.0,172.0,2.54,30.5,None,Painkiller,Female,Occasional,Unhealthy,Diseased
4.8,,27.0,103.0,2.85,34.4,,Herbal,Male,No,Healthy,At_Risk
2.66,294.0,162.0,265.0,5.13,34.1,None,None,Female,No,Moderate,Diseased
4.89,98.0,273.0,246.0,5.01,19.8,None,None,Female,No,Unhealthy,Diseased
3.81,109.0,83.0,88.0,3.39,27.3,None,Herbal,Female,Occasional,Healthy,Diseased
0.89,198.0,154.0,277.0,3.36,36.5,High,Antibiotics,Female,No,Healthy,Diseased
2.44,250.0,111.0,286.0,4.88,44.2,None,None,Male,No,Unhealthy,Diseased
3.62,279.0,130.0,181.0,5.31,20.9,Moderate,Herbal,Male,Yes,Moderate,Diseased
,228.0,185.0,379.0,4.84,27.9,High,Steroids,Female,Occasional,Moderate,Diseased
3.24,185.0,72.0,370.0,4.32,18.8,High,Painkiller,Female,Yes,Unhealthy,Diseased
3.37,242.0,93.0,217.0,3.23,23.0,Moderate,Painkiller,Male,No,Moderate,Diseased
0.9,160.0,24.0,86.0,4.08,26.9,Moderate,None,Male,No,Unhealthy,At_Risk
2.87,286.0,143.0,116.0,3.2,31.7,None,Herbal,Female,No,Moderate,Diseased
3.88,238.0,130.0,160.0,4.92,22.7,None,Antibiotics,Female,No,Moderate,Diseased
2.54,180.0,137.0,268.0,3.66,22.6,Low,Antibiotics,Female,No,Healthy,Diseased
0.16,232.0,297.0,,5.0,38.6,Low,Herbal,Female,Yes,Unhealthy,Diseased
0.14,222.0,189.0,136.0,3.64,43.9,None,None,Male,Occasional,Moderate,At_Risk
1.85,291.0,91.0,352.0,4.97,25.4,Moderate,None,Male,Yes,,Diseased
4.64,50.0,22.0,228.0,3.5,36.0,Low,None,Female,No,Moderate,At_Risk
1.22,131.0,33.0,62.0,3.82,23.5,Moderate,None,Female,Yes,Healthy,At_Risk
,236.0,177.0,349.0,4.35,42.9,Low,Steroids,Male,No,Moderate,Diseased
1.19,97.0,279.0,174.0,2.71,35.5,Low,Antibiotics,,No,Unhealthy,Diseased
,276.0,79.0,282.0,5.34,39.3,Low,None,Female,No,Healthy,At_Risk
4.26,38.0,98.0,300.0,4.22,17.4,Low,None,Male,No,,At_Risk
3.67,256.0,198.0,175.0,4.02,33.4,High,None,Female,No,Healthy,Diseased
0.57,253.0,266.0,284.0,,31.3,None,Multiple,Female,No,Moderate,At_Risk
2.2,70.0,226.0,187.0,5.1,24.5,,Steroids,Female,No,Moderate,At_Risk
,156.0,41.0,98.0,4.07,23.6,Moderate,Antibiotics,Female,No,Healthy,Healthy
2.46,183.0,150.0,235.0,5.28,32.8,Low,,Male,No,Moderate,Diseased
3.35,287.0,170.0,254.0,2.69,36.5,None,Painkiller,Female,Occasional,Unhealthy,Diseased
0.68,151.0,41.0,,2.84,17.0,None,None,Male,Occasional,Healthy,At_Risk
1.52,53.0,161.0,243.0,4.29,32.5,None,Multiple,Female,Occasional,Healthy,At_Risk
2.05,153.0,269.0,,3.56,,None,Herbal,Female,Occasional,Moderate,Diseased
4.61,64.0,225.0,154.0,3.89,20.1,Moderate,Antibiotics,Male,Occasional,Moderate,At_Risk
4.97,170.0,288.0,336.0,3.48,34.1,Low,Antibiotics,Male,Yes,Unhealthy,Diseased
0.32,294.0,294.0,373.0,,25.0,None,Antibiotics,Male,Occasional,Healthy,At_Risk
3.83,207.0,107.0,260.0,4.97,28.8,Low,None,Female,Yes,Unhealthy,Diseased
1.92,168.0,39.0,299.0,4.28,26.4,None,None,Male,Yes,Moderate,At_Risk
2.02,89.0,99.0,342.0,5.49,34.8,High,Antibiotics,Female,No,Healthy,Diseased
3.8,40.0,157.0,250.0,4.86,29.6,,None,Female,Yes,Unhealthy,Diseased
4.6,121.0,153.0,73.0,3.32,43.9,High,None,Female,Occasional,Healthy,Diseased
4.76,55.0,76.0,349.0,3.29,26.2,None,Antibiotics,Female,No,Moderate,At_Risk
2.93,214.0,67.0,132.0,3.51,37.5,Moderate,Multiple,Male,No,Moderate,At_Risk
1.85,61.0,290.0,346.0,5.03,23.5,None,Multiple,Female,No,Moderate,Healthy
3.96,147.0,288.0,228.0,2.58,30.8,None,None,Male,Yes,Moderate,Diseased
1.33,83.0,245.0,347.0,3.19,32.0,None,None,Male,Yes,Moderate,Diseased
2.86,50.0,137.0,255.0,5.21,25.5,Low,Antibiotics,Male,No,Healthy,At_Risk
1.86,86.0,218.0,89.0,4.42,29.7,None,Herbal,Female,No,Moderate,At_Risk
,196.0,195.0,353.0,3.18,24.1,Low,Multiple,Male,Occasional,Unhealthy,Diseased
1.28,61.0,178.0,162.0,3.16,16.2,Moderate,Herbal,Female,Yes,Moderate,At_Risk
1.04,96.0,181.0,389.0,5.09,22.3,None,Steroids,Male,No,Unhealthy,At_Risk
,118.0,269.0,53.0,5.18,36.3,,None,Female,Yes,Moderate,Diseased
0.6,234.0,214.0,157.0,3.27,38.4,Moderate,None,Female,No,Moderate,Diseased
2.58,257.0,144.0,365.0,3.76,24.1,Low,None,Female,No,Moderate,Diseased
1.18,78.0,55.0,,5.0,27.8,Moderate,Antibiotics,Female,Occasional,Healthy,Healthy
0.29,129.0,18.0,216.0,4.81,17.1,Low,None,Female,Occasional,Unhealthy,At_Risk
0.28,76.0,170.0,310.0,4.94,22.9,Low,Steroids,Male,No,,At_Risk
0.96,70.0,298.0,155.0,4.06,38.6,,Steroids,Male,No,Unhealthy,At_Risk
4.35,200.0,115.0,273.0,5.23,33.6,High,None,,No,Moderate,Diseased
1.48,198.0,299.0,311.0,3.48,22.0,Moderate,Multiple,Male,Occasional,Unhealthy,Diseased
4.76,160.0,97.0,300.0,2.97,23.5,High,Antibiotics,Male,Occasional,Moderate,Diseased
2.95,,201.0,63.0,4.63,39.7,Low,Multiple,Male,No,,Diseased
2.24,105.0,162.0,247.0,4.12,22.1,Moderate,Multiple,Female,,Unhealthy,Diseased
2.94,272.0,146.0,175.0,5.06,25.7,Low,None,Male,No,Moderate,Diseased
2.63,106.0,282.0,255.0,2.74,35.3,Low,Painkiller,Male,Occasional,Moderate,Diseased
3.82,122.0,158.0,189.0,5.03,32.3,Moderate,None,Male,No,Healthy,Diseased
1.48,134.0,197.0,111.0,3.38,29.4,None,Herbal,Female,No,Unhealthy,Diseased
1.83,141.0,150.0,332.0,4.46,42.1,None,Antibiotics,Female,Yes,Healthy,Diseased
4.48,130.0,140.0,103.0,2.62,22.4,None,Multiple,Female,No,Healthy,Diseased
4.74,206.0,13.0,395.0,4.33,37.5,Moderate,None,Male,No,Healthy,At_Risk
4.47,131.0,272.0,61.0,4.65,20.6,Low,Steroids,Female,No,Moderate,Diseased
2.16,291.0,35.0,185.0,3.61,33.9,Low,Multiple,Male,Yes,Healthy,Diseased
3.92,269.0,33.0,379.0,3.15,41.2,High,Steroids,Female,Yes,Moderate,Diseased
2.43,48.0,275.0,193.0,4.11,29.3,Low,None,Female,No,Healthy,At_Risk
2.54,63.0,238.0,331.0,5.0,37.0,None,Antibiotics,Female,No,Moderate,At_Risk
1.1,170.0,,185.0,3.47,39.8,Low,None,Female,No,Healthy,Diseased
3.0,298.0,134.0,350.0,3.26,19.9,Moderate,None,Female,No,,Diseased
1.01,209.0,181.0,270.0,3.34,36.5,None,Painkiller,Female,No,Unhealthy,Diseased
1.72,285.0,243.0,389.0,5.35,42.7,Low,None,Male,No,Healthy,At_Risk
4.29,25.0,284.0,258.0,3.58,32.7,None,Herbal,Male,Occasional,Healthy,At_Risk
1.11,182.0,85.0,172.0,2.51,21.4,Low,,Female,Yes,Unhealthy,Diseased
0.45,257.0,223.0,,4.85,19.7,None,Steroids,Female,Yes,Healthy,Diseased
0.44,227.0,167.0,206.0,,23.5,None,None,Male,Yes,Healthy,Diseased
4.71,96.0,213.0,319.0,2.89,19.0,Low,None,Female,Occasional,Healthy,Diseased
2.58,91.0,,66.0,5.45,,High,None,Male,Yes,Healthy,Diseased
2.11,71.0,84.0,318.0,4.32,18.0,Moderate,None,Male,Yes,Healthy,Diseased
,296.0,238.0,398.0,4.0,22.5,,Painkiller,Male,No,Unhealthy,Diseased
4.2,51.0,71.0,268.0,3.65,28.8,Moderate,Antibiotics,Female,No,Healthy,Healthy
1.73,21.0,67.0,368.0,5.2,29.7,None,Multiple,Female,No,Healthy,Healthy
3.5,243.0,283.0,287.0,3.23,32.4,None,Painkiller,Female,Occasional,Unhealthy,Diseased
3.88,140.0,117.0,82.0,3.36,36.5,High,None,Female,No,Moderate,Diseased
3.31,124.0,196.0,334.0,2.87,17.4,Low,None,Female,No,Healthy,Diseased
0.84,227.0,238.0,86.0,4.78,18.3,High,Herbal,Female,Yes,Moderate,Diseased
4.39,146.0,57.0,152.0,4.29,17.8,None,Steroids,Male,No,Healthy,At_Risk
2.74,115.0,277.0,260.0,4.33,28.3,,Herbal,Female,Occasional,Moderate,Diseased
1.48,188.0,224.0,329.0,3.16,17.2,,None,Male,No,Moderate,At_Risk
2.18,,299.0,191.0,4.45,37.6,None,None,Female,Yes,Unhealthy,Diseased
0.28,251.0,263.0,288.0,4.8,22.5,None,None,Other,Yes,Healthy,Diseased
0.73,235.0,96.0,278.0,3.57,43.2,Low,Herbal,Female,Occasional,Moderate,At_Risk
3.85,251.0,190.0,182.0,4.9,30.1,Low,None,Male,No,Healthy,Diseased
0.1,150.0,34.0,174.0,3.55,,None,Antibiotics,Female,Occasional,Moderate,Healthy
2.14,208.0,231.0,102.0,4.77,38.6,,Antibiotics,Male,No,Healthy,Diseased
2.66,121.0,58.0,137.0,2.6,36.7,Moderate,Antibiotics,Male,No,Moderate,Diseased
0.37,136.0,184.0,147.0,4.15,33.6,Low,None,Female,No,Moderate,At_Risk
4.87,30.0,283.0,144.0,5.41,43.1,Low,Antibiotics,Male,Yes,Unhealthy,Diseased
,156.0,44.0,237.0,5.44,28.2,Low,None,Other,No,,At_Risk
1.59,98.0,226.0,305.0,3.35,39.4,Moderate,Multiple,Male,No,Moderate,Diseased
1.59,212.0,218.0,122.0,3.82,,Low,None,Female,No,Healthy,At_Risk
1.23,94.0,169.0,331.0,2.69,40.3,High,None,Female,No,Moderate,Diseased
0.11,176.0,16.0,67.0,5.12,23.5,Low,Painkiller,,No,Moderate,Healthy
3.67,81.0,278.0,213.0,4.21,24.4,None,Herbal,Male,No,Healthy,Diseased
4.84,18.0,135.0,195.0,3.66,35.7,Low,None,Other,Occasional,Moderate,At_Risk
1.2,290.0,99.0,363.0,2.84,22.2,Low,Painkiller,Female,No,Healthy,At_Risk
,267.0,51.0,302.0,5.34,22.6,Low,None,Male,No,Healthy,At_Risk
3.74,284.0,168.0,209.0,4.09,24.9,Moderate,None,Male,Yes,Healthy,Diseased
4.26,247.0,211.0,398.0,3.35,35.7,None,Antibiotics,Female,No,Unhealthy,Diseased
2.17,29.0,291.0,98.0,3.55,41.8,Moderate,None,Male,No,Healthy,At_Risk
1.58,242.0,297.0,,3.31,35.6,Moderate,Steroids,Male,No,Healthy,Diseased
1.69,230.0,100.0,376.0,4.31,40.0,Moderate,Herbal,Female,Occasional,Unhealthy,Diseased
3.59,26.0,134.0,114.0,5.29,31.8,,,Female,Occasional,Moderate,At_Risk
4.1,98.0,135.0,338.0,5.07,18.0,High,None,Female,No,Moderate,Diseased
0.99,205.0,61.0,99.0,3.88,18.9,Low,Painkiller,Female,No,Healthy,Healthy
1.92,93.0,112.0,53.0,4.98,,None,Multiple,Female,No,Moderate,At_Risk
4.52,96.0,196.0,168.0,3.77,25.5,Moderate,Herbal,Female,No,Healthy,Diseased
4.05,163.0,214.0,389.0,3.26,22.4,None,None,Male,No,Moderate,Diseased
4.93,237.0,23.0,213.0,5.45,,Moderate,,Male,Yes,Moderate,Diseased
3.8,273.0,113.0,272.0,3.41,35.3,None,Multiple,Male,No,Moderate,Diseased
2.03,232.0,126.0,205.0,3.47,27.2,None,Painkiller,Male,Yes,Moderate,Diseased
2.99,130.0,102.0,311.0,5.47,39.3,None,Herbal,Female,No,Moderate,Diseased
3.34,182.0,153.0,222.0,2.9,37.4,Low,Painkiller,Female,Occasional,Moderate,Diseased
0.48,13.0,119.0,72.0,4.78,37.3,None,None,Female,No,Moderate,At_Risk
2.77,137.0,172.0,110.0,5.31,44.6,None,None,Female,Yes,Healthy,Diseased
3.58,119.0,62.0,370.0,4.04,24.6,Moderate,None,,Yes,Unhealthy,Diseased
0.92,46.0,12.0,183.0,2.51,34.7,Moderate,None,Female,Yes,Healthy,At_Risk
3.93,80.0,77.0,73.0,3.63,40.8,Moderate,Herbal,Male,No,Moderate,At_Risk
2.96,298.0,,342.0,2.83,32.8,Moderate,Steroids,Female,No,Healthy,Diseased
4.77,40.0,147.0,94.0,3.75,38.9,Low,Steroids,Female,Yes,Unhealthy,Diseased
0.31,277.0,296.0,228.0,4.87,28.0,Moderate,Antibiotics,Male,Yes,,Diseased
1.4,20.0,75.0,112.0,3.82,33.1,Low,Painkiller,Male,No,Healthy,Healthy
3.05,41.0,164.0,78.0,3.8,17.6,Low,None,Male,No,Moderate,At_Risk
1.55,66.0,96.0,145.0,4.17,44.6,Moderate,Multiple,Female,No,Healthy,At_Risk
3.6,175.0,42.0,,4.25,39.2,None,Antibiotics,Male,Yes,Healthy,Diseased
3.82,197.0,77.0,340.0,5.07,41.2,Moderate,Painkiller,Female,Yes,Unhealthy,Diseased
0.6,28.0,196.0,104.0,3.43,36.1,Low,Multiple,Male,Yes,Healthy,Diseased
2.62,125.0,201.0,202.0,4.97,21.4,None,Painkiller,Male,No,Healthy,Diseased
2.59,193.0,222.0,268.0,4.2,16.9,None,Herbal,Female,No,Moderate,Diseased
1.91,279.0,97.0,222.0,3.4,41.1,None,Herbal,Female,Yes,Unhealthy,Diseased
4.67,42.0,117.0,145.0,3.39,27.5,Moderate,None,Male,No,Healthy,At_Risk
4.15,19.0,249.0,172.0,3.58,,High,None,Female,No,Healthy,Diseased
3.52,89.0,225.0,61.0,4.37,32.3,Low,Multiple,Male,No,Healthy,Diseased
3.6,201.0,186.0,53.0,3.19,28.2,None,Painkiller,Female,No,Healthy,Diseased
2.36,199.0,62.0,395.0,5.26,34.9,None,None,Female,Yes,,Diseased
4.61,77.0,58.0,116.0,4.22,30.0,Moderate,Painkiller,Male,No,Unhealthy,At_Risk
3.5,134.0,123.0,194.0,5.26,36.2,None,Antibiotics,Female,No,Healthy,Diseased
3.67,68.0,104.0,114.0,2.64,40.7,High,Herbal,Male,No,Moderate,Diseased
4.32,106.0,34.0,131.0,3.53,21.7,Moderate,Multiple,,Yes,Unhealthy,Diseased
,284.0,141.0,154.0,2.57,25.6,Moderate,Multiple,Male,No,Moderate,At_Risk
4.05,158.0,188.0,230.0,3.32,28.7,Low,Multiple,Male,Yes,Healthy,Diseased
1.06,287.0,154.0,389.0,5.09,43.9,Moderate,None,Female,No,Moderate,At_Risk
1.79,274.0,,154.0,2.61,26.6,Low,Steroids,Female,No,Unhealthy,Diseased
1.74,18.0,93.0,275.0,3.81,27.1,Moderate,None,Female,No,Healthy,Healthy
4.89,292.0,166.0,,2.85,35.0,Moderate,None,Male,Occasional,Healthy,Diseased
4.3,282.0,94.0,65.0,3.75,28.2,Low,Herbal,Female,No,Healthy,Diseased
3.54,17.0,262.0,326.0,5.02,43.6,Low,Painkiller,Male,Yes,Moderate,Diseased
3.66,217.0,81.0,382.0,4.37,41.9,High,Multiple,Female,Occasional,Healthy,Diseased
2.85,134.0,232.0,347.0,4.71,30.9,High,None,Female,No,Moderate,Diseased
4.74,132.0,285.0,103.0,3.55,34.7,Moderate,Herbal,Male,Yes,Moderate,Diseased
2.53,42.0,292.0,337.0,5.33,17.7,None,None,,No,Moderate,At_Risk
1.96,10.0,273.0,163.0,4.63,36.2,None,None,Female,No,,At_Risk
0.9,213.0,255.0,87.0,3.77,36.5,Moderate,Painkiller,Female,No,Healthy,At_Risk
3.95,15.0,70.0,279.0,3.78,26.4,None,,Female,Yes,Moderate,At_Risk
3.7,14.0,268.0,215.0,5.26,22.4,None,Painkiller,Female,No,Moderate,At_Risk
1.98,89.0,16.0,231.0,4.23,42.5,None,Multiple,Other,No,Moderate,At_Risk
0.22,283.0,197.0,254.0,4.62,28.4,Low,Steroids,Female,No,Healthy,At_Risk
,186.0,13.0,294.0,3.75,35.0,Low,None,Male,No,Moderate,At_Risk
0.16,145.0,240.0,382.0,3.17,17.0,,None,Female,Occasional,Moderate,At_Risk
3.55,34.0,142.0,358.0,4.67,28.0,None,Painkiller,Male,No,Moderate,At_Risk
4.85,192.0,,170.0,4.32,39.7,Moderate,Painkiller,Female,Occasional,Healthy,Diseased
2.24,177.0,24.0,308.0,4.0,27.2,High,Antibiotics,Female,Yes,Healthy,Diseased
1.25,187.0,22.0,259.0,4.37,,None,None,Female,Yes,Moderate,At_Risk
3.55,104.0,127.0,359.0,3.12,22.1,None,Herbal,Female,No,Moderate,Diseased
4.1,42.0,249.0,345.0,4.88,28.1,Low,None,Female,No,Moderate,At_Risk
2.78,120.0,272.0,243.0,5.34,42.9,Moderate,Antibiotics,,No,Moderate,Diseased
4.84,155.0,15.0,117.0,5.17,32.4,Moderate,Antibiotics,Female,No,Healthy,At_Risk
0.35,240.0,240.0,163.0,3.46,42.2,Moderate,None,Female,No,Healthy,Diseased
2.57,281.0,39.0,269.0,3.72,42.2,Moderate,Herbal,Female,No,Moderate,At_Risk
,47.0,31.0,269.0,4.93,43.4,None,Antibiotics,Male,Occasional,Moderate,At_Risk
4.33,144.0,165.0,,4.29,42.0,None,Antibiotics,Female,No,Moderate,Diseased
0.98,244.0,127.0,286.0,4.14,16.1,Low,Painkiller,,No,Unhealthy,At_Risk
,169.0,202.0,347.0,5.28,43.1,Moderate,Multiple,Male,Yes,Moderate,Diseased
2.81,,204.0,143.0,4.11,20.0,Low,Steroids,Male,No,Healthy,At_Risk
2.04,159.0,177.0,302.0,4.04,17.2,High,Painkiller,Male,No,Moderate,Diseased
0.75,38.0,248.0,264.0,2.63,17.6,Moderate,None,,No,,At_Risk
4.34,153.0,253.0,307.0,2.71,26.1,Moderate,None,Female,No,Healthy,Diseased
0.87,85.0,78.0,396.0,2.52,34.0,None,None,Female,No,Unhealthy,At_Risk
1.62,154.0,104.0,289.0,5.24,27.7,None,Multiple,Male,No,Moderate,At_Risk
1.52,238.0,86.0,364.0,3.73,16.7,Moderate,Painkiller,Female,No,Moderate,At_Risk
4.37,73.0,180.0,263.0,3.91,29.8,None,Herbal,Female,No,Unhealthy,At_Risk
3.4,278.0,10.0,147.0,5.04,28.8,None,None,Male,No,Healthy,At_Risk
4.0,193.0,71.0,65.0,4.33,37.9,High,Painkiller,Male,Yes,Healthy,Diseased
1.33,270.0,216.0,203.0,,24.1,Moderate,Multiple,Female,No,Healthy,At_Risk
3.16,277.0,163.0,65.0,3.39,22.3,None,None,Male,No,Healthy,Diseased
2.9,178.0,283.0,247.0,5.0,23.4,Moderate,Antibiotics,Male,Occasional,Healthy,Diseased
4.18,268.0,57.0,157.0,3.0,24.8,None,Multiple,Other,Yes,Unhealthy,Diseased
4.54,,146.0,72.0,2.66,33.4,None,Multiple,Female,No,Unhealthy,Diseased
0.16,42.0,10.0,91.0,3.07,29.7,Low,Herbal,Male,Occasional,Moderate,Healthy
3.4,223.0,244.0,86.0,3.3,25.8,Moderate,Herbal,Female,Yes,,Diseased
0.35,,265.0,,3.35,26.9,None,Steroids,Female,No,Healthy,At_Risk
2.79,219.0,116.0,214.0,4.51,26.8,None,None,Female,Occasional,,Diseased
1.51,38.0,182.0,,3.15,44.2,None,Steroids,Male,No,Healthy,At_Risk
1.6,48.0,139.0,199.0,4.53,22.8,High,Multiple,,Occasional,Healthy,At_Risk
1.83,109.0,49.0,55.0,2.77,39.7,Moderate,Antibiotics,Female,No,Healthy,At_Risk
3.14,182.0,25.0,81.0,,36.5,Low,None,Male,No,Moderate,Diseased
1.74,26.0,136.0,194.0,4.03,16.2,None,Antibiotics,Female,Yes,Healthy,At_Risk
3.69,65.0,212.0,,5.27,44.8,Low,Steroids,Male,No,Healthy,At_Risk
2.08,235.0,143.0,342.0,5.08,37.9,Low,None,Male,No,Moderate,Diseased
0.43,55.0,268.0,226.0,5.41,35.8,Moderate,,Female,Yes,Moderate,At_Risk
3.94,76.0,23.0,226.0,4.45,27.8,None,Antibiotics,Male,No,Healthy,Healthy
1.5,206.0,75.0,110.0,4.53,32.1,High,Antibiotics,Male,Occasional,Healthy,At_Risk
2.22,151.0,204.0,126.0,4.38,23.3,Low,Painkiller,Female,No,Unhealthy,Diseased
3.46,32.0,123.0,135.0,4.37,17.0,None,None,Male,Occasional,Healthy,At_Risk
1.73,103.0,168.0,240.0,2.94,40.2,None,Antibiotics,Female,No,Moderate,Diseased
0.38,251.0,170.0,56.0,4.13,42.0,Low,Antibiotics,Male,No,Healthy,At_Risk
1.93,246.0,263.0,134.0,3.66,20.7,High,Painkiller,Male,No,Moderate,Diseased
4.73,63.0,24.0,311.0,3.83,38.8,Moderate,None,Male,,Moderate,At_Risk
3.24,147.0,46.0,308.0,4.07,,Low,Painkiller,,No,Unhealthy,Diseased
3.39,281.0,164.0,96.0,2.89,21.2,None,Painkiller,Male,No,Healthy,Diseased
3.2,,36.0,390.0,3.58,28.2,None,Multiple,Male,No,Healthy,Healthy
1.08,107.0,21.0,143.0,2.69,28.3,Low,Herbal,Female,No,Unhealthy,At_Risk
2.15,192.0,76.0,273.0,5.44,38.0,Moderate,Herbal,Female,No,Moderate,At_Risk
3.78,137.0,39.0,328.0,2.86,40.3,Moderate,Antibiotics,Female,Yes,Unhealthy,Diseased
0.6,238.0,105.0,52.0,3.28,18.7,None,Antibiotics,Male,No,Moderate,At_Risk
1.46,95.0,224.0,178.0,5.17,32.3,,None,Female,No,Moderate,At_Risk
1.45,265.0,203.0,372.0,3.95,38.1,Low,Steroids,Female,Occasional,Unhealthy,Diseased
2.22,218.0,144.0,298.0,2.91,38.8,High,Painkiller,Female,Yes,Moderate,Diseased
4.9,224.0,299.0,,3.65,20.3,Low,,Female,Occasional,Moderate,Diseased
0.43,109.0,41.0,376.0,2.85,,None,Painkiller,Female,Occasional,Moderate,At_Risk
2.64,58.0,48.0,180.0,3.1,,None,None,Female,No,Moderate,At_Risk
0.98,210.0,215.0,277.0,2.66,25.2,None,None,Male,Occasional,Moderate,At_Risk
4.86,267.0,52.0,226.0,3.81,28.3,Low,Herbal,Female,No,Moderate,At_Risk
0.66,187.0,268.0,372.0,4.92,39.3,Moderate,None,Female,Occasional,Moderate,At_Risk
2.08,254.0,258.0,360.0,4.26,18.6,High,None,Female,No,Moderate,Diseased
3.72,132.0,83.0,80.0,4.32,40.9,Low,Multiple,Female,No,Moderate,Diseased
3.55,180.0,283.0,115.0,3.1,25.0,None,Steroids,,Yes,Healthy,Diseased
2.17,145.0,199.0,255.0,3.53,16.0,Moderate,None,Female,Occasional,Healthy,Diseased
1.8,68.0,147.0,150.0,5.04,22.8,Moderate,None,Male,Yes,Healthy,At_Risk
2.05,202.0,291.0,369.0,2.76,18.6,None,None,Female,No,Moderate,Diseased
1.39,277.0,175.0,80.0,5.07,18.7,Moderate,Antibiotics,Male,No,Unhealthy,At_Risk
1.11,269.0,287.0,240.0,3.95,36.1,Moderate,Herbal,Female,Yes,Moderate,Diseased
2.47,104.0,,115.0,5.01,22.2,Low,None,Female,No,Unhealthy,At_Risk
1.42,134.0,82.0,352.0,3.45,43.1,Low,Herbal,Female,Yes,Healthy,Diseased
1.51,50.0,124.0,284.0,3.52,31.0,Moderate,None,Male,No,Moderate,At_Risk
3.32,263.0,60.0,327.0,4.75,29.3,Moderate,None,Male,No,Healthy,At_Risk
4.85,16.0,180.0,251.0,,28.6,None,Multiple,Female,Yes,Healthy,Diseased
3.06,225.0,277.0,399.0,3.19,36.1,None,None,Male,Yes,Unhealthy,Diseased
0.48,78.0,12.0,274.0,5.42,29.1,None,Herbal,Male,Occasional,Healthy,Healthy
0.47,78.0,219.0,132.0,2.75,19.7,Moderate,Steroids,Female,No,Healthy,At_Risk
4.76,90.0,124.0,95.0,2.71,41.5,Low,None,Male,Occasional,Healthy,Diseased
1.56,39.0,176.0,138.0,4.29,28.4,Low,Painkiller,Male,Occasional,Moderate,Healthy
0.55,82.0,274.0,235.0,4.67,18.1,Moderate,Antibiotics,Female,Yes,Moderate,Diseased
3.04,271.0,236.0,238.0,5.38,31.4,None,Multiple,Female,Occasional,Healthy,Diseased
3.16,98.0,160.0,295.0,3.71,34.8,Moderate,Painkiller,Female,Yes,Healthy,Diseased
3.28,217.0,277.0,95.0,2.58,24.0,Low,Painkiller,Female,No,Healthy,Diseased
1.41,222.0,125.0,306.0,4.31,39.2,Low,None,Female,No,Healthy,At_Risk
0.17,275.0,97.0,110.0,3.37,35.4,None,Antibiotics,Male,Yes,Unhealthy,Diseased
4.83,216.0,251.0,154.0,3.8,34.9,High,,Female,Occasional,Unhealthy,Diseased
1.33,86.0,49.0,386.0,3.97,28.2,Moderate,None,Male,No,Unhealthy,At_Risk
3.41,297.0,191.0,63.0,2.69,43.9,None,Multiple,Male,Yes,Unhealthy,Diseased
,56.0,218.0,350.0,3.96,24.0,High,None,Male,Yes,Unhealthy,Diseased
3.09,119.0,282.0,126.0,3.78,32.8,Moderate,None,Female,No,Unhealthy,Diseased
1.63,209.0,128.0,279.0,4.64,,None,Steroids,Female,No,Unhealthy,At_Risk
,219.0,33.0,216.0,4.44,37.6,None,,Male,Yes,Unhealthy,Diseased
,163.0,267.0,115.0,3.06,17.4,None,None,Male,No,Moderate,Diseased
4.34,19.0,101.0,81.0,3.12,17.3,Low,None,Female,No,Healthy,At_Risk
4.74,166.0,170.0,145.0,3.25,39.5,Low,None,Male,Yes,Moderate,Diseased
0.62,270.0,158.0,107.0,3.04,28.6,None,None,Female,Yes,Moderate,Diseased
0.86,86.0,126.0,153.0,4.47,25.9,Low,Steroids,Male,No,,At_Risk
4.73,266.0,62.0,361.0,5.48,33.6,None,Antibiotics,Male,Occasional,Moderate,At_Risk
3.71,140.0,54.0,183.0,4.46,36.4,None,Steroids,,,Moderate,At_Risk
4.43,76.0,274.0,266.0,4.32,21.8,Low,Antibiotics,Male,No,Healthy,At_Risk
1.09,237.0,271.0,116.0,3.73,21.4,None,Herbal,Female,Yes,Healthy,Diseased
2.98,172.0,243.0,227.0,3.44,43.8,Low,Antibiotics,Female,Yes,Unhealthy,Diseased
3.54,24.0,44.0,296.0,5.23,33.1,High,Multiple,Female,No,Moderate,At_Risk
3.43,241.0,206.0,343.0,5.41,27.3,None,Painkiller,Female,No,Healthy,Diseased
2.1,204.0,34.0,284.0,3.99,39.2,None,Herbal,Female,Yes,Unhealthy,Diseased
0.18,39.0,,180.0,3.37,31.2,None,Painkiller,Male,Yes,Healthy,Diseased
2.96,229.0,282.0,,4.81,23.0,Low,Painkiller,Female,No,Moderate,Diseased
1.34,156.0,45.0,103.0,2.9,22.0,Moderate,Herbal,Female,No,Healthy,At_Risk
2.31,268.0,232.0,339.0,4.8,27.5,Low,None,Male,No,Unhealthy,Diseased
4.79,152.0,286.0,288.0,4.96,40.9,Low,Antibiotics,Male,No,Moderate,Diseased
2.06,244.0,27.0,289.0,2.87,17.8,Low,Steroids,Other,,Moderate,At_Risk
4.22,124.0,197.0,344.0,5.43,22.3,None,Herbal,Female,No,Unhealthy,Diseased
1.02,99.0,266.0,161.0,5.46,41.9,Low,Antibiotics,Male,No,Unhealthy,Diseased
3.4,217.0,151.0,137.0,5.31,19.5,Low,Painkiller,Male,No,Moderate,Diseased
,173.0,145.0,277.0,3.99,34.3,None,None,Male,No,Unhealthy,Diseased
0.6,93.0,88.0,353.0,3.24,22.2,Moderate,Multiple,Male,No,Moderate,At_Risk
0.14,86.0,71.0,354.0,4.25,33.6,Low,Painkiller,Male,Yes,Moderate,At_Risk
2.22,170.0,138.0,339.0,3.76,27.1,None,Herbal,Male,No,Moderate,Diseased
0.55,14.0,266.0,257.0,3.12,18.9,Low,None,Male,Yes,Healthy,At_Risk
3.77,87.0,221.0,323.0,3.77,32.9,High,None,Female,,Healthy,Diseased
4.58,100.0,63.0,119.0,4.49,35.8,None,Painkiller,Male,No,Unhealthy,Diseased
2.23,96.0,184.0,269.0,2.71,35.7,None,Steroids,Male,No,Healthy,Diseased
1.37,279.0,109.0,280.0,3.5,34.5,Low,Painkiller,Male,Yes,Moderate,Diseased
2.23,113.0,48.0,339.0,2.55,30.5,Low,None,Male,No,Healthy,Diseased
3.64,184.0,272.0,356.0,4.75,31.1,None,None,Male,No,Moderate,Diseased
0.14,63.0,159.0,398.0,4.42,34.4,High,None,Female,Yes,Healthy,Diseased
2.99,220.0,130.0,304.0,2.69,36.0,Low,None,Male,No,Unhealthy,Diseased
3.11,104.0,187.0,191.0,5.39,35.0,Moderate,None,Male,Yes,Unhealthy,Diseased
3.22,232.0,,118.0,2.57,33.0,None,Herbal,Female,Occasional,Unhealthy,Diseased
1.29,18.0,81.0,138.0,4.27,20.5,Moderate,Painkiller,Female,No,Moderate,Healthy
3.6,62.0,228.0,185.0,4.83,22.1,Low,Painkiller,Male,No,Unhealthy,At_Risk
0.55,86.0,132.0,192.0,4.86,23.5,None,,Male,No,Moderate,At_Risk
1.08,215.0,253.0,388.0,2.6,42.7,High,Painkiller,Female,Occasional,Moderate,Diseased
4.4,121.0,84.0,236.0,5.22,38.0,None,Multiple,Female,No,Healthy,Diseased
3.72,174.0,15.0,60.0,5.26,32.0,High,,Male,No,Unhealthy,Diseased
0.17,288.0,30.0,197.0,4.18,23.3,Low,Painkiller,Male,No,Healthy,Healthy
1.32,36.0,199.0,341.0,3.95,19.2,High,Painkiller,Female,No,Moderate,At_Risk
1.15,79.0,234.0,387.0,2.63,42.1,Low,Antibiotics,Female,No,Moderate,At_Risk
1.43,227.0,112.0,87.0,4.19,41.9,Moderate,Antibiotics,Male,No,Moderate,At_Risk
1.31,198.0,108.0,394.0,3.73,19.2,None,None,Female,No,Healthy,At_Risk
0.41,133.0,92.0,257.0,4.82,39.1,Low,Herbal,Male,Occasional,Moderate,At_Risk
2.35,28.0,190.0,259.0,3.71,29.0,Moderate,Painkiller,Male,Yes,Moderate,Diseased
3.69,266.0,161.0,50.0,4.55,25.4,Moderate,None,Female,Yes,Healthy,Diseased
3.07,31.0,65.0,114.0,2.8,37.4,None,Antibiotics,Female,No,Moderate,At_Risk
3.4,49.0,199.0,50.0,2.9,33.8,Low,Herbal,Male,No,Unhealthy,Diseased
0.5,47.0,31.0,292.0,2.92,38.6,Low,None,Female,Yes,Unhealthy,At_Risk
4.76,57.0,,365.0,2.64,18.2,None,None,Male,No,Moderate,At_Risk
4.21,192.0,194.0,74.0,4.12,25.2,Low,Herbal,Male,No,Healthy,Diseased
4.04,84.0,19.0,396.0,4.88,25.3,Moderate,Multiple,Female,No,Moderate,At_Risk
4.13,218.0,75.0,99.0,4.33,25.6,None,None,Male,No,Moderate,At_Risk
4.67,192.0,273.0,397.0,4.22,30.6,Low,Multiple,Female,No,Unhealthy,Diseased
2.77,116.0,234.0,290.0,4.54,24.2,High,Painkiller,Male,No,Unhealthy,Diseased
1.08,197.0,132.0,81.0,3.52,28.9,None,Multiple,Male,No,Unhealthy,At_Risk
3.12,,47.0,82.0,3.59,26.7,Low,Antibiotics,Female,Occasional,Moderate,At_Risk
3.74,95.0,132.0,249.0,3.44,37.3,Moderate,Herbal,Male,No,Moderate,Diseased
3.72,146.0,165.0,283.0,4.64,33.5,Moderate,Herbal,Male,Occasional,Healthy,Diseased
2.66,104.0,76.0,75.0,2.98,35.0,Moderate,None,,Occasional,Healthy,Diseased
0.44,254.0,142.0,91.0,2.54,22.1,Moderate,None,Male,Yes,Unhealthy,Diseased
1.92,99.0,149.0,110.0,4.29,25.4,None,Antibiotics,Male,Occasional,Moderate,At_Risk
4.61,68.0,91.0,90.0,5.33,,Low,None,Female,No,Moderate,At_Risk
2.96,37.0,67.0,179.0,4.33,19.1,Moderate,Painkiller,Male,Yes,Healthy,At_Risk
2.74,81.0,158.0,,4.85,23.7,None,Multiple,Female,Yes,Healthy,Diseased
1.42,279.0,140.0,336.0,4.52,,None,None,Female,No,Moderate,At_Risk
1.91,33.0,78.0,200.0,3.99,33.5,Moderate,,Male,No,Unhealthy,Healthy
4.49,121.0,259.0,253.0,4.66,44.9,Moderate,Painkiller,Male,No,Healthy,Diseased
3.37,65.0,186.0,231.0,4.97,18.9,Low,Antibiotics,Female,No,Healthy,At_Risk
3.96,232.0,81.0,256.0,3.17,39.8,High,None,Male,Occasional,Moderate,Diseased
,129.0,26.0,196.0,3.51,19.4,Moderate,None,Female,No,Healthy,At_Risk
3.19,188.0,169.0,253.0,3.17,35.4,High,Herbal,Male,No,Healthy,Diseased
,297.0,79.0,97.0,3.86,34.7,High,Herbal,Male,Occasional,Healthy,At_Risk
3.56,290.0,122.0,307.0,5.16,42.2,Low,Herbal,Male,No,Moderate,Diseased
2.2,198.0,241.0,188.0,,19.3,Moderate,Herbal,,Occasional,Moderate,Diseased
2.27,75.0,30.0,221.0,3.62,25.1,Moderate,Painkiller,,Occasional,Unhealthy,At_Risk
3.28,258.0,144.0,150.0,5.08,18.6,Moderate,Steroids,Female,Occasional,Moderate,Diseased
4.69,85.0,272.0,236.0,4.05,27.8,Moderate,Painkiller,Female,Yes,Moderate,Diseased
0.41,146.0,120.0,364.0,4.11,42.4,None,None,Male,Yes,Healthy,Diseased
4.14,173.0,255.0,343.0,5.08,38.7,None,Painkiller,Male,Yes,Moderate,Diseased
1.53,242.0,292.0,70.0,3.97,37.0,None,None,Male,No,Moderate,At_Risk
2.28,264.0,17.0,,4.54,,Moderate,Painkiller,Female,No,Healthy,At_Risk
0.21,179.0,293.0,59.0,,41.6,Moderate,None,Female,No,Moderate,Diseased
1.58,183.0,216.0,236.0,3.04,29.0,Low,Antibiotics,Male,Yes,Healthy,Diseased
2.56,27.0,203.0,,3.71,20.3,Low,Painkiller,Male,Yes,Moderate,Diseased
0.38,79.0,56.0,82.0,3.98,40.3,Moderate,Steroids,Male,No,Moderate,Healthy
2.51,125.0,251.0,118.0,5.4,24.1,None,Antibiotics,Male,Yes,Moderate,Diseased
4.64,89.0,19.0,129.0,5.41,17.6,None,Multiple,Female,Yes,Unhealthy,Diseased
0.62,24.0,298.0,240.0,5.05,19.7,Low,None,,Yes,Unhealthy,At_Risk
3.85,185.0,140.0,150.0,,33.7,,Steroids,Male,No,Unhealthy,Diseased
2.11,278.0,,334.0,5.39,33.6,Moderate,Steroids,Female,No,Unhealthy,Diseased
3.31,128.0,70.0,270.0,4.57,23.5,Low,Multiple,Male,No,Healthy,At_Risk
1.38,197.0,173.0,102.0,3.68,37.1,None,Painkiller,Male,No,Healthy,At_Risk
0.88,66.0,22.0,209.0,4.61,38.4,Low,Painkiller,Male,No,Healthy,Healthy
0.89,208.0,281.0,91.0,2.55,42.7,Moderate,None,Female,Yes,Healthy,Diseased
0.45,26.0,217.0,96.0,2.94,33.0,Moderate,None,Male,No,Healthy,At_Risk
1.01,297.0,255.0,208.0,4.99,38.6,Low,Antibiotics,Male,No,Unhealthy,Diseased
3.35,64.0,,233.0,4.44,37.8,None,Herbal,Male,Yes,Moderate,Diseased
4.42,278.0,253.0,295.0,3.59,23.5,High,None,Male,No,Moderate,Diseased
4.09,96.0,47.0,60.0,4.0,25.0,None,None,Male,Yes,Healthy,Diseased
3.46,38.0,65.0,203.0,5.22,29.9,None,None,Male,Occasional,Moderate,Healthy
0.64,31.0,57.0,269.0,4.39,16.6,Moderate,None,Male,Yes,Unhealthy,At_Risk
1.52,294.0,114.0,204.0,3.69,24.6,High,Multiple,,Yes,Healthy,Diseased
1.62,57.0,68.0,388.0,2.86,29.7,Moderate,Herbal,Male,Yes,Unhealthy,At_Risk
1.32,14.0,86.0,332.0,3.38,19.1,Low,Painkiller,Female,No,Healthy,At_Risk
2.62,,227.0,236.0,5.44,19.7,None,None,Female,No,Unhealthy,Diseased
2.72,172.0,64.0,111.0,3.81,29.4,None,Multiple,Male,No,Healthy,At_Risk
1.85,211.0,64.0,197.0,3.92,,None,None,Male,No,Moderate,At_Risk
1.83,110.0,138.0,193.0,4.0,40.2,Low,Antibiotics,Male,No,Unhealthy,Diseased
4.16,80.0,94.0,152.0,5.15,31.8,None,Multiple,Male,No,Moderate,At_Risk
3.97,172.0,223.0,349.0,4.31,29.8,Moderate,Antibiotics,Male,Yes,Moderate,Diseased
1.61,182.0,124.0,142.0,,27.1,None,None,Male,Occasional,Moderate,At_Risk
4.58,150.0,58.0,335.0,3.67,21.6,Low,None,Male,No,Healthy,At_Risk
4.77,147.0,76.0,168.0,2.59,20.3,Low,Multiple,Female,No,Healthy,At_Risk
1.7,75.0,284.0,78.0,5.29,39.0,Low,None,Male,Yes,Healthy,At_Risk
1.84,207.0,138.0,79.0,5.35,29.5,None,Painkiller,Female,Yes,Healthy,Diseased
2.58,237.0,38.0,337.0,5.35,38.9,Moderate,Herbal,Female,No,Unhealthy,Diseased
4.71,290.0,42.0,187.0,5.33,36.4,Low,Herbal,Female,No,Unhealthy,Diseased
4.39,181.0,128.0,100.0,4.95,21.6,Moderate,Painkiller,Female,No,Healthy,Diseased
0.6,49.0,189.0,341.0,4.55,30.8,Low,None,Male,No,Unhealthy,At_Risk
2.02,16.0,160.0,283.0,5.03,28.9,None,Antibiotics,Male,Yes,Healthy,Diseased
2.81,183.0,142.0,104.0,4.3,28.3,Low,None,Male,No,Healthy,Diseased
2.57,160.0,194.0,341.0,2.9,31.7,,None,Male,No,Moderate,Diseased
1.05,220.0,143.0,289.0,3.67,44.5,Moderate,Herbal,Male,No,Healthy,At_Risk
4.31,95.0,186.0,361.0,5.41,39.6,Moderate,,Female,Occasional,Healthy,Diseased
3.42,262.0,31.0,85.0,3.55,42.2,None,None,Male,No,Moderate,At_Risk
4.21,30.0,250.0,138.0,5.1,16.9,None,Painkiller,Male,No,Unhealthy,At_Risk
,266.0,86.0,261.0,2.78,,None,Painkiller,Female,Yes,,Diseased
3.77,42.0,213.0,367.0,3.5,18.5,High,Steroids,Male,Yes,Healthy,Diseased
2.25,269.0,13.0,294.0,3.55,23.6,None,Herbal,Male,Yes,Healthy,Diseased
3.09,243.0,174.0,136.0,2.65,28.8,Moderate,Steroids,Male,No,Moderate,Diseased
0.89,12.0,137.0,289.0,2.86,34.6,Low,Antibiotics,Female,Occasional,Moderate,At_Risk
3.4,236.0,54.0,369.0,3.08,30.5,Low,Steroids,Female,No,Unhealthy,Diseased
0.98,293.0,227.0,237.0,5.01,42.2,None,None,Female,No,Unhealthy,Diseased
3.5,79.0,244.0,106.0,2.69,,None,Painkiller,Male,No,Unhealthy,Diseased
1.23,263.0,145.0,162.0,3.4,20.7,Low,Antibiotics,Female,No,Moderate,At_Risk
0.68,153.0,177.0,272.0,2.53,40.7,None,None,Male,,Moderate,Diseased
0.91,33.0,246.0,119.0,4.59,30.0,None,None,Female,Yes,Moderate,At_Risk
0.11,243.0,,276.0,4.36,,None,Painkiller,Female,No,Moderate,At_Risk
3.62,184.0,14.0,305.0,4.43,38.8,Low,Antibiotics,Female,Occasional,Healthy,At_Risk
3.69,168.0,165.0,,3.62,18.7,Low,Painkiller,Female,Yes,Moderate,Diseased
2.62,295.0,254.0,233.0,3.12,,None,Steroids,Male,Yes,Healthy,Diseased
0.89,27.0,90.0,240.0,4.66,35.5,None,Painkiller,Male,Yes,Unhealthy,Diseased
0.51,53.0,256.0,281.0,4.93,41.4,None,Multiple,Female,Yes,Healthy,At_Risk
0.19,164.0,146.0,325.0,2.92,44.8,Low,Painkiller,Male,Yes,Unhealthy,Diseased
0.91,240.0,72.0,282.0,3.96,31.0,None,Antibiotics,Female,Yes,Healthy,At_Risk
4.47,234.0,125.0,103.0,3.25,18.7,Moderate,None,Female,,Moderate,Diseased
1.28,226.0,122.0,306.0,3.0,20.8,None,Painkiller,Male,No,Healthy,At_Risk
1.84,65.0,40.0,139.0,4.7,25.4,High,Herbal,Female,No,Moderate,Healthy
,40.0,16.0,275.0,4.11,19.0,None,Painkiller,Male,Yes,Healthy,Healthy
1.19,68.0,12.0,296.0,3.15,39.6,High,None,Male,No,Moderate,At_Risk
2.64,244.0,252.0,200.0,3.43,24.6,Moderate,Antibiotics,Male,No,Healthy,Diseased
3.08,116.0,65.0,162.0,5.4,44.3,Moderate,None,Male,No,Moderate,At_Risk
1.3,200.0,82.0,318.0,5.05,36.4,High,Antibiotics,,Yes,Unhealthy,Diseased
0.38,27.0,19.0,206.0,5.14,21.0,None,Painkiller,Male,Occasional,Moderate,Healthy
2.02,235.0,70.0,396.0,3.88,29.8,None,Painkiller,Female,Yes,Healthy,Diseased
1.25,176.0,59.0,348.0,4.37,29.5,None,Herbal,Male,Yes,Moderate,At_Risk
1.18,80.0,131.0,208.0,3.63,30.3,None,Steroids,Female,No,Unhealthy,At_Risk
4.8,63.0,184.0,379.0,2.73,31.5,None,Painkiller,Female,No,Moderate,Diseased
3.12,254.0,10.0,274.0,3.7,16.9,Low,Antibiotics,Male,No,Healthy,At_Risk
2.83,85.0,47.0,63.0,4.28,35.9,None,Herbal,Female,No,Healthy,At_Risk
2.14,44.0,199.0,,3.36,30.1,Low,Steroids,Female,No,Moderate,Diseased
2.2,276.0,88.0,145.0,5.04,38.9,None,None,Female,Occasional,Healthy,Diseased
2.75,130.0,199.0,,2.95,39.6,Low,,Female,No,Moderate,Diseased
3.51,34.0,193.0,107.0,3.6,22.7,High,Painkiller,Female,No,Moderate,Diseased
3.54,,76.0,343.0,2.87,17.4,Low,None,Female,Occasional,Healthy,At_Risk
0.94,93.0,26.0,203.0,3.71,36.4,Low,None,,No,Moderate,At_Risk
2.55,123.0,218.0,113.0,2.62,44.4,Low,,Male,No,Unhealthy,Diseased
2.12,232.0,50.0,207.0,3.32,29.0,Moderate,Herbal,Other,No,Healthy,At_Risk
4.37,175.0,124.0,314.0,3.7,23.5,None,Antibiotics,Male,No,Healthy,Diseased
3.19,200.0,109.0,170.0,3.93,20.5,High,Painkiller,Male,Yes,Moderate,Diseased
2.71,184.0,148.0,337.0,4.13,24.3,Low,Antibiotics,Male,No,Healthy,Diseased
0.67,10.0,26.0,60.0,3.32,25.5,None,Steroids,Male,Yes,Unhealthy,At_Risk
3.07,238.0,83.0,263.0,4.07,28.3,High,Painkiller,Male,Occasional,Unhealthy,Diseased
0.67,95.0,272.0,211.0,4.03,35.0,High,Painkiller,Female,No,Unhealthy,Diseased
1.75,71.0,25.0,154.0,3.45,23.9,Low,None,Other,No,Moderate,Healthy
0.8,215.0,23.0,196.0,4.99,17.5,None,Antibiotics,Male,Yes,Moderate,At_Risk
3.49,114.0,290.0,231.0,4.14,26.8,Moderate,Painkiller,,No,Unhealthy,Diseased
1.11,259.0,13.0,387.0,3.5,40.8,None,Painkiller,Male,No,Healthy,At_Risk
2.02,22.0,136.0,86.0,5.34,30.5,Low,Painkiller,Male,Yes,Healthy,Diseased
4.49,172.0,15.0,131.0,5.04,44.0,None,Antibiotics,Female,No,Healthy,At_Risk
1.1,52.0,138.0,61.0,5.45,30.6,Low,Antibiotics,Female,Occasional,Unhealthy,At_Risk
2.59,120.0,241.0,53.0,4.58,24.0,Moderate,Painkiller,Male,No,Moderate,Diseased
2.15,214.0,204.0,92.0,3.63,21.6,None,None,Male,No,Moderate,Diseased
0.19,265.0,74.0,100.0,3.34,36.1,High,Antibiotics,Male,Occasional,Moderate,Diseased
3.98,153.0,112.0,310.0,4.49,31.6,None,Herbal,Female,No,Moderate,Diseased
0.44,155.0,286.0,,5.44,33.5,None,Herbal,Male,No,Healthy,At_Risk
2.42,173.0,167.0,136.0,4.38,37.9,Low,Multiple,Male,Occasional,Moderate,Diseased
2.85,178.0,233.0,105.0,5.14,37.1,Moderate,None,Female,No,Moderate,Diseased
3.18,242.0,298.0,266.0,3.49,17.3,High,None,Female,,Moderate,Diseased
3.47,280.0,287.0,117.0,3.72,39.3,Moderate,Antibiotics,Female,No,Moderate,Diseased
1.34,69.0,191.0,,5.22,31.4,None,None,Female,No,Moderate,At_Risk
0.15,244.0,13.0,192.0,4.77,27.4,High,None,Male,Yes,Unhealthy,Diseased
3.64,174.0,224.0,395.0,5.44,31.6,High,Painkiller,Female,No,Moderate,Diseased
2.72,203.0,226.0,91.0,4.82,33.8,None,None,Male,Yes,Moderate,Diseased
4.2,243.0,218.0,188.0,3.85,20.3,Low,None,Other,No,Moderate,Diseased
4.12,192.0,83.0,122.0,4.09,28.1,Low,Multiple,Male,Occasional,Unhealthy,Diseased
4.23,241.0,236.0,316.0,5.2,25.7,Low,None,Female,No,Moderate,Diseased
2.48,116.0,102.0,243.0,4.15,26.2,High,None,Male,Yes,Healthy,Diseased
1.73,232.0,74.0,204.0,3.27,18.6,None,None,Male,Occasional,Healthy,At_Risk
3.98,89.0,19.0,295.0,3.81,20.6,Low,Herbal,Male,No,Healthy,At_Risk
2.31,243.0,287.0,363.0,4.05,20.7,None,Steroids,Female,No,Healthy,Diseased
1.0,193.0,95.0,267.0,2.79,26.8,Low,None,Male,No,Moderate,At_Risk
4.29,194.0,35.0,302.0,4.73,41.9,Moderate,None,Male,Occasional,Unhealthy,Diseased
4.42,143.0,,326.0,2.83,22.0,None,Steroids,Male,Yes,Moderate,Diseased
2.38,229.0,104.0,326.0,3.71,28.1,Low,None,Male,,Healthy,Diseased
,297.0,,121.0,4.91,25.0,,Multiple,Female,Yes,Healthy,Diseased
2.0,211.0,116.0,178.0,3.9,38.8,Moderate,Antibiotics,Male,No,Moderate,At_Risk
4.04,155.0,257.0,235.0,5.03,17.5,Low,None,Male,No,Moderate,Diseased
4.52,,23.0,,3.53,21.7,None,Herbal,Female,Occasional,Unhealthy,At_Risk
1.1,144.0,170.0,378.0,5.37,22.1,Low,Painkiller,Female,No,Unhealthy,At_Risk
0.43,123.0,80.0,269.0,3.13,44.8,Moderate,None,Female,No,Unhealthy,At_Risk
4.4,273.0,161.0,55.0,2.61,32.6,Moderate,Painkiller,Female,No,Moderate,Diseased
2.01,73.0,84.0,288.0,5.12,20.0,None,Herbal,Male,No,Moderate,At_Risk
2.75,144.0,224.0,161.0,4.76,23.9,Moderate,None,Female,No,Healthy,Diseased
4.84,50.0,60.0,277.0,3.2,20.9,None,Painkiller,Female,Yes,Healthy,At_Risk
0.43,12.0,152.0,66.0,5.45,19.6,None,None,,No,Healthy,Healthy
3.28,203.0,45.0,122.0,4.01,39.1,Low,Herbal,Female,No,Healthy,At_Risk
0.46,119.0,176.0,61.0,5.35,30.4,None,Painkiller,Male,No,Healthy,At_Risk
1.94,230.0,245.0,135.0,4.02,34.3,None,None,Male,Yes,Unhealthy,Diseased
4.04,13.0,269.0,229.0,3.92,25.6,Moderate,Antibiotics,Female,No,Moderate,At_Risk
2.22,253.0,201.0,171.0,3.85,32.1,Low,Steroids,Male,No,Unhealthy,Diseased
4.99,175.0,211.0,253.0,3.5,23.5,Moderate,Herbal,Female,Occasional,Unhealthy,Diseased
2.84,35.0,271.0,119.0,4.1,24.9,Moderate,Painkiller,Female,No,,At_Risk
,26.0,194.0,157.0,3.86,34.9,Moderate,Herbal,Male,No,Unhealthy,At_Risk
1.18,225.0,167.0,250.0,2.61,20.4,None,Painkiller,Male,No,Moderate,At_Risk
1.82,101.0,255.0,101.0,3.28,33.9,None,None,Male,No,Moderate,Diseased
1.93,40.0,119.0,86.0,,40.7,Low,Herbal,Male,No,Moderate,At_Risk
0.44,214.0,108.0,166.0,5.1,19.5,None,Antibiotics,Male,Occasional,Unhealthy,At_Risk
1.91,216.0,250.0,308.0,4.3,42.0,Moderate,Antibiotics,Male,No,Unhealthy,Diseased
2.37,116.0,211.0,313.0,4.79,18.3,Low,Multiple,Male,Yes,Unhealthy,Diseased
3.64,155.0,131.0,352.0,5.37,26.1,None,Antibiotics,Male,Occasional,Moderate,Diseased
3.32,110.0,126.0,113.0,4.43,33.7,Low,None,Male,No,,Diseased
3.57,250.0,105.0,91.0,5.45,32.2,High,Herbal,Other,No,Unhealthy,Diseased
,256.0,243.0,92.0,3.44,18.8,None,None,Other,Yes,Unhealthy,Diseased
1.17,172.0,76.0,174.0,3.06,39.2,None,Antibiotics,Male,No,Moderate,At_Risk
3.34,182.0,227.0,319.0,3.71,44.2,Moderate,None,Male,Yes,Moderate,Diseased
,44.0,24.0,396.0,3.91,21.3,None,None,Female,Yes,Unhealthy,At_Risk
0.13,293.0,282.0,282.0,5.19,42.0,None,Steroids,,No,Moderate,At_Risk
4.04,30.0,228.0,181.0,4.18,32.1,None,Painkiller,Female,No,Unhealthy,Diseased
3.89,172.0,283.0,51.0,3.38,43.1,Low,Antibiotics,Male,No,Healthy,Diseased
2.79,106.0,156.0,164.0,4.73,21.1,Low,Herbal,Male,No,Moderate,Diseased
0.43,64.0,161.0,50.0,4.02,39.0,Low,Painkiller,Female,No,Moderate,At_Risk
3.86,136.0,24.0,380.0,2.99,17.7,High,Antibiotics,Female,Yes,Moderate,Diseased
2.96,202.0,93.0,114.0,4.23,41.6,Moderate,Herbal,Other,No,Healthy,Diseased
3.93,252.0,201.0,174.0,5.23,35.6,High,Steroids,Male,Yes,Healthy,Diseased
3.78,97.0,50.0,305.0,5.03,26.7,Low,Antibiotics,Female,No,Unhealthy,At_Risk
4.03,224.0,270.0,371.0,4.26,21.5,None,Painkiller,Female,Yes,Healthy,Diseased
2.64,101.0,145.0,,3.63,39.7,High,Painkiller,Female,Occasional,Healthy,Diseased
0.79,244.0,287.0,377.0,2.76,33.5,None,Painkiller,Female,Yes,Moderate,Diseased
3.39,193.0,115.0,,3.91,26.5,Moderate,Painkiller,Female,No,Moderate,Diseased
3.14,47.0,16.0,165.0,4.76,28.9,None,Steroids,Female,No,,At_Risk
3.74,148.0,39.0,352.0,3.58,40.0,Moderate,None,Male,No,Moderate,At_Risk
0.93,204.0,135.0,139.0,3.21,25.8,High,Multiple,Female,No,Moderate,Diseased
1.06,24.0,88.0,345.0,5.29,18.6,Low,Herbal,Female,Occasional,Moderate,Healthy
4.46,266.0,76.0,91.0,4.96,42.4,,None,Female,No,Unhealthy,Diseased
3.77,144.0,32.0,,4.41,27.2,None,None,Female,Yes,Healthy,Diseased
4.55,10.0,198.0,90.0,2.91,26.1,Low,Steroids,,Yes,Healthy,Diseased
3.82,58.0,83.0,390.0,2.93,21.9,None,Steroids,Male,No,Unhealthy,Diseased
3.03,105.0,14.0,173.0,2.81,42.0,,Multiple,Male,No,Moderate,Diseased
3.31,210.0,91.0,106.0,4.35,22.3,Low,None,Female,No,Moderate,Diseased
4.46,35.0,34.0,343.0,2.85,34.5,None,None,Male,No,Healthy,At_Risk
2.94,,273.0,284.0,5.03,41.5,Low,Multiple,Female,Yes,Moderate,Diseased
3.2,253.0,11.0,145.0,5.48,17.0,Low,None,Female,Yes,Healthy,Diseased
0.87,60.0,287.0,368.0,3.6,40.0,None,Steroids,Male,No,Healthy,At_Risk
2.42,90.0,233.0,392.0,,27.9,Moderate,None,Female,No,Moderate,Diseased
3.61,45.0,81.0,181.0,4.64,35.1,Moderate,Herbal,Female,No,Unhealthy,Diseased
1.43,76.0,77.0,225.0,,26.8,None,None,Male,No,Healthy,Healthy
1.09,138.0,103.0,101.0,5.18,,None,Steroids,Male,No,Healthy,At_Risk
1.64,164.0,28.0,87.0,2.67,23.4,Moderate,Antibiotics,,Yes,Healthy,At_Risk
1.28,254.0,137.0,392.0,3.01,16.6,None,Multiple,Male,No,Moderate,At_Risk
1.15,120.0,91.0,54.0,4.76,43.5,None,None,Female,No,Moderate,At_Risk
2.18,177.0,263.0,262.0,4.57,16.5,Low,None,Female,No,Healthy,Diseased
4.55,151.0,230.0,169.0,2.9,39.9,None,None,Male,Yes,Unhealthy,Diseased
2.58,206.0,106.0,375.0,4.01,20.9,None,Herbal,Male,No,Healthy,Diseased
1.02,118.0,61.0,258.0,4.84,27.4,High,Antibiotics,Male,No,Healthy,At_Risk
0.48,88.0,184.0,266.0,3.16,39.9,None,Antibiotics,Male,No,Healthy,Diseased
3.51,170.0,191.0,73.0,5.11,22.0,High,None,Female,No,Healthy,Diseased
1.98,28.0,124.0,391.0,2.66,41.1,None,Painkiller,Female,No,Healthy,At_Risk
,136.0,10.0,254.0,4.85,30.4,Moderate,Painkiller,Male,Occasional,Healthy,At_Risk
3.33,,72.0,275.0,4.35,26.6,Low,Painkiller,Female,No,Moderate,At_Risk
4.0,38.0,257.0,267.0,3.45,35.2,None,Herbal,Male,Yes,Healthy,Diseased
1.43,216.0,240.0,260.0,4.66,25.9,Moderate,None,Female,Yes,Healthy,Diseased
3.49,289.0,235.0,75.0,4.85,26.1,Moderate,Antibiotics,Male,,Healthy,Diseased
1.39,160.0,28.0,301.0,5.3,37.3,None,Herbal,Male,No,Healthy,At_Risk
4.7,,40.0,52.0,3.6,25.0,Moderate,Multiple,Female,Yes,Healthy,Diseased
3.22,275.0,130.0,51.0,4.56,21.8,Low,Steroids,Female,Yes,Healthy,Diseased
1.69,191.0,33.0,141.0,4.31,39.4,Moderate,None,Male,No,Unhealthy,At_Risk
1.42,114.0,220.0,51.0,4.08,39.4,Moderate,Antibiotics,Male,Yes,Moderate,Diseased
1.04,245.0,170.0,199.0,5.17,30.4,None,None,Male,No,Moderate,At_Risk
3.5,182.0,264.0,120.0,2.51,31.3,None,None,Male,,Unhealthy,Diseased
1.17,167.0,68.0,53.0,3.35,36.2,Low,Antibiotics,Male,No,Moderate,At_Risk
3.02,181.0,123.0,87.0,4.11,30.8,High,Herbal,Female,Occasional,Moderate,Diseased
1.4,166.0,169.0,119.0,3.03,28.1,None,None,Female,Yes,Moderate,Diseased
3.34,267.0,229.0,250.0,5.22,44.9,Low,None,Female,Yes,Moderate,Diseased
4.09,173.0,178.0,357.0,4.44,20.3,None,Antibiotics,Male,No,Unhealthy,Diseased
3.91,156.0,21.0,301.0,3.93,33.2,Moderate,None,Female,No,Healthy,At_Risk
3.83,163.0,251.0,336.0,4.94,41.7,Low,Antibiotics,Male,No,Healthy,Diseased
1.02,47.0,148.0,341.0,3.85,35.9,Moderate,None,Male,Yes,Healthy,At_Risk
,140.0,106.0,203.0,4.18,41.5,High,None,Female,No,Unhealthy,Diseased
3.52,264.0,156.0,182.0,2.51,25.8,None,Antibiotics,Male,No,Moderate,Diseased
1.9,217.0,191.0,123.0,3.6,23.9,None,Herbal,Male,Occasional,Unhealthy,At_Risk
2.22,104.0,66.0,323.0,2.92,40.7,High,Steroids,Male,Occasional,Moderate,Diseased
0.25,180.0,51.0,320.0,4.57,27.4,None,Herbal,Female,Occasional,Moderate,Healthy
1.37,259.0,208.0,234.0,3.94,,Moderate,None,Male,No,Moderate,At_Risk
0.27,199.0,40.0,54.0,3.41,20.3,Moderate,Herbal,Female,Occasional,Moderate,At_Risk
4.41,208.0,189.0,342.0,3.9,37.9,Moderate,Painkiller,Male,Yes,Moderate,Diseased
1.29,230.0,11.0,135.0,3.13,31.9,None,Herbal,Male,Occasional,Healthy,At_Risk
2.83,33.0,297.0,263.0,5.28,23.8,None,Painkiller,Male,Occasional,Moderate,At_Risk
0.29,253.0,147.0,64.0,2.66,30.3,Moderate,None,Female,Occasional,Healthy,Diseased
3.37,137.0,114.0,322.0,5.1,36.2,None,,Female,No,Moderate,Diseased
1.68,102.0,227.0,100.0,4.03,16.3,Moderate,Antibiotics,Male,No,Moderate,At_Risk
4.5,142.0,231.0,302.0,4.36,34.5,Low,None,Female,Yes,Unhealthy,Diseased
4.45,64.0,114.0,94.0,3.41,31.7,Low,Multiple,Male,No,,Diseased
1.69,167.0,136.0,240.0,5.4,22.4,None,None,Male,No,Moderate,At_Risk
4.51,38.0,274.0,171.0,3.35,37.8,High,Painkiller,Female,Yes,Healthy,Diseased
4.98,220.0,209.0,236.0,4.27,24.8,Low,None,Male,No,Unhealthy,Diseased
4.14,163.0,261.0,263.0,5.48,24.0,Low,None,Male,No,Healthy,Diseased
4.24,231.0,24.0,198.0,,29.7,High,Steroids,Male,No,Moderate,Diseased
1.32,124.0,235.0,219.0,4.11,35.6,Moderate,Antibiotics,Male,No,Healthy,At_Risk
2.93,167.0,114.0,258.0,5.47,42.9,High,Herbal,Other,Yes,Healthy,Diseased
0.43,268.0,242.0,,4.6,20.1,None,None,Male,Occasional,Moderate,At_Risk
0.57,260.0,228.0,245.0,3.13,27.5,Moderate,Multiple,Male,Yes,Healthy,Diseased
4.99,131.0,286.0,295.0,3.72,17.9,None,Painkiller,Female,Yes,Unhealthy,Diseased
1.7,272.0,270.0,394.0,3.5,38.0,Moderate,Multiple,Male,No,Moderate,At_Risk
3.77,58.0,199.0,89.0,3.53,29.0,Moderate,None,Male,,Moderate,At_Risk
,86.0,207.0,217.0,4.78,36.5,None,Steroids,Female,Yes,Healthy,Diseased
4.3,136.0,286.0,92.0,4.25,25.3,Low,Antibiotics,Female,Yes,Healthy,Diseased
4.99,206.0,48.0,378.0,2.61,40.5,Moderate,Painkiller,Female,No,Moderate,Diseased
1.28,230.0,171.0,260.0,5.13,31.5,None,None,Male,Yes,Moderate,Diseased
0.3,100.0,130.0,228.0,3.39,43.4,Moderate,Antibiotics,Female,Occasional,Moderate,Diseased
2.11,17.0,271.0,72.0,5.49,18.3,None,None,Male,No,Moderate,At_Risk
0.74,41.0,225.0,144.0,5.36,30.9,High,Antibiotics,Male,No,Moderate,At_Risk
0.21,278.0,58.0,209.0,5.32,38.2,None,Antibiotics,Male,No,Moderate,At_Risk
1.87,200.0,101.0,,4.93,33.4,Low,Steroids,Female,No,Moderate,At_Risk
,172.0,138.0,66.0,3.16,16.7,None,Multiple,Female,Occasional,Moderate,Diseased
2.87,70.0,37.0,161.0,4.1,44.2,None,None,Female,Occasional,Unhealthy,At_Risk
1.63,273.0,157.0,152.0,3.17,24.6,Low,Painkiller,Female,Yes,Moderate,Diseased
3.31,294.0,,363.0,3.28,23.2,Low,Painkiller,Male,Yes,Healthy,Diseased
1.24,104.0,227.0,135.0,4.33,30.1,None,Steroids,Male,Yes,Moderate,Diseased
0.17,50.0,60.0,84.0,,31.7,Moderate,Multiple,Female,No,Moderate,Healthy
3.85,158.0,83.0,79.0,5.41,38.2,None,Multiple,Male,,Healthy,Diseased
3.16,213.0,208.0,241.0,5.26,27.4,Moderate,Multiple,Male,Yes,Moderate,Diseased
3.84,276.0,201.0,228.0,3.64,28.8,Low,Herbal,Female,Yes,Moderate,Diseased
0.29,11.0,198.0,153.0,4.05,31.5,Low,Multiple,Female,No,Moderate,At_Risk
4.2,187.0,21.0,214.0,3.9,27.4,None,Painkiller,Male,No,Unhealthy,At_Risk
3.14,203.0,248.0,171.0,5.15,42.5,Low,Multiple,,,Unhealthy,Diseased
2.86,205.0,90.0,183.0,4.57,40.7,Low,Herbal,Female,Yes,Healthy,Diseased
3.16,258.0,279.0,339.0,3.33,29.2,None,None,Male,No,Moderate,Diseased
4.34,221.0,,361.0,3.84,16.0,None,None,Male,No,Moderate,Diseased
2.98,162.0,,273.0,3.79,42.1,None,None,,Yes,Healthy,Diseased
2.95,167.0,218.0,74.0,5.38,19.6,None,Herbal,Male,No,Healthy,Diseased
4.95,148.0,44.0,62.0,3.03,,None,Antibiotics,Male,No,Healthy,At_Risk
3.81,,128.0,368.0,2.77,20.4,None,None,Female,Occasional,Healthy,Diseased
2.27,282.0,,279.0,5.14,21.2,Moderate,Steroids,Female,No,Unhealthy,At_Risk
3.57,163.0,251.0,151.0,5.19,39.3,None,None,Female,No,Healthy,Diseased
2.01,258.0,45.0,252.0,5.12,32.8,None,Herbal,Male,No,Healthy,At_Risk
1.22,288.0,261.0,,4.03,43.7,None,,Male,No,Healthy,At_Risk
3.02,285.0,252.0,271.0,4.48,22.7,Low,Multiple,Female,No,Moderate,Diseased
4.65,11.0,51.0,153.0,4.19,30.1,None,None,Female,,Healthy,At_Risk
4.65,97.0,78.0,160.0,2.71,44.3,,Multiple,Female,No,Healthy,Diseased
1.78,296.0,116.0,118.0,,40.0,Moderate,Painkiller,Male,No,Healthy,At_Risk
2.69,139.0,48.0,307.0,2.54,37.1,Low,Painkiller,Female,No,Healthy,Diseased
1.14,87.0,78.0,217.0,3.47,21.5,None,Painkiller,Male,No,Healthy,At_Risk
4.98,269.0,189.0,342.0,5.3,38.3,Low,Antibiotics,Male,,Moderate,Diseased
4.91,250.0,21.0,98.0,3.41,26.1,,Multiple,Female,No,Healthy,At_Risk
3.28,150.0,213.0,299.0,5.32,31.4,High,Antibiotics,,No,Healthy,Diseased
4.04,237.0,45.0,380.0,3.25,33.7,Moderate,Multiple,Male,No,Healthy,Diseased
3.6,172.0,135.0,124.0,3.44,33.7,Low,None,Other,No,Unhealthy,Diseased
,245.0,72.0,250.0,4.39,37.1,High,Painkiller,,No,Healthy,Diseased
0.36,137.0,91.0,83.0,4.78,35.2,,Antibiotics,Male,Yes,Unhealthy,Diseased
2.33,209.0,43.0,363.0,4.0,18.0,None,Painkiller,Male,,Unhealthy,At_Risk
3.41,40.0,249.0,160.0,5.15,29.3,None,Multiple,Male,No,Moderate,At_Risk
,147.0,106.0,365.0,2.62,35.3,Low,Steroids,Male,No,Moderate,Diseased
1.93,30.0,58.0,286.0,5.27,24.6,Moderate,Painkiller,Female,No,Moderate,Healthy
4.71,243.0,155.0,,3.09,25.1,Moderate,Herbal,Female,,Moderate,Diseased
0.92,211.0,134.0,258.0,5.15,19.6,Low,Painkiller,Female,No,Moderate,At_Risk
2.55,,198.0,181.0,3.7,28.1,Low,None,Male,Yes,Moderate,Diseased
3.49,140.0,66.0,155.0,5.0,44.6,Moderate,Antibiotics,Male,Yes,Healthy,Diseased
3.52,157.0,118.0,82.0,4.51,24.3,Moderate,Antibiotics,Female,No,Moderate,Diseased
3.28,38.0,14.0,92.0,,31.4,Low,Multiple,Male,No,Moderate,At_Risk
1.45,171.0,33.0,156.0,5.25,37.6,Low,None,Male,No,Healthy,At_Risk
0.87,70.0,230.0,314.0,3.24,16.4,Moderate,Antibiotics,Female,Yes,Unhealthy,Diseased
3.22,134.0,19.0,275.0,3.23,42.1,Moderate,None,Female,No,Healthy,Diseased
3.04,80.0,174.0,228.0,4.94,27.2,Moderate,None,Other,No,Unhealthy,At_Risk
0.98,252.0,224.0,271.0,2.82,41.2,None,Antibiotics,Female,No,Moderate,Diseased
3.56,258.0,135.0,174.0,3.17,17.1,None,None,Female,Occasional,Moderate,Diseased
2.33,230.0,276.0,325.0,4.01,20.2,Moderate,Steroids,Male,No,Unhealthy,Diseased
3.37,30.0,289.0,216.0,4.99,25.4,Moderate,Antibiotics,Male,No,Unhealthy,At_Risk
4.2,91.0,97.0,200.0,2.94,26.0,Low,None,Female,Yes,Healthy,Diseased
0.93,19.0,123.0,90.0,4.14,40.6,,Painkiller,Male,No,Moderate,At_Risk
0.19,21.0,30.0,349.0,4.63,16.3,High,None,Male,No,Healthy,Healthy
3.92,272.0,157.0,84.0,5.08,34.6,High,Herbal,Male,Yes,Moderate,Diseased
3.09,154.0,254.0,363.0,5.31,19.8,Moderate,None,Male,Occasional,Unhealthy,Diseased
3.53,201.0,275.0,353.0,4.85,39.9,None,None,Male,Yes,Healthy,Diseased
4.21,259.0,226.0,280.0,4.46,38.6,Moderate,Antibiotics,Male,No,Healthy,Diseased
4.03,123.0,249.0,264.0,3.8,30.5,None,Multiple,Male,Yes,Moderate,Diseased
4.81,35.0,,363.0,2.84,22.2,Moderate,Herbal,Female,Occasional,Healthy,At_Risk
2.73,280.0,241.0,150.0,4.63,34.4,None,None,Female,No,Healthy,Diseased
2.49,42.0,251.0,106.0,5.48,20.5,Moderate,None,Female,No,Moderate,At_Risk
2.07,71.0,199.0,264.0,4.71,21.5,Low,Antibiotics,Male,Occasional,Moderate,At_Risk
,238.0,238.0,205.0,2.55,34.2,Moderate,Herbal,Male,No,Moderate,Diseased
2.91,104.0,75.0,113.0,3.99,44.7,Low,Painkiller,Male,No,Moderate,At_Risk
1.46,44.0,288.0,111.0,4.34,41.8,None,Painkiller,Female,No,Unhealthy,At_Risk
,202.0,278.0,,4.57,,Moderate,None,Female,No,Unhealthy,Diseased
2.96,85.0,218.0,111.0,4.66,31.6,Low,None,Male,Yes,Moderate,Diseased
3.0,258.0,25.0,143.0,4.17,45.0,None,Antibiotics,Female,No,Healthy,At_Risk
1.84,92.0,229.0,390.0,3.17,31.9,High,None,Female,No,Healthy,Diseased
0.35,34.0,266.0,75.0,5.33,28.2,Low,None,Male,Yes,Unhealthy,At_Risk
0.26,66.0,277.0,170.0,4.59,42.4,Moderate,None,Female,Yes,Moderate,At_Risk
2.17,41.0,238.0,99.0,3.21,22.8,Low,Painkiller,Female,Yes,Unhealthy,Diseased
0.51,21.0,128.0,301.0,3.47,18.8,Moderate,None,Male,No,Moderate,At_Risk
3.07,101.0,,85.0,5.27,34.4,Moderate,Painkiller,Male,No,Unhealthy,Diseased
4.42,10.0,29.0,338.0,5.16,18.8,Moderate,Multiple,Female,No,Healthy,Healthy
4.43,145.0,45.0,149.0,3.72,26.8,High,None,Female,No,Moderate,Diseased
3.33,205.0,117.0,373.0,2.61,28.3,Low,Antibiotics,Male,No,Moderate,Diseased
1.14,142.0,198.0,378.0,2.65,31.9,Moderate,Herbal,Female,,Unhealthy,Diseased
4.33,95.0,187.0,185.0,3.35,44.8,Moderate,Painkiller,Male,No,Moderate,Diseased
4.44,288.0,105.0,243.0,4.39,22.4,Low,None,Male,No,Healthy,Diseased
1.06,189.0,29.0,270.0,4.25,26.9,Low,None,Male,Yes,Unhealthy,At_Risk
3.71,13.0,173.0,328.0,4.4,19.8,High,Antibiotics,Female,No,Moderate,Diseased
1.5,135.0,106.0,375.0,4.65,33.6,None,,Female,No,Healthy,At_Risk
4.03,184.0,152.0,104.0,2.56,37.1,,None,Female,No,Moderate,Diseased
4.99,260.0,71.0,159.0,2.82,30.0,Low,Herbal,Female,No,Moderate,At_Risk
0.25,30.0,251.0,198.0,3.58,23.1,None,Steroids,Female,Occasional,Moderate,Healthy
4.5,114.0,247.0,314.0,2.96,34.0,Moderate,None,Male,Yes,Unhealthy,Diseased
3.15,75.0,140.0,211.0,2.73,31.6,None,Herbal,Female,No,Moderate,Diseased
4.87,272.0,102.0,236.0,4.42,21.0,None,None,Female,No,Moderate,Diseased
2.38,58.0,100.0,178.0,4.95,27.8,Moderate,Steroids,Male,No,Healthy,At_Risk
,25.0,142.0,157.0,4.76,28.6,None,None,Male,Yes,Moderate,Diseased
0.41,154.0,132.0,117.0,4.95,44.5,Moderate,Steroids,Female,Occasional,Healthy,At_Risk
1.74,259.0,127.0,,4.5,40.6,Moderate,None,Male,No,Healthy,At_Risk
,,207.0,193.0,4.71,37.3,Moderate,Antibiotics,Male,Occasional,Healthy,At_Risk
4.88,299.0,291.0,102.0,3.32,41.8,Moderate,None,Female,No,Healthy,Diseased
4.1,291.0,10.0,177.0,5.48,37.3,None,Steroids,Female,No,Healthy,At_Risk
4.28,75.0,220.0,370.0,3.05,42.2,None,None,Male,No,Moderate,Diseased
4.7,134.0,272.0,256.0,3.14,17.6,None,None,Male,Yes,,Diseased
0.52,96.0,221.0,369.0,3.37,29.2,None,None,Female,No,Healthy,At_Risk
1.99,50.0,96.0,265.0,5.43,37.7,Low,None,Female,Yes,Unhealthy,Diseased
0.45,195.0,162.0,117.0,5.46,32.9,Low,Steroids,Other,No,Moderate,At_Risk
1.13,275.0,196.0,111.0,4.88,21.1,Low,Multiple,Female,Yes,Moderate,Diseased
1.22,280.0,70.0,259.0,4.39,25.9,None,Herbal,Female,No,Healthy,Healthy
2.4,51.0,294.0,386.0,4.06,25.2,Low,Herbal,Other,No,Moderate,At_Risk
1.42,102.0,104.0,376.0,5.41,23.6,None,None,Male,No,Moderate,At_Risk
0.59,194.0,283.0,101.0,4.59,26.0,None,None,Male,Yes,Moderate,Diseased
0.92,224.0,50.0,165.0,5.33,30.9,Low,Antibiotics,Female,,,At_Risk
0.82,26.0,156.0,114.0,3.45,40.8,,Multiple,Male,No,Moderate,At_Risk
4.87,274.0,255.0,179.0,3.5,37.5,Moderate,Steroids,Male,No,Unhealthy,Diseased
3.82,123.0,141.0,226.0,5.06,40.2,Moderate,,Male,Yes,Unhealthy,Diseased
4.84,57.0,132.0,327.0,2.95,41.6,Moderate,None,Female,No,Healthy,Diseased
2.25,106.0,152.0,212.0,5.34,28.1,Moderate,None,Female,Occasional,Moderate,Diseased
1.46,104.0,191.0,381.0,4.02,26.0,None,Painkiller,Male,Occasional,Healthy,At_Risk
4.01,83.0,201.0,201.0,5.28,17.7,None,Steroids,Female,No,Moderate,Diseased
1.7,77.0,216.0,399.0,3.51,43.0,Moderate,None,Male,Yes,Moderate,At_Risk
1.57,255.0,240.0,285.0,4.65,17.9,None,Herbal,Female,Yes,Moderate,Diseased
1.24,86.0,31.0,207.0,3.95,37.5,Low,Multiple,Female,No,Moderate,At_Risk
,217.0,89.0,376.0,4.38,27.0,,Herbal,Female,No,Moderate,At_Risk
1.36,263.0,139.0,155.0,4.01,43.5,None,Multiple,Male,No,Moderate,At_Risk
1.84,230.0,285.0,355.0,5.4,28.2,Moderate,,Male,Occasional,Healthy,At_Risk
3.4,271.0,64.0,304.0,4.58,39.7,None,Multiple,Male,Yes,Moderate,Diseased
0.41,268.0,75.0,162.0,3.25,24.2,Low,Painkiller,Female,No,Unhealthy,At_Risk
1.13,83.0,236.0,79.0,5.23,,None,Herbal,Female,No,Healthy,At_Risk
4.06,134.0,35.0,61.0,3.38,33.3,Moderate,None,Female,No,Healthy,Diseased
0.82,197.0,262.0,226.0,3.61,44.9,Moderate,Painkiller,Male,Yes,Moderate,Diseased
1.78,263.0,206.0,387.0,2.81,31.0,Low,None,Female,No,Moderate,Diseased
4.34,244.0,139.0,95.0,5.2,43.2,Moderate,None,Male,Yes,Moderate,Diseased
0.86,259.0,252.0,220.0,3.36,38.8,None,Multiple,Male,No,Moderate,Diseased
0.51,81.0,221.0,179.0,3.28,39.1,Moderate,Herbal,Female,No,,Diseased
2.47,244.0,199.0,294.0,5.26,28.6,Moderate,Antibiotics,,No,Unhealthy,Diseased
1.58,165.0,299.0,252.0,4.92,27.2,High,Antibiotics,Male,No,Healthy,Diseased
2.86,124.0,235.0,275.0,2.92,21.6,None,Steroids,Male,Yes,Healthy,Diseased
4.04,237.0,255.0,129.0,4.81,44.0,None,Painkiller,Male,Yes,Moderate,Diseased
0.77,254.0,65.0,359.0,5.24,43.8,None,Herbal,Male,Occasional,Healthy,At_Risk
2.95,23.0,64.0,84.0,2.74,37.7,None,Painkiller,Female,Yes,Moderate,Diseased
2.58,25.0,285.0,101.0,4.98,24.6,None,Antibiotics,Male,No,Moderate,At_Risk
0.81,51.0,162.0,210.0,4.14,23.1,None,Multiple,Female,Occasional,Unhealthy,At_Risk
3.16,119.0,62.0,133.0,4.51,44.7,Low,Painkiller,Male,Yes,Unhealthy,Diseased
1.44,287.0,120.0,377.0,3.98,17.9,High,Painkiller,Female,No,Healthy,Diseased
2.49,28.0,213.0,75.0,4.59,40.5,None,Multiple,Female,No,Moderate,At_Risk
0.5,75.0,121.0,274.0,2.6,26.3,High,Multiple,Female,Occasional,Moderate,At_Risk
2.35,176.0,267.0,366.0,4.79,28.1,Moderate,Multiple,Female,Yes,Healthy,Diseased
1.6,82.0,25.0,203.0,2.6,40.1,Moderate,Antibiotics,Male,,Moderate,Diseased
4.13,121.0,175.0,342.0,3.87,18.6,High,Painkiller,Other,No,Unhealthy,Diseased
0.38,283.0,289.0,144.0,2.95,26.3,Moderate,None,Male,Yes,Moderate,Diseased
2.15,94.0,167.0,274.0,4.97,43.6,Moderate,None,Male,No,Unhealthy,Diseased
2.35,148.0,258.0,316.0,3.44,36.3,Low,Steroids,Female,No,Moderate,Diseased
3.65,48.0,190.0,90.0,3.86,37.9,Low,None,Male,Yes,Moderate,Diseased
2.91,114.0,200.0,182.0,3.79,38.0,High,Antibiotics,Male,Yes,Healthy,Diseased
3.37,290.0,148.0,115.0,4.82,17.8,Low,Multiple,Female,No,Healthy,Diseased
3.91,132.0,87.0,259.0,3.94,21.9,None,Multiple,Female,No,Moderate,Diseased
4.32,,59.0,202.0,4.87,30.2,Moderate,None,Male,No,Moderate,At_Risk
1.64,70.0,94.0,221.0,2.72,26.7,Low,Painkiller,Female,No,Moderate,At_Risk
2.74,109.0,192.0,374.0,3.07,27.9,Moderate,Herbal,Female,No,Moderate,Diseased
4.22,213.0,192.0,108.0,4.15,38.7,None,Antibiotics,Female,No,Unhealthy,Diseased
4.95,267.0,13.0,233.0,5.34,16.4,Low,Herbal,Female,No,Healthy,At_Risk
4.46,14.0,120.0,229.0,2.72,35.2,None,Herbal,Female,Yes,Moderate,Diseased
1.92,206.0,260.0,371.0,2.63,16.0,,Painkiller,Female,No,Moderate,Diseased
1.06,189.0,142.0,373.0,2.97,17.8,None,Painkiller,Female,No,Healthy,At_Risk
2.5,142.0,109.0,61.0,4.42,27.8,Moderate,Painkiller,Female,Occasional,Unhealthy,Diseased
3.73,262.0,181.0,117.0,3.7,40.4,None,Steroids,Female,Yes,Moderate,Diseased
2.51,274.0,296.0,378.0,4.98,20.2,None,Painkiller,Male,No,Healthy,Diseased
2.47,,128.0,251.0,2.72,,None,Herbal,Other,No,Unhealthy,Diseased
4.21,159.0,184.0,55.0,3.09,35.7,None,Multiple,Male,Yes,Unhealthy,Diseased
1.87,147.0,39.0,64.0,3.4,22.7,Low,None,Male,No,Moderate,At_Risk
4.31,217.0,64.0,91.0,4.38,30.9,None,Multiple,Female,Yes,Moderate,Diseased
2.09,134.0,205.0,80.0,4.56,42.4,Low,Antibiotics,Male,No,Unhealthy,Diseased
1.71,243.0,50.0,230.0,2.87,30.9,None,Herbal,Female,Occasional,Healthy,At_Risk
2.32,70.0,182.0,311.0,5.33,20.6,Moderate,None,Male,Yes,Moderate,Diseased
3.84,275.0,228.0,338.0,3.52,34.2,None,None,Female,No,Healthy,Diseased
0.72,143.0,217.0,70.0,4.64,33.2,Low,Painkiller,Female,No,Moderate,At_Risk
1.06,122.0,167.0,231.0,4.07,16.8,Low,Painkiller,Female,No,Unhealthy,At_Risk
4.76,200.0,237.0,233.0,3.17,,High,None,,No,Moderate,Diseased
0.96,196.0,94.0,293.0,5.04,20.5,Moderate,Herbal,Female,No,Moderate,At_Risk
2.88,98.0,182.0,399.0,4.95,20.0,,Painkiller,Male,No,Healthy,Diseased
2.94,196.0,254.0,198.0,3.69,23.5,None,Multiple,Male,No,Unhealthy,Diseased
2.5,141.0,182.0,305.0,4.27,29.2,Moderate,Antibiotics,Female,Yes,Healthy,Diseased
3.26,132.0,221.0,149.0,3.27,26.8,Moderate,None,Other,No,Healthy,Diseased
1.23,57.0,93.0,104.0,4.57,41.8,High,Antibiotics,Male,Yes,Moderate,Diseased
2.81,297.0,182.0,235.0,3.43,33.8,None,Multiple,Female,Yes,Healthy,Diseased
1.92,188.0,192.0,369.0,5.03,41.4,High,Antibiotics,Male,Occasional,Healthy,Diseased
3.34,189.0,142.0,135.0,3.15,31.3,Low,None,Male,Yes,Unhealthy,Diseased
0.79,108.0,297.0,223.0,2.54,18.6,Low,Multiple,Female,Occasional,,At_Risk
2.9,43.0,271.0,71.0,3.31,29.4,Low,None,,,Unhealthy,Diseased
1.01,79.0,291.0,293.0,3.07,39.8,Low,Steroids,Female,No,Moderate,At_Risk
1.47,180.0,278.0,109.0,4.02,21.6,Low,Antibiotics,Male,No,Healthy,At_Risk
1.17,281.0,206.0,153.0,3.11,18.6,Low,Painkiller,Female,No,Healthy,At_Risk
1.0,68.0,34.0,,4.79,25.6,Moderate,None,Female,No,Unhealthy,Healthy
4.15,190.0,150.0,352.0,3.22,27.3,Low,Multiple,Male,No,Healthy,Diseased
1.5,28.0,232.0,208.0,4.62,24.9,Moderate,Multiple,Female,Yes,Moderate,At_Risk
4.64,235.0,29.0,281.0,4.24,19.9,None,Antibiotics,Female,No,Healthy,At_Risk
4.85,104.0,256.0,126.0,,23.3,High,None,Female,No,Moderate,Diseased
2.9,90.0,210.0,67.0,5.5,35.8,Moderate,None,Male,No,Healthy,Diseased
0.8,184.0,124.0,71.0,5.11,27.2,None,None,Female,Occasional,Healthy,At_Risk
1.94,231.0,198.0,233.0,4.78,34.3,Moderate,Antibiotics,Female,No,Moderate,At_Risk
4.01,112.0,35.0,194.0,3.66,31.6,None,Painkiller,Male,Occasional,Healthy,At_Risk
1.9,63.0,63.0,87.0,4.76,31.9,None,None,Female,No,Moderate,Healthy
0.53,192.0,179.0,330.0,5.37,23.2,Low,Painkiller,Other,Yes,Moderate,Diseased
2.83,77.0,20.0,337.0,2.57,31.1,Low,Steroids,Female,No,Moderate,At_Risk
4.24,37.0,36.0,192.0,4.11,16.7,None,Herbal,Female,No,Healthy,Healthy
4.0,283.0,92.0,62.0,3.15,28.5,None,Antibiotics,Male,Occasional,Moderate,Diseased
0.96,291.0,299.0,235.0,,32.6,High,Steroids,Other,No,Unhealthy,Diseased
3.4,128.0,47.0,316.0,3.9,21.3,None,Painkiller,Female,No,Moderate,At_Risk
1.18,143.0,96.0,318.0,4.23,23.4,None,Painkiller,Male,No,Moderate,At_Risk
1.17,138.0,165.0,146.0,4.15,22.4,High,Steroids,Female,Yes,Unhealthy,Diseased
,17.0,295.0,,5.38,18.0,None,Steroids,Female,Occasional,Unhealthy,At_Risk
1.32,60.0,195.0,50.0,4.16,26.1,Moderate,Painkiller,Male,Yes,Healthy,At_Risk
1.39,290.0,191.0,344.0,5.04,44.4,None,Antibiotics,Female,No,Unhealthy,Diseased
0.1,184.0,152.0,76.0,3.46,26.3,Low,Multiple,Female,,Healthy,At_Risk
4.37,,215.0,85.0,3.81,29.4,Low,Antibiotics,Male,No,Unhealthy,Diseased
3.98,201.0,151.0,209.0,3.91,34.9,High,Antibiotics,Female,Yes,Healthy,Diseased
3.17,258.0,194.0,80.0,3.34,34.8,Low,Herbal,Female,No,Moderate,Diseased
3.78,244.0,250.0,176.0,3.64,43.5,Low,,Male,Yes,Unhealthy,Diseased
0.85,92.0,17.0,311.0,4.3,40.9,High,Antibiotics,Male,No,Healthy,At_Risk
2.35,102.0,81.0,394.0,4.24,39.0,High,Multiple,,No,Healthy,Diseased
,277.0,297.0,259.0,4.41,43.6,None,Painkiller,Male,No,Moderate,At_Risk
0.56,129.0,104.0,199.0,3.56,22.7,Moderate,None,Female,No,Moderate,At_Risk
2.48,80.0,166.0,80.0,3.45,33.9,Low,Antibiotics,Male,Yes,Healthy,Diseased
4.61,26.0,50.0,149.0,4.33,41.7,Low,None,Female,No,Moderate,At_Risk
0.3,262.0,278.0,378.0,2.9,34.1,Low,Antibiotics,Other,No,Moderate,Diseased
1.53,131.0,164.0,351.0,3.26,44.3,Low,None,Male,No,Healthy,Diseased
1.12,19.0,284.0,268.0,,18.9,None,Antibiotics,Female,No,Moderate,At_Risk
1.27,296.0,163.0,302.0,2.72,28.7,Low,Antibiotics,Female,No,Healthy,At_Risk
4.55,282.0,62.0,220.0,3.23,44.3,Low,Painkiller,Female,Yes,Healthy,Diseased
2.39,219.0,188.0,306.0,2.56,,None,Painkiller,Male,No,Moderate,Diseased
2.38,227.0,249.0,106.0,3.24,37.4,Low,None,Male,No,Unhealthy,Diseased
3.83,250.0,146.0,58.0,4.46,16.9,High,Painkiller,Male,Yes,Moderate,Diseased
0.86,209.0,264.0,54.0,2.68,36.2,Moderate,Painkiller,Male,Yes,Healthy,Diseased
2.49,225.0,233.0,384.0,3.81,43.1,Low,None,Female,No,Moderate,Diseased
2.21,214.0,189.0,163.0,,27.1,High,Herbal,Male,Occasional,Unhealthy,Diseased
3.02,225.0,191.0,314.0,4.87,16.6,Low,Steroids,Male,Occasional,Moderate,Diseased
5.0,89.0,268.0,222.0,3.42,16.8,,None,Female,No,Moderate,Diseased
3.87,276.0,252.0,,5.27,41.9,Low,None,Male,Yes,Unhealthy,Diseased
2.05,44.0,,254.0,3.49,37.0,None,None,Male,No,Moderate,Diseased
4.16,298.0,206.0,73.0,2.72,19.1,Moderate,Antibiotics,Female,No,Unhealthy,Diseased
0.94,27.0,23.0,219.0,5.48,17.6,High,None,,No,Moderate,Healthy
0.25,174.0,129.0,152.0,5.11,39.3,Low,None,Male,Yes,Healthy,Diseased
1.1,22.0,278.0,109.0,3.9,39.5,Low,Painkiller,Male,Yes,,At_Risk
1.77,211.0,180.0,135.0,4.5,19.5,Low,Multiple,Male,No,Moderate,At_Risk
2.6,238.0,81.0,304.0,4.51,24.7,None,Steroids,Female,No,Moderate,Diseased
3.11,10.0,188.0,214.0,3.08,38.6,Moderate,Herbal,Female,No,Moderate,Diseased
4.56,226.0,179.0,216.0,3.1,31.2,,None,Male,No,Healthy,Diseased
2.6,43.0,168.0,133.0,3.91,43.7,None,None,Male,Occasional,Unhealthy,Diseased
2.56,275.0,163.0,251.0,5.23,30.0,Moderate,None,Female,No,Unhealthy,Diseased
0.35,137.0,91.0,139.0,2.53,35.6,None,Multiple,Female,No,Moderate,Diseased
0.27,221.0,66.0,138.0,4.85,30.8,High,Painkiller,Female,No,Moderate,At_Risk
2.8,272.0,16.0,169.0,2.67,43.3,Low,Painkiller,Male,Occasional,Healthy,Diseased
2.25,89.0,121.0,205.0,3.93,27.6,Low,Painkiller,Female,Yes,Moderate,Diseased
4.21,174.0,57.0,237.0,,22.7,None,Steroids,Female,No,Moderate,At_Risk
0.89,261.0,89.0,,4.56,25.5,None,Painkiller,Female,No,Moderate,At_Risk
0.22,21.0,,311.0,2.68,40.7,Moderate,Antibiotics,Female,No,Moderate,Healthy
2.3,221.0,124.0,101.0,3.76,30.4,Low,Multiple,,Occasional,Moderate,Diseased
1.26,291.0,12.0,189.0,4.25,26.3,High,Painkiller,Male,No,Healthy,At_Risk
0.34,121.0,13.0,,2.7,31.8,Low,Antibiotics,Male,No,Healthy,At_Risk
3.65,220.0,269.0,124.0,2.91,19.9,High,Antibiotics,Male,No,Unhealthy,Diseased
0.65,248.0,51.0,279.0,4.49,16.2,High,Herbal,Female,,Healthy,At_Risk
3.08,277.0,18.0,179.0,4.06,24.1,Low,None,Male,No,,At_Risk
1.48,67.0,154.0,104.0,2.99,33.5,Low,None,Male,No,Moderate,At_Risk
0.95,43.0,106.0,320.0,4.11,36.6,Moderate,Herbal,Female,No,Healthy,At_Risk
1.96,272.0,285.0,149.0,5.24,40.0,None,Painkiller,Male,No,Moderate,At_Risk
,44.0,151.0,118.0,2.55,42.9,Moderate,Multiple,Male,No,Moderate,Diseased
2.02,280.0,287.0,348.0,4.43,28.0,Low,Antibiotics,Male,No,Healthy,Diseased
3.78,236.0,36.0,66.0,2.72,37.5,Moderate,Antibiotics,Female,Yes,Healthy,Diseased
,34.0,52.0,165.0,2.52,18.2,None,None,Male,No,Healthy,Healthy
3.89,243.0,140.0,201.0,2.95,17.7,Moderate,Steroids,Female,No,Moderate,Diseased
1.26,68.0,225.0,379.0,3.77,19.6,None,Steroids,Male,Yes,Unhealthy,At_Risk
3.42,260.0,103.0,165.0,4.91,29.0,Moderate,Antibiotics,Female,Occasional,Healthy,Diseased
,95.0,17.0,79.0,3.35,22.1,,None,Male,No,Moderate,At_Risk
4.65,260.0,95.0,372.0,4.38,24.3,None,Multiple,Female,No,Moderate,Diseased
2.0,189.0,147.0,100.0,3.73,34.8,High,Painkiller,Male,Yes,Healthy,Diseased
,216.0,,109.0,3.2,26.4,Moderate,None,Male,No,Moderate,At_Risk
0.19,158.0,30.0,278.0,4.04,32.2,High,Multiple,Female,Occasional,Moderate,At_Risk
4.15,80.0,274.0,308.0,4.89,28.0,Low,Steroids,Male,Occasional,Moderate,At_Risk
2.67,130.0,157.0,54.0,5.0,20.9,Low,Painkiller,Male,No,Unhealthy,Diseased
3.9,262.0,193.0,77.0,5.04,18.1,Low,Multiple,Female,No,Healthy,Diseased
1.25,102.0,236.0,303.0,3.52,22.9,Moderate,None,Male,,Healthy,At_Risk
1.79,265.0,45.0,280.0,4.88,17.7,None,None,Female,Occasional,Moderate,Healthy
0.25,263.0,255.0,249.0,3.14,33.9,None,Steroids,Male,Yes,Healthy,Diseased
4.81,297.0,82.0,381.0,4.72,39.1,High,None,Female,No,Healthy,Diseased
3.37,68.0,159.0,320.0,5.35,25.9,Low,Multiple,Other,No,Unhealthy,At_Risk
4.67,78.0,10.0,388.0,2.54,27.2,High,Herbal,Male,Yes,Moderate,Diseased
1.4,95.0,78.0,353.0,3.82,39.7,None,Painkiller,Female,Occasional,Moderate,At_Risk
3.1,283.0,239.0,95.0,4.44,22.5,High,Herbal,Male,Yes,Healthy,Diseased
3.42,236.0,220.0,77.0,4.61,19.5,Moderate,,Female,No,Healthy,Diseased
1.66,90.0,81.0,56.0,3.03,30.5,Moderate,Antibiotics,Male,No,Healthy,Diseased
4.26,123.0,105.0,281.0,5.42,34.7,Low,Multiple,Female,No,Unhealthy,Diseased
4.74,193.0,93.0,248.0,4.35,33.4,High,Herbal,Female,Occasional,Unhealthy,Diseased
4.44,289.0,,143.0,2.99,36.7,Low,Painkiller,Male,No,Moderate,Diseased
3.72,63.0,245.0,,2.56,17.6,Moderate,None,Male,Yes,Healthy,Diseased
1.46,206.0,231.0,137.0,4.85,28.4,None,None,Male,,Moderate,At_Risk
1.48,189.0,,235.0,2.74,22.9,Low,Antibiotics,Female,No,Unhealthy,Diseased
4.82,231.0,290.0,292.0,2.92,38.0,Moderate,Antibiotics,Male,Yes,Unhealthy,Diseased
0.15,283.0,230.0,117.0,4.22,41.3,None,None,Female,Yes,Moderate,Diseased
3.61,253.0,225.0,360.0,4.31,24.2,Moderate,Painkiller,Male,No,Moderate,Diseased
3.56,163.0,240.0,236.0,4.56,,None,Herbal,Male,No,Moderate,Diseased
3.15,282.0,178.0,288.0,3.68,23.3,High,Painkiller,Female,Yes,Healthy,Diseased
4.95,144.0,51.0,267.0,4.82,19.0,High,None,Female,Yes,Moderate,Diseased
1.63,17.0,267.0,157.0,5.42,25.4,Low,Multiple,Female,Yes,Moderate,At_Risk
1.77,137.0,205.0,356.0,3.31,31.6,None,None,,No,Moderate,Diseased
0.49,65.0,105.0,87.0,4.61,44.2,Moderate,Herbal,Female,No,Moderate,At_Risk
2.27,135.0,23.0,398.0,5.29,27.6,None,None,Female,Occasional,Moderate,At_Risk
,168.0,122.0,325.0,4.56,22.4,Low,Painkiller,Male,Occasional,Moderate,At_Risk
1.78,68.0,86.0,59.0,4.54,20.8,None,Painkiller,Female,No,Healthy,Healthy
4.19,67.0,286.0,75.0,3.17,21.0,Low,Antibiotics,Female,Occasional,Unhealthy,Diseased
4.68,149.0,169.0,97.0,4.11,21.6,None,Antibiotics,Female,No,Moderate,Diseased
1.01,185.0,,396.0,4.19,38.1,None,None,Female,No,Moderate,At_Risk
1.93,117.0,170.0,63.0,4.6,17.8,None,Antibiotics,Male,Yes,Healthy,Diseased
4.65,220.0,155.0,149.0,5.49,44.9,Low,Painkiller,Male,No,Unhealthy,Diseased
0.4,83.0,172.0,236.0,2.6,31.2,Low,None,Male,Occasional,Moderate,Diseased
0.55,176.0,188.0,61.0,2.7,31.8,None,Multiple,Female,No,Moderate,Diseased
0.9,242.0,98.0,328.0,2.73,26.4,Low,Herbal,Male,No,Unhealthy,Diseased
3.02,191.0,232.0,390.0,4.73,36.0,Moderate,Herbal,,No,Unhealthy,Diseased
0.84,131.0,275.0,377.0,2.91,29.7,None,Steroids,Female,No,Moderate,At_Risk
4.84,212.0,248.0,,4.37,25.5,Moderate,None,Female,No,Healthy,Diseased
2.29,38.0,43.0,171.0,3.47,23.7,Moderate,Antibiotics,Male,No,Unhealthy,At_Risk
2.56,211.0,176.0,144.0,3.87,42.8,None,Herbal,Female,,Unhealthy,Diseased
1.31,102.0,134.0,74.0,,24.4,Low,None,Male,Yes,Healthy,Diseased
2.41,185.0,233.0,66.0,5.1,28.7,Low,Painkiller,Female,,Moderate,Diseased
3.34,220.0,159.0,78.0,4.26,26.2,Moderate,Painkiller,,Yes,Moderate,Diseased
3.78,193.0,198.0,372.0,5.33,18.5,None,None,Male,No,Healthy,Diseased
3.79,104.0,52.0,390.0,4.22,21.4,High,Painkiller,Male,No,Healthy,Diseased
2.93,282.0,38.0,362.0,2.87,21.5,Moderate,Multiple,Male,No,Moderate,At_Risk
4.53,146.0,129.0,121.0,3.01,36.1,Low,Steroids,Male,No,Unhealthy,Diseased
4.11,246.0,40.0,319.0,5.47,27.8,None,None,Male,Yes,Healthy,Diseased
3.81,274.0,190.0,299.0,4.68,,None,Antibiotics,Other,Occasional,Unhealthy,Diseased
0.37,144.0,171.0,344.0,2.65,36.6,Low,None,Male,No,Unhealthy,Diseased
0.13,153.0,137.0,193.0,4.61,21.6,Low,Antibiotics,Female,No,Unhealthy,At_Risk
1.14,28.0,264.0,323.0,3.74,32.3,Moderate,Herbal,Female,No,,At_Risk
3.35,240.0,263.0,272.0,3.42,37.5,Moderate,Antibiotics,Female,Occasional,Moderate,Diseased
2.11,143.0,139.0,124.0,2.96,34.4,None,Steroids,Male,Yes,Moderate,Diseased
2.07,123.0,21.0,151.0,5.02,33.4,Low,Painkiller,Male,No,Unhealthy,Diseased
4.43,148.0,44.0,69.0,2.69,37.4,None,,Female,No,Moderate,Diseased
4.49,134.0,207.0,166.0,3.37,17.6,Low,Steroids,Female,No,Healthy,Diseased
4.55,213.0,257.0,223.0,3.42,37.2,Moderate,Herbal,Male,Yes,Healthy,Diseased
1.64,70.0,119.0,222.0,2.98,23.9,Low,Steroids,Female,Yes,Moderate,At_Risk
3.49,259.0,254.0,53.0,,32.6,Moderate,Multiple,Male,Occasional,Unhealthy,Diseased
1.43,22.0,259.0,389.0,2.54,23.0,High,Herbal,Male,No,Moderate,At_Risk
1.03,264.0,172.0,197.0,3.4,40.3,Low,Herbal,Female,Yes,Moderate,Diseased
1.0,94.0,57.0,163.0,5.3,29.9,None,Herbal,Female,No,Healthy,Healthy
,29.0,80.0,370.0,3.43,34.6,Low,None,Male,Yes,Unhealthy,At_Risk
2.21,59.0,143.0,216.0,3.58,,None,Painkiller,Male,No,Moderate,At_Risk
4.17,173.0,248.0,349.0,3.92,42.0,Low,Antibiotics,Male,Yes,Unhealthy,Diseased
,101.0,77.0,167.0,4.19,37.2,Moderate,Painkiller,Other,No,Moderate,At_Risk
3.7,97.0,287.0,149.0,4.93,20.3,Low,Herbal,Male,No,Moderate,Diseased
2.7,78.0,41.0,323.0,3.07,40.8,Moderate,None,Male,Yes,Moderate,Diseased
1.51,46.0,132.0,224.0,5.12,33.9,Moderate,None,Male,Occasional,Healthy,At_Risk
2.51,262.0,31.0,208.0,4.77,33.7,Moderate,Herbal,Male,Yes,Healthy,Diseased
1.57,261.0,164.0,276.0,4.67,42.7,None,None,Female,Yes,Healthy,Diseased
3.02,149.0,119.0,87.0,2.76,23.2,Moderate,None,Male,Yes,Moderate,Diseased
2.23,177.0,280.0,247.0,2.56,22.9,Moderate,Painkiller,Female,No,Moderate,Diseased
0.91,63.0,124.0,185.0,4.28,30.9,None,Herbal,Male,No,Healthy,At_Risk
0.67,187.0,229.0,153.0,5.09,37.8,High,,Female,Occasional,Moderate,Diseased
2.78,115.0,239.0,242.0,4.25,29.0,High,Multiple,Male,Occasional,Moderate,Diseased
4.52,146.0,261.0,299.0,3.14,34.4,Low,None,Female,No,Moderate,Diseased
1.79,199.0,258.0,62.0,2.77,29.1,Moderate,Herbal,Male,No,Healthy,At_Risk
3.69,137.0,18.0,104.0,,33.7,None,None,Female,Occasional,Moderate,At_Risk
3.33,56.0,43.0,393.0,4.67,39.8,Low,None,Female,Yes,,At_Risk
4.66,14.0,237.0,134.0,3.02,21.2,None,Painkiller,Female,No,Healthy,At_Risk
4.12,266.0,82.0,158.0,2.58,36.2,Low,None,Male,No,Moderate,Diseased
2.88,159.0,221.0,92.0,3.72,38.8,Low,Painkiller,Female,Occasional,Healthy,Diseased
3.32,252.0,81.0,120.0,4.25,29.0,None,Painkiller,Male,No,Unhealthy,Diseased
4.5,284.0,67.0,317.0,4.62,25.4,,None,Female,No,Unhealthy,At_Risk
2.06,217.0,229.0,108.0,4.93,16.4,None,Herbal,Male,No,Moderate,Diseased
1.7,124.0,284.0,93.0,4.33,39.1,None,Painkiller,Male,No,Healthy,At_Risk
0.15,204.0,258.0,321.0,2.83,25.5,Low,Multiple,Male,No,Moderate,At_Risk
4.15,179.0,25.0,,4.55,26.4,,Herbal,Male,No,,At_Risk
4.02,91.0,84.0,161.0,5.45,25.7,,None,,No,Healthy,Diseased
0.61,163.0,115.0,363.0,5.22,30.5,None,Antibiotics,Male,Yes,Healthy,Diseased
2.93,150.0,145.0,277.0,5.12,36.4,None,,Other,No,Healthy,Diseased
2.37,155.0,,218.0,3.41,38.4,None,Herbal,Female,No,Healthy,Diseased
0.68,131.0,263.0,340.0,4.75,27.4,Low,Herbal,Male,No,Moderate,At_Risk
4.9,261.0,27.0,295.0,5.05,35.2,High,Antibiotics,Male,No,Unhealthy,Diseased
1.15,98.0,52.0,315.0,,36.9,None,None,Female,No,Healthy,At_Risk
0.43,67.0,59.0,386.0,3.25,24.6,Moderate,Painkiller,Male,Yes,Healthy,At_Risk
3.01,72.0,12.0,292.0,5.36,18.8,None,Herbal,Female,No,Healthy,Healthy
3.72,289.0,241.0,207.0,3.85,41.9,Low,Steroids,Female,No,Moderate,Diseased
0.26,81.0,228.0,349.0,2.89,35.6,None,Herbal,Female,Yes,Healthy,Diseased
3.33,18.0,68.0,376.0,2.83,34.8,High,Steroids,Female,No,Healthy,Diseased
2.71,103.0,,67.0,4.44,17.7,Low,None,Female,No,Healthy,Diseased
0.61,161.0,73.0,132.0,3.81,39.7,Moderate,Multiple,Male,Occasional,Moderate,At_Risk
0.95,49.0,79.0,384.0,2.78,32.4,Low,Multiple,Male,Occasional,Moderate,Healthy
2.88,71.0,151.0,280.0,4.72,40.6,None,None,Male,Occasional,Unhealthy,Diseased
1.55,263.0,211.0,391.0,4.9,44.3,High,None,Female,No,Moderate,Diseased
4.7,78.0,216.0,,4.68,43.8,None,Antibiotics,Male,Occasional,Healthy,At_Risk
,254.0,230.0,216.0,3.11,40.8,None,Herbal,Female,Yes,Moderate,Diseased
4.92,179.0,255.0,91.0,4.57,16.3,None,Painkiller,Male,No,Healthy,Diseased
1.37,187.0,90.0,298.0,2.53,41.7,None,None,Male,Yes,Moderate,Diseased
4.85,198.0,260.0,297.0,3.42,18.2,None,Antibiotics,Male,No,Healthy,Diseased
2.21,269.0,60.0,,3.7,40.7,Low,Painkiller,Female,No,Healthy,At_Risk
1.8,,294.0,69.0,5.01,24.1,None,Painkiller,Female,No,Moderate,At_Risk
0.35,26.0,213.0,91.0,3.67,33.7,Low,Antibiotics,Female,No,Healthy,At_Risk
0.36,66.0,34.0,394.0,2.53,17.1,None,Herbal,Female,No,Healthy,Healthy
3.49,227.0,50.0,136.0,3.56,38.4,High,Antibiotics,Female,No,Healthy,Diseased
2.34,116.0,78.0,310.0,4.0,19.2,None,Steroids,Female,No,Moderate,At_Risk
1.21,182.0,13.0,355.0,5.35,27.9,Moderate,Steroids,Male,Yes,Healthy,At_Risk
3.11,228.0,249.0,346.0,5.32,39.7,Moderate,Antibiotics,Male,No,Moderate,Diseased
1.34,256.0,40.0,399.0,3.04,36.2,None,,Male,Yes,Moderate,Diseased
2.93,227.0,126.0,289.0,3.06,16.2,None,Painkiller,Other,,Healthy,Diseased
1.86,40.0,204.0,216.0,2.99,27.7,None,Painkiller,Male,Yes,Unhealthy,Diseased
4.14,56.0,99.0,362.0,4.87,17.2,None,Multiple,Male,No,Unhealthy,At_Risk
4.12,143.0,187.0,268.0,2.52,35.5,None,Herbal,Female,Yes,Unhealthy,Diseased
2.44,117.0,154.0,182.0,2.88,44.1,Moderate,Antibiotics,Male,Yes,Moderate,Diseased
1.82,81.0,211.0,256.0,4.11,35.0,Low,Multiple,Female,Occasional,Healthy,At_Risk
1.88,117.0,212.0,100.0,3.24,22.5,Low,Herbal,Female,No,Moderate,At_Risk
4.05,281.0,33.0,155.0,2.78,26.3,None,Multiple,Female,No,Healthy,At_Risk
1.71,180.0,114.0,233.0,3.58,44.3,Moderate,None,Female,No,Healthy,At_Risk
1.12,125.0,284.0,250.0,3.32,22.5,None,Steroids,Female,No,Healthy,At_Risk
0.51,83.0,69.0,60.0,4.03,32.3,Low,Antibiotics,,No,Moderate,At_Risk
2.39,265.0,24.0,303.0,5.44,27.6,None,Steroids,Male,Occasional,Healthy,At_Risk
2.46,90.0,94.0,199.0,,38.3,None,None,Female,No,Moderate,Diseased
4.22,277.0,206.0,145.0,3.62,41.2,Moderate,Steroids,Female,No,Healthy,Diseased
1.18,137.0,244.0,155.0,5.3,25.9,Moderate,Painkiller,Male,Yes,Moderate,Diseased
1.97,244.0,272.0,192.0,5.13,35.2,Moderate,Herbal,Male,No,Moderate,At_Risk
4.06,50.0,15.0,215.0,3.68,31.9,Low,Herbal,Male,No,Healthy,At_Risk
4.14,190.0,298.0,50.0,4.6,24.1,High,None,Female,Yes,Healthy,Diseased
1.98,166.0,67.0,95.0,2.76,23.9,Low,None,Male,No,Healthy,At_Risk
2.35,68.0,154.0,291.0,4.64,31.6,Low,Steroids,Female,Yes,Healthy,Diseased
1.59,258.0,51.0,,5.42,20.5,None,Antibiotics,Male,No,Moderate,Healthy
4.67,201.0,209.0,327.0,4.11,39.5,None,Antibiotics,Male,No,Unhealthy,Diseased
0.68,33.0,183.0,52.0,4.0,18.0,Low,Herbal,Male,Occasional,Moderate,Healthy
4.68,89.0,104.0,191.0,3.06,18.7,None,Herbal,Female,,Unhealthy,Diseased
3.45,143.0,226.0,110.0,4.4,25.9,Low,None,Male,No,Unhealthy,Diseased
2.7,222.0,120.0,343.0,4.27,19.4,None,,Male,Yes,Moderate,Diseased
0.26,175.0,189.0,274.0,4.46,29.8,Moderate,Herbal,Female,No,Healthy,At_Risk
2.43,80.0,172.0,351.0,2.58,27.6,High,Herbal,Female,No,Unhealthy,Diseased
2.1,223.0,128.0,219.0,4.15,36.9,None,None,Female,Yes,Moderate,Diseased
0.89,74.0,237.0,,4.28,43.6,Moderate,None,Female,No,Unhealthy,At_Risk
3.32,230.0,154.0,90.0,3.12,37.9,Moderate,None,Female,Yes,Moderate,Diseased
4.86,295.0,151.0,280.0,3.12,21.2,High,Multiple,Female,Yes,Moderate,Diseased
2.85,194.0,131.0,275.0,3.33,43.1,None,Painkiller,Female,,Unhealthy,Diseased
3.6,216.0,294.0,188.0,4.64,27.4,Moderate,Painkiller,Male,No,Moderate,Diseased
0.44,108.0,235.0,159.0,4.32,29.8,None,None,Male,Yes,Moderate,Diseased
2.15,251.0,266.0,346.0,5.04,28.2,Low,None,Male,Occasional,Moderate,Diseased
0.67,167.0,294.0,106.0,3.39,24.1,Moderate,Steroids,Female,No,Unhealthy,Diseased
3.1,107.0,174.0,172.0,5.24,42.0,Moderate,Antibiotics,Female,No,Moderate,Diseased
4.7,51.0,230.0,289.0,4.73,25.6,None,Antibiotics,Male,Occasional,Healthy,At_Risk
3.34,148.0,78.0,135.0,3.69,32.8,Moderate,None,Female,No,Moderate,At_Risk
0.48,292.0,233.0,225.0,2.79,23.0,Low,Painkiller,,No,Moderate,At_Risk
1.84,236.0,133.0,112.0,3.27,39.1,None,Herbal,Female,No,Healthy,Diseased
2.8,81.0,,88.0,5.37,38.5,Low,None,Female,No,Healthy,At_Risk
2.08,252.0,61.0,,3.43,24.6,Moderate,Herbal,Female,No,Healthy,At_Risk
4.18,27.0,138.0,290.0,3.49,35.8,High,None,Male,No,Unhealthy,Diseased
4.09,86.0,144.0,275.0,3.07,36.4,Moderate,None,Male,No,Healthy,Diseased
3.1,54.0,154.0,255.0,4.92,32.3,None,Painkiller,Female,Yes,Moderate,Diseased
1.93,149.0,136.0,213.0,3.33,33.4,None,Multiple,Female,No,Unhealthy,Diseased
1.35,186.0,235.0,76.0,,32.7,None,Painkiller,Female,No,Healthy,Diseased
0.62,231.0,80.0,232.0,3.74,18.4,,Steroids,Male,Yes,Healthy,At_Risk
1.84,101.0,282.0,247.0,3.8,35.4,Low,Antibiotics,Male,Occasional,Unhealthy,Diseased
2.12,31.0,196.0,386.0,3.73,29.6,None,None,,No,Moderate,At_Risk
3.41,181.0,12.0,156.0,4.01,28.7,None,None,Female,No,Healthy,At_Risk
3.32,101.0,294.0,238.0,4.94,40.9,Moderate,Multiple,Female,No,Unhealthy,Diseased
0.44,201.0,31.0,85.0,4.96,16.7,Low,None,Female,No,Moderate,Healthy
2.04,86.0,175.0,134.0,4.89,23.3,Moderate,Steroids,Female,Occasional,Unhealthy,Diseased
0.99,290.0,255.0,204.0,2.8,19.5,Low,Multiple,Male,No,Healthy,At_Risk
0.87,188.0,243.0,218.0,4.9,17.0,Low,None,Male,No,Moderate,At_Risk
4.15,247.0,167.0,333.0,,24.0,None,Painkiller,Female,No,Moderate,Diseased
0.31,144.0,160.0,,2.87,44.7,Low,None,Male,No,Healthy,Diseased
,289.0,222.0,84.0,5.34,23.8,Low,None,Female,No,Healthy,Diseased
0.92,28.0,227.0,233.0,4.96,35.2,Low,None,Female,Yes,Healthy,At_Risk
4.41,92.0,255.0,148.0,4.16,19.4,Moderate,Antibiotics,Male,Occasional,Moderate,Diseased
2.83,237.0,285.0,286.0,5.12,33.5,High,Steroids,Male,No,Healthy,Diseased
1.23,274.0,160.0,171.0,5.47,44.5,Low,Steroids,Male,No,Healthy,At_Risk
2.56,121.0,205.0,72.0,4.33,24.5,None,Multiple,Male,No,Moderate,Diseased
3.68,260.0,30.0,112.0,4.34,40.6,High,None,Female,Yes,Moderate,Diseased
4.79,173.0,266.0,375.0,4.76,44.9,Moderate,Painkiller,Female,No,Healthy,Diseased
1.18,177.0,26.0,199.0,3.2,33.1,Low,Painkiller,,Yes,Moderate,Diseased
4.44,230.0,60.0,244.0,3.0,25.0,Moderate,None,Female,No,Moderate,At_Risk
4.68,200.0,279.0,129.0,4.78,,None,None,Female,No,Moderate,Diseased
4.59,,92.0,364.0,3.53,40.5,None,Painkiller,Female,No,Healthy,Diseased
3.21,54.0,133.0,202.0,2.91,21.0,None,Herbal,Female,No,Healthy,At_Risk
3.19,23.0,299.0,66.0,3.44,29.1,None,Multiple,Male,Yes,Moderate,Diseased
2.08,240.0,271.0,88.0,3.58,25.3,Low,None,Other,No,Unhealthy,Diseased
3.79,166.0,,382.0,5.4,24.2,None,Herbal,Female,Yes,Healthy,Diseased
2.7,143.0,15.0,397.0,4.59,41.0,Moderate,Herbal,Female,No,Moderate,At_Risk
3.42,46.0,126.0,251.0,4.09,28.2,Low,Painkiller,Female,No,Healthy,At_Risk
2.2,62.0,127.0,329.0,5.41,25.8,Low,None,Female,No,Healthy,At_Risk
3.68,27.0,272.0,137.0,5.21,,None,Multiple,Male,No,Healthy,At_Risk
4.14,47.0,138.0,349.0,4.04,22.4,Low,Steroids,Female,Yes,Unhealthy,Diseased
0.82,196.0,180.0,341.0,5.22,22.7,None,Multiple,Female,No,,At_Risk
4.18,205.0,36.0,119.0,3.71,31.1,Moderate,Painkiller,Female,,Healthy,At_Risk
2.75,252.0,208.0,173.0,3.19,27.9,Moderate,Painkiller,Male,No,Moderate,Diseased
4.24,44.0,106.0,129.0,3.2,24.6,Low,None,Male,No,,At_Risk
2.21,224.0,26.0,94.0,4.49,17.6,None,Multiple,Female,Yes,Healthy,Diseased
1.96,228.0,182.0,282.0,4.0,31.1,Moderate,None,Other,Occasional,Healthy,At_Risk
4.58,99.0,,203.0,4.48,39.7,None,None,Male,No,Unhealthy,Diseased
1.33,261.0,,229.0,4.56,40.7,None,Antibiotics,,Occasional,Healthy,At_Risk
,17.0,193.0,80.0,2.57,22.8,Low,Painkiller,Male,Occasional,Unhealthy,Diseased
2.47,265.0,224.0,134.0,2.66,33.4,High,None,Female,No,Healthy,Diseased
2.62,217.0,260.0,94.0,4.1,40.8,None,Antibiotics,Male,No,Healthy,Diseased
1.61,140.0,225.0,372.0,3.07,27.9,High,Painkiller,Female,No,Unhealthy,Diseased
,233.0,38.0,381.0,4.4,43.0,None,Painkiller,Female,No,Moderate,At_Risk
1.69,206.0,111.0,292.0,4.16,42.2,None,None,Male,No,Healthy,At_Risk
0.29,151.0,132.0,89.0,4.26,22.0,Moderate,Antibiotics,Male,No,Moderate,At_Risk
1.43,261.0,63.0,231.0,3.41,23.5,None,None,Male,No,Healthy,At_Risk
0.13,105.0,292.0,346.0,4.42,21.2,None,None,Female,Yes,Moderate,Diseased
4.89,,111.0,130.0,4.99,21.7,None,Steroids,Female,No,Moderate,At_Risk
4.83,120.0,126.0,87.0,5.49,42.3,None,Painkiller,Female,Yes,Healthy,Diseased
2.04,132.0,113.0,106.0,5.02,43.0,None,None,Female,Occasional,Unhealthy,Diseased
3.67,195.0,54.0,371.0,4.17,17.5,Moderate,Antibiotics,Female,Yes,Moderate,Diseased
1.79,177.0,123.0,79.0,3.08,33.2,Moderate,,Female,No,Healthy,Diseased
3.39,60.0,40.0,315.0,4.54,32.4,High,None,Female,No,Healthy,At_Risk
4.05,14.0,173.0,276.0,5.31,27.3,Moderate,Antibiotics,Male,No,Unhealthy,At_Risk
4.74,86.0,198.0,366.0,3.14,34.3,Moderate,Steroids,Female,Occasional,Healthy,Diseased
2.06,169.0,204.0,341.0,3.27,43.5,Moderate,Steroids,Male,Yes,Moderate,Diseased
3.94,217.0,270.0,103.0,2.95,20.9,Moderate,Painkiller,Other,No,Unhealthy,Diseased
1.4,266.0,216.0,146.0,4.71,19.5,None,Painkiller,Male,No,Moderate,At_Risk
4.95,214.0,61.0,53.0,3.72,17.0,None,Herbal,Male,Yes,Moderate,Diseased
0.23,264.0,58.0,359.0,,26.6,Moderate,None,Male,Yes,Healthy,At_Risk
3.06,20.0,15.0,140.0,5.12,25.8,None,None,Female,Occasional,Moderate,Healthy
3.33,17.0,233.0,138.0,4.17,28.5,High,Steroids,Male,Yes,Healthy,Diseased
3.47,41.0,32.0,369.0,3.49,30.6,Low,Painkiller,Female,,Unhealthy,At_Risk
0.69,37.0,154.0,141.0,3.53,38.0,,Steroids,Male,Yes,Healthy,At_Risk
4.7,215.0,119.0,199.0,3.37,27.4,,None,Male,Occasional,,Diseased
0.99,237.0,221.0,283.0,3.87,25.6,None,Painkiller,Male,Yes,Healthy,Diseased
3.15,137.0,50.0,386.0,3.51,40.0,High,Herbal,Male,No,Healthy,Diseased
1.19,264.0,181.0,108.0,4.14,,High,Painkiller,Male,Yes,Healthy,Diseased
1.61,,195.0,234.0,4.82,22.8,Moderate,Antibiotics,Male,Occasional,Unhealthy,At_Risk
2.78,248.0,223.0,93.0,4.52,25.1,None,None,Male,No,Unhealthy,Diseased
2.14,216.0,61.0,229.0,3.38,39.9,None,None,Male,No,Moderate,Diseased
0.89,292.0,79.0,125.0,4.09,18.3,Low,None,Male,Yes,Healthy,At_Risk
0.94,254.0,205.0,193.0,5.02,25.4,Moderate,Painkiller,Female,Yes,Healthy,Diseased
2.15,54.0,160.0,150.0,2.7,29.0,None,Multiple,Male,No,Unhealthy,Diseased
3.81,114.0,118.0,321.0,2.73,21.4,None,Herbal,Male,Yes,Healthy,Diseased
4.5,290.0,127.0,104.0,4.17,21.2,None,Antibiotics,Male,No,Moderate,Diseased
0.51,,104.0,,4.42,28.3,Low,Herbal,Female,Occasional,Healthy,At_Risk
2.03,198.0,,384.0,3.13,37.9,Moderate,Antibiotics,Male,Occasional,Unhealthy,Diseased
0.59,53.0,53.0,126.0,4.74,40.4,None,Painkiller,Female,No,Healthy,Healthy
0.18,234.0,76.0,345.0,4.44,44.4,None,None,Other,Occasional,Healthy,At_Risk
3.34,151.0,165.0,268.0,5.27,18.1,Moderate,Steroids,Male,No,Moderate,Diseased
3.05,145.0,215.0,326.0,,22.3,Moderate,None,Male,Yes,Healthy,Diseased
0.9,185.0,,115.0,4.75,37.9,Moderate,,Male,No,Moderate,At_Risk
1.25,151.0,164.0,185.0,2.75,31.7,Moderate,Herbal,Male,No,Healthy,Diseased
0.22,89.0,188.0,283.0,4.2,25.5,None,None,Male,Occasional,Moderate,At_Risk
4.19,91.0,69.0,248.0,4.16,22.0,Low,None,Male,Occasional,Healthy,At_Risk
4.88,144.0,83.0,315.0,3.67,24.1,,None,Female,No,Moderate,Diseased
0.76,216.0,58.0,92.0,5.03,28.4,High,Antibiotics,Male,No,Unhealthy,At_Risk
1.23,186.0,280.0,277.0,2.51,21.1,Low,None,Male,No,Unhealthy,Diseased
4.36,252.0,82.0,276.0,4.06,44.0,Moderate,Antibiotics,Female,Occasional,Moderate,Diseased
4.64,64.0,205.0,112.0,3.15,19.1,High,Painkiller,Male,No,Moderate,Diseased
2.16,150.0,188.0,220.0,4.73,44.6,Low,Antibiotics,Male,No,Moderate,Diseased
0.35,65.0,57.0,299.0,2.63,40.4,None,None,Female,Yes,Healthy,At_Risk
0.29,24.0,81.0,387.0,4.99,28.3,Moderate,Multiple,Male,Occasional,Moderate,Healthy
2.91,194.0,122.0,299.0,5.01,37.5,High,Painkiller,Female,No,Healthy,Diseased
2.03,97.0,254.0,356.0,5.0,35.5,Moderate,Steroids,Male,Yes,Healthy,Diseased
0.24,106.0,168.0,287.0,2.96,22.2,Moderate,Steroids,Female,Yes,Moderate,Diseased
2.96,153.0,283.0,105.0,4.39,25.8,Low,Painkiller,Female,No,Moderate,Diseased
0.16,17.0,277.0,220.0,,30.9,None,None,Male,Yes,Healthy,Diseased
3.96,224.0,39.0,83.0,5.04,34.5,None,Antibiotics,,Yes,Moderate,Diseased
1.6,182.0,106.0,,4.67,31.7,High,Steroids,Male,No,Unhealthy,Diseased
0.3,232.0,260.0,179.0,4.09,29.7,Low,Painkiller,Female,No,Moderate,At_Risk
2.98,49.0,16.0,179.0,4.69,28.9,None,None,Female,Yes,Moderate,At_Risk
2.05,191.0,101.0,200.0,2.78,30.4,High,,Male,No,Healthy,Diseased
4.87,279.0,122.0,192.0,4.09,28.6,Low,Painkiller,Female,No,Unhealthy,Diseased
2.77,196.0,268.0,167.0,3.37,31.7,Moderate,None,Female,No,Healthy,Diseased
1.45,,116.0,253.0,5.42,41.8,Low,Multiple,Other,No,Unhealthy,Diseased
3.58,240.0,72.0,284.0,5.07,34.4,None,None,Male,No,Unhealthy,Diseased
,164.0,280.0,66.0,4.7,37.0,Low,Painkiller,Female,No,Moderate,At_Risk
4.53,184.0,208.0,131.0,5.3,33.3,High,Steroids,Male,No,Unhealthy,Diseased
1.94,124.0,155.0,63.0,3.54,34.6,None,Herbal,Female,No,Moderate,At_Risk
2.79,27.0,70.0,130.0,5.2,32.8,Moderate,Painkiller,Male,No,Unhealthy,At_Risk
0.35,281.0,129.0,256.0,3.48,16.8,None,None,Male,Yes,Moderate,Diseased
2.19,21.0,70.0,253.0,4.7,45.0,Low,None,Female,Yes,Healthy,At_Risk
4.18,201.0,35.0,321.0,4.71,17.0,Low,Painkiller,Female,No,Healthy,At_Risk
4.05,241.0,124.0,81.0,2.56,27.5,Moderate,Painkiller,Male,Occasional,Moderate,Diseased
1.2,102.0,49.0,72.0,3.58,19.0,Low,Painkiller,Female,Yes,Unhealthy,At_Risk
1.21,227.0,125.0,151.0,2.56,18.8,Low,None,Male,Yes,Unhealthy,Diseased
4.1,287.0,145.0,211.0,5.49,39.0,Moderate,Multiple,Male,No,Unhealthy,Diseased
4.66,38.0,286.0,147.0,2.87,28.4,None,None,Male,No,Healthy,At_Risk
0.57,86.0,30.0,,4.13,39.2,None,Painkiller,Male,Occasional,Moderate,At_Risk
2.31,18.0,40.0,153.0,4.87,23.9,None,Multiple,Female,No,Moderate,Healthy
1.75,33.0,256.0,373.0,3.1,23.4,Moderate,Steroids,Male,Yes,Moderate,At_Risk
4.37,24.0,,220.0,3.96,23.3,,Painkiller,Male,No,Healthy,Healthy
0.51,173.0,82.0,113.0,4.32,33.9,Moderate,None,Female,Occasional,,At_Risk
1.13,22.0,106.0,293.0,2.98,39.6,Low,Multiple,Male,No,Moderate,At_Risk
3.79,181.0,170.0,120.0,4.84,,None,None,Female,No,Moderate,Diseased
0.35,209.0,296.0,323.0,3.4,27.0,Moderate,Steroids,Female,Yes,Moderate,Diseased
2.51,85.0,221.0,174.0,3.13,44.2,None,Herbal,Male,No,Moderate,Diseased
2.27,173.0,85.0,366.0,4.17,19.4,High,None,Male,No,Healthy,Diseased
1.74,70.0,152.0,380.0,3.73,30.1,None,Steroids,Female,No,Unhealthy,At_Risk
2.03,254.0,43.0,156.0,5.26,27.8,None,Multiple,Female,No,Healthy,At_Risk
2.7,164.0,13.0,197.0,5.14,18.8,Low,Antibiotics,Female,No,Moderate,At_Risk
0.89,266.0,,241.0,3.95,23.8,None,Painkiller,Female,Yes,Healthy,Diseased
2.9,253.0,226.0,386.0,3.58,16.8,None,Herbal,Female,Yes,Moderate,Diseased
4.05,,37.0,275.0,3.48,41.4,Low,Antibiotics,Male,Occasional,Unhealthy,Diseased
3.82,77.0,,291.0,3.3,33.6,None,Steroids,Female,No,Healthy,Diseased
,286.0,282.0,333.0,4.13,39.6,None,Antibiotics,Male,No,Unhealthy,Diseased
0.83,170.0,136.0,212.0,4.91,31.1,None,None,Male,Occasional,Healthy,At_Risk
1.41,,211.0,57.0,3.43,33.4,Low,None,Male,Yes,Healthy,Diseased
1.87,104.0,18.0,396.0,3.07,36.3,Low,None,Male,Yes,Unhealthy,Diseased
2.1,255.0,296.0,201.0,3.93,42.3,,None,Female,No,Moderate,Diseased
3.43,230.0,97.0,,2.71,18.7,Low,None,Male,Occasional,Healthy,Diseased
0.38,132.0,28.0,144.0,4.6,25.6,Moderate,Painkiller,Male,No,Unhealthy,At_Risk
0.27,196.0,90.0,263.0,4.06,36.6,Moderate,None,Male,No,Moderate,At_Risk
2.02,271.0,116.0,113.0,3.99,43.8,Low,Herbal,Male,Yes,Healthy,Diseased
3.52,282.0,239.0,114.0,3.4,44.4,None,Herbal,Female,No,Unhealthy,Diseased
1.05,69.0,121.0,319.0,5.21,34.5,Low,Antibiotics,Female,No,Moderate,At_Risk
3.24,134.0,229.0,74.0,2.77,21.6,Moderate,Painkiller,Female,Yes,Healthy,Diseased
1.37,,132.0,149.0,5.11,19.5,Low,None,Female,Yes,Unhealthy,At_Risk
4.44,187.0,253.0,154.0,3.63,43.4,None,Painkiller,Female,Yes,Moderate,Diseased
4.49,148.0,187.0,180.0,5.14,28.6,None,Antibiotics,Male,No,Moderate,Diseased
,179.0,74.0,370.0,4.69,21.6,High,Herbal,Female,No,Unhealthy,At_Risk
1.23,48.0,12.0,68.0,,43.1,Moderate,None,Male,No,Unhealthy,At_Risk
2.12,78.0,216.0,274.0,4.99,19.0,None,Steroids,Female,Occasional,Healthy,At_Risk
1.28,245.0,30.0,155.0,4.55,37.2,None,Steroids,Female,No,Unhealthy,At_Risk
3.39,57.0,24.0,103.0,2.6,34.1,,Antibiotics,Female,No,Healthy,At_Risk
4.15,66.0,215.0,275.0,2.9,18.5,None,None,Male,No,Moderate,At_Risk
3.4,286.0,211.0,64.0,4.41,25.8,Low,Antibiotics,Male,No,Unhealthy,Diseased
4.14,108.0,129.0,97.0,4.49,20.3,Moderate,Antibiotics,Female,Occasional,Moderate,Diseased
2.05,24.0,146.0,188.0,4.74,33.5,Low,Painkiller,Female,No,Healthy,At_Risk
0.87,188.0,34.0,83.0,4.66,29.8,,Painkiller,Female,Yes,Moderate,At_Risk
3.72,71.0,243.0,259.0,4.48,16.1,None,None,Male,No,Moderate,At_Risk
1.87,128.0,130.0,68.0,4.8,44.3,High,None,,No,Healthy,Diseased
3.39,46.0,99.0,245.0,4.23,26.1,Low,None,,Occasional,Unhealthy,At_Risk
1.43,143.0,209.0,375.0,3.28,23.5,Moderate,None,Male,Yes,Unhealthy,Diseased
0.5,35.0,189.0,164.0,,22.5,Low,None,Female,Yes,Moderate,At_Risk
4.96,17.0,85.0,124.0,2.55,20.6,High,None,Male,,Moderate,Diseased
0.87,13.0,146.0,199.0,3.6,45.0,High,None,Female,No,Healthy,At_Risk
4.94,30.0,147.0,85.0,4.69,24.6,Low,Steroids,Male,No,Unhealthy,At_Risk
4.89,,19.0,291.0,3.78,27.8,None,Herbal,Female,No,Healthy,At_Risk
3.99,34.0,210.0,200.0,2.57,41.3,Low,Painkiller,Male,Yes,Healthy,Diseased
3.33,152.0,228.0,112.0,2.7,34.6,Moderate,Painkiller,Male,No,Unhealthy,Diseased
2.93,254.0,69.0,203.0,4.45,26.7,Low,Herbal,Female,No,Unhealthy,At_Risk
4.34,52.0,156.0,237.0,5.39,42.1,Moderate,Antibiotics,Female,Occasional,,At_Risk
1.52,194.0,116.0,272.0,4.16,37.7,None,None,Female,No,Healthy,At_Risk
,51.0,47.0,142.0,4.02,22.6,None,Steroids,Male,No,Healthy,Healthy
3.14,101.0,143.0,54.0,3.45,34.7,Moderate,Painkiller,Female,No,Moderate,Diseased
2.11,62.0,230.0,215.0,3.27,42.7,None,Antibiotics,Male,Occasional,,Diseased
2.19,93.0,142.0,74.0,2.56,30.4,Low,Multiple,Female,Occasional,Moderate,Diseased
1.72,43.0,62.0,147.0,3.32,37.3,High,Painkiller,Male,No,Moderate,At_Risk
2.86,85.0,71.0,317.0,3.85,44.2,Low,Multiple,Male,No,Moderate,At_Risk
4.27,206.0,32.0,199.0,3.09,36.0,High,Painkiller,Female,No,,Diseased
,295.0,53.0,301.0,2.76,19.0,Moderate,Antibiotics,Male,No,Unhealthy,At_Risk
4.68,97.0,55.0,133.0,4.65,23.1,Moderate,Painkiller,Female,No,Moderate,At_Risk
3.48,244.0,156.0,334.0,5.18,33.3,Low,Herbal,Male,No,Unhealthy,Diseased
4.13,241.0,225.0,221.0,5.31,24.0,None,None,Female,,Unhealthy,Diseased
2.83,16.0,56.0,270.0,4.35,43.8,Low,Antibiotics,Female,No,Healthy,At_Risk
,47.0,33.0,158.0,2.66,27.8,None,Herbal,Female,Yes,Unhealthy,Diseased
0.18,61.0,154.0,76.0,4.72,29.3,High,Painkiller,Male,No,Healthy,At_Risk
4.11,152.0,98.0,295.0,2.83,36.3,None,None,Male,No,Unhealthy,Diseased
0.3,230.0,183.0,104.0,4.51,31.2,None,None,,No,Moderate,At_Risk
4.46,249.0,73.0,182.0,,27.1,Low,Steroids,Female,Yes,Moderate,Diseased
4.96,152.0,128.0,101.0,4.68,18.2,Low,Herbal,Female,Yes,Healthy,Diseased
1.54,58.0,232.0,302.0,5.36,33.3,,Painkiller,Female,No,Healthy,At_Risk
1.13,286.0,165.0,318.0,4.71,41.2,None,Antibiotics,,No,Healthy,At_Risk
3.85,280.0,187.0,347.0,4.58,35.9,Moderate,None,Male,Occasional,Unhealthy,Diseased
1.34,23.0,65.0,128.0,3.29,27.1,Low,Painkiller,Male,Yes,Moderate,At_Risk
4.34,24.0,68.0,67.0,5.27,19.7,None,Painkiller,Male,Yes,Moderate,At_Risk
0.6,243.0,229.0,355.0,3.04,39.7,Low,Steroids,Female,No,Unhealthy,Diseased
0.72,72.0,194.0,307.0,5.21,43.3,None,Multiple,Male,Yes,Healthy,At_Risk
4.9,205.0,56.0,392.0,3.44,27.3,None,Herbal,Female,No,Moderate,At_Risk
3.4,36.0,111.0,156.0,2.89,37.1,High,None,Male,No,Moderate,Diseased
4.25,102.0,53.0,96.0,4.98,27.9,Low,Antibiotics,Male,No,Healthy,At_Risk
1.69,114.0,24.0,295.0,2.51,30.6,None,None,Female,No,Unhealthy,At_Risk
3.41,61.0,245.0,138.0,5.0,40.3,High,None,Male,No,Moderate,Diseased
3.01,190.0,60.0,252.0,3.29,18.4,Moderate,None,Female,No,Healthy,At_Risk
3.06,66.0,43.0,289.0,5.15,31.4,None,Painkiller,Female,No,Moderate,At_Risk
3.44,129.0,133.0,317.0,4.57,22.2,Low,Steroids,Male,Yes,Unhealthy,Diseased
2.92,52.0,86.0,62.0,4.5,25.9,Moderate,Painkiller,Male,Occasional,Healthy,At_Risk
2.2,144.0,132.0,186.0,3.6,34.7,Low,Multiple,Female,No,Moderate,Diseased
1.45,269.0,214.0,364.0,2.68,16.8,Low,None,Female,No,Unhealthy,Diseased
3.87,206.0,237.0,222.0,4.99,33.2,Low,Painkiller,Male,No,Unhealthy,Diseased
1.21,142.0,79.0,279.0,3.01,24.2,Low,Painkiller,Female,No,Moderate,At_Risk
3.49,264.0,239.0,247.0,3.62,35.4,Low,None,,No,Healthy,Diseased
1.24,229.0,30.0,292.0,4.3,20.1,Low,Multiple,,No,Moderate,Healthy
3.16,50.0,117.0,92.0,3.95,37.3,None,Painkiller,Female,No,Moderate,At_Risk
3.76,264.0,250.0,379.0,3.1,34.7,Moderate,Multiple,Female,Yes,Healthy,Diseased
1.17,11.0,260.0,328.0,2.92,44.2,None,Painkiller,Male,Occasional,Moderate,At_Risk
0.39,204.0,144.0,128.0,2.87,42.4,Low,None,Female,Yes,Moderate,Diseased
0.74,251.0,99.0,328.0,5.09,24.2,Low,None,Female,No,Unhealthy,At_Risk
3.07,158.0,88.0,281.0,2.59,16.8,Moderate,Herbal,Female,Yes,Healthy,Diseased
4.26,207.0,186.0,150.0,5.43,35.0,Low,None,Female,No,Healthy,Diseased
0.32,254.0,111.0,211.0,3.1,33.5,Moderate,Multiple,Male,No,Moderate,Diseased
3.7,117.0,121.0,193.0,2.83,16.8,None,Painkiller,Male,Occasional,Moderate,Diseased
1.77,221.0,190.0,158.0,4.23,19.6,Moderate,None,Female,Yes,Moderate,Diseased
2.44,165.0,113.0,282.0,2.74,33.0,Moderate,Antibiotics,Female,Yes,Healthy,Diseased
4.65,35.0,25.0,,4.31,42.4,Moderate,None,Male,No,Healthy,At_Risk
1.73,91.0,105.0,281.0,5.05,42.3,Low,None,Male,Occasional,Moderate,At_Risk
2.38,92.0,155.0,287.0,2.64,20.4,None,Herbal,Female,Yes,Unhealthy,Diseased
0.17,140.0,11.0,246.0,4.9,27.2,None,Painkiller,Female,No,Moderate,Healthy
0.5,109.0,128.0,322.0,3.68,17.3,None,Antibiotics,Male,No,,At_Risk
1.37,265.0,103.0,135.0,2.98,29.6,Low,None,Female,No,Unhealthy,Diseased
0.24,58.0,200.0,344.0,3.03,37.8,None,None,Male,No,Moderate,At_Risk
3.19,72.0,12.0,90.0,5.26,38.9,High,Painkiller,Male,Yes,Moderate,Diseased
2.19,299.0,120.0,97.0,2.83,30.5,Moderate,Antibiotics,Male,No,Healthy,Diseased
2.79,114.0,186.0,126.0,5.1,18.8,None,Herbal,Female,Occasional,Unhealthy,Diseased
0.96,114.0,266.0,227.0,4.13,27.1,Low,Antibiotics,Female,Yes,Moderate,Diseased
1.55,24.0,31.0,,2.62,43.0,Moderate,,Female,No,Healthy,Healthy
3.35,184.0,229.0,166.0,3.89,22.7,None,None,Male,No,Healthy,Diseased
4.83,268.0,182.0,,4.95,25.3,Low,None,Female,No,Healthy,Diseased
0.35,220.0,233.0,108.0,4.68,37.7,Low,None,Male,No,Healthy,At_Risk
4.46,268.0,74.0,245.0,3.97,37.3,None,Herbal,Female,No,Healthy,At_Risk
2.93,111.0,286.0,156.0,5.08,42.5,Low,Herbal,Female,No,,Diseased
2.86,269.0,258.0,333.0,2.86,27.3,High,None,Male,Occasional,Healthy,Diseased
2.55,168.0,269.0,83.0,5.23,30.9,Low,None,Male,Occasional,Moderate,Diseased
,54.0,140.0,344.0,5.04,29.6,Low,Steroids,Female,Yes,Healthy,At_Risk
0.54,260.0,122.0,,4.62,42.9,None,Herbal,,Yes,Moderate,Diseased
3.04,174.0,295.0,175.0,4.95,,Moderate,Herbal,Male,Occasional,Moderate,Diseased
1.77,202.0,296.0,388.0,4.13,40.1,,None,Female,No,Healthy,At_Risk
4.59,18.0,,155.0,4.53,19.9,None,Antibiotics,Male,No,Unhealthy,At_Risk
2.09,74.0,29.0,229.0,4.18,39.0,Moderate,Herbal,Male,Yes,Moderate,At_Risk
0.8,,224.0,159.0,3.57,28.6,None,None,Female,Occasional,Unhealthy,At_Risk
,190.0,260.0,277.0,4.21,16.7,None,Antibiotics,Female,No,Healthy,Diseased
1.54,291.0,280.0,170.0,3.27,17.7,Moderate,Painkiller,Male,No,Moderate,At_Risk
2.67,288.0,189.0,156.0,3.82,35.7,Low,None,Male,No,Unhealthy,Diseased
3.52,39.0,203.0,180.0,3.34,26.8,Low,Multiple,Female,No,Unhealthy,Diseased
4.51,275.0,88.0,72.0,2.87,41.2,Moderate,Multiple,Female,No,Unhealthy,Diseased
3.98,226.0,189.0,194.0,3.47,37.3,None,Painkiller,Female,No,Moderate,Diseased
3.41,114.0,172.0,376.0,5.06,16.6,None,None,Female,Occasional,,Diseased
3.43,193.0,211.0,203.0,3.64,35.9,Low,Steroids,Female,Occasional,Unhealthy,Diseased
4.74,157.0,,156.0,4.74,21.6,None,None,Male,Occasional,Healthy,At_Risk
1.55,114.0,255.0,195.0,3.03,28.3,None,None,Female,No,Moderate,At_Risk
0.11,56.0,23.0,301.0,3.77,34.1,None,Painkiller,Male,No,Unhealthy,Healthy
1.43,96.0,108.0,351.0,2.84,41.3,Moderate,Antibiotics,Female,No,Healthy,Diseased
1.17,138.0,,119.0,2.92,29.2,High,None,Female,Occasional,Healthy,At_Risk
3.34,267.0,266.0,80.0,4.35,39.4,None,Antibiotics,Female,No,Healthy,Diseased
3.21,156.0,43.0,142.0,4.32,38.7,None,None,Female,No,Unhealthy,Diseased
3.01,81.0,28.0,186.0,3.14,28.0,Moderate,Herbal,Female,No,Moderate,At_Risk
,149.0,161.0,212.0,3.92,30.5,High,Multiple,Female,No,Moderate,Diseased
3.67,36.0,269.0,130.0,5.09,36.3,None,Steroids,Female,No,Unhealthy,Diseased
1.69,38.0,173.0,365.0,3.02,16.9,Moderate,Painkiller,Female,Yes,Moderate,At_Risk
3.36,280.0,86.0,125.0,2.56,41.8,Low,None,Female,,Unhealthy,Diseased
2.83,183.0,146.0,112.0,4.46,38.3,High,Steroids,Male,No,Healthy,Diseased
1.78,262.0,217.0,149.0,2.66,23.2,None,Multiple,Male,No,Moderate,At_Risk
,69.0,251.0,97.0,5.44,44.5,High,None,Male,Yes,Healthy,Diseased
0.56,116.0,76.0,123.0,4.33,21.2,Low,Painkiller,Male,No,Healthy,Healthy
4.17,229.0,125.0,363.0,3.91,42.5,High,Painkiller,Female,Occasional,Healthy,Diseased
4.6,268.0,211.0,241.0,3.79,25.4,Low,,Male,No,Moderate,Diseased
3.28,,259.0,79.0,4.22,38.1,Low,Painkiller,Male,No,Unhealthy,Diseased
0.61,61.0,287.0,206.0,2.77,29.2,Moderate,Multiple,Male,No,Moderate,At_Risk
2.07,69.0,121.0,315.0,5.29,37.4,Moderate,None,Male,No,Healthy,At_Risk
3.67,43.0,,305.0,4.38,20.5,Low,Painkiller,Male,Yes,Unhealthy,Diseased
3.92,105.0,185.0,88.0,3.05,23.8,Low,Multiple,Female,,Healthy,Diseased
0.68,98.0,152.0,104.0,4.19,18.9,Moderate,Painkiller,Female,Yes,Unhealthy,Diseased
0.1,240.0,41.0,77.0,2.9,41.1,High,Herbal,Male,No,Unhealthy,Diseased
,284.0,190.0,167.0,2.55,,None,None,Male,No,Moderate,Diseased
1.85,255.0,76.0,258.0,4.39,36.1,Low,Multiple,Female,Occasional,Healthy,At_Risk
1.35,120.0,13.0,124.0,4.45,39.8,Moderate,None,Female,No,Moderate,At_Risk
0.16,243.0,295.0,114.0,4.25,42.1,Moderate,Multiple,Female,Yes,Unhealthy,Diseased
2.75,,278.0,386.0,3.05,19.1,Moderate,None,Male,Occasional,Moderate,Diseased
4.27,175.0,245.0,149.0,4.31,41.9,,Painkiller,Male,No,Healthy,Diseased
4.79,137.0,286.0,95.0,2.67,21.7,Moderate,Painkiller,Male,No,Unhealthy,Diseased
2.87,246.0,50.0,365.0,4.33,37.4,Moderate,Painkiller,Male,Yes,Moderate,Diseased
2.62,116.0,130.0,205.0,4.16,37.1,High,None,,No,Healthy,Diseased
0.52,137.0,284.0,289.0,4.47,16.2,Moderate,Multiple,Female,No,Unhealthy,At_Risk
2.79,204.0,240.0,308.0,5.19,22.4,Moderate,,Male,No,Unhealthy,Diseased
1.96,152.0,95.0,185.0,5.05,30.3,None,Steroids,Female,No,Healthy,At_Risk
3.07,120.0,72.0,247.0,5.44,28.2,None,None,Other,Yes,Healthy,Diseased
2.0,99.0,201.0,236.0,5.43,42.6,Low,Herbal,Female,No,Moderate,At_Risk
1.28,260.0,40.0,165.0,4.82,26.4,Moderate,Antibiotics,Female,Yes,Healthy,At_Risk
0.57,289.0,155.0,107.0,5.37,43.2,None,Multiple,Female,Occasional,Healthy,At_Risk
1.64,233.0,116.0,119.0,5.1,29.3,None,Painkiller,Male,No,Unhealthy,At_Risk
0.57,110.0,119.0,142.0,4.68,44.0,None,None,Male,Yes,Unhealthy,Diseased
0.97,141.0,285.0,278.0,2.73,37.4,Moderate,Painkiller,Other,No,Healthy,Diseased
4.94,22.0,219.0,186.0,2.65,40.1,Moderate,Steroids,Female,Yes,Moderate,Diseased
2.28,107.0,148.0,154.0,5.01,19.0,High,Steroids,Female,Occasional,Healthy,Diseased
2.71,129.0,95.0,354.0,3.97,33.0,Low,Herbal,Female,No,Healthy,Diseased
4.38,208.0,53.0,388.0,4.94,20.1,Low,None,Male,Yes,Healthy,Diseased
4.98,10.0,91.0,66.0,3.44,24.6,Low,Antibiotics,Female,No,Healthy,At_Risk
2.96,69.0,73.0,103.0,3.69,34.1,Low,Multiple,Female,Yes,Moderate,At_Risk
4.08,259.0,64.0,161.0,4.6,37.1,Moderate,None,Male,Yes,Unhealthy,Diseased
1.7,149.0,83.0,221.0,5.25,17.1,Low,None,Male,Yes,Moderate,Diseased
1.6,,138.0,354.0,2.76,31.4,None,Steroids,Female,No,,Diseased
2.07,53.0,265.0,193.0,5.08,32.4,Low,Painkiller,Male,Yes,Healthy,Diseased
3.4,195.0,240.0,134.0,4.88,18.3,None,Steroids,Male,Yes,Moderate,Diseased
3.44,117.0,146.0,61.0,3.45,30.5,None,Antibiotics,,No,Healthy,Diseased
,53.0,121.0,,3.57,36.7,Low,Multiple,Female,No,Healthy,At_Risk
0.75,87.0,155.0,265.0,2.64,17.5,None,Herbal,Female,No,Healthy,At_Risk
3.2,235.0,42.0,175.0,2.55,38.0,Low,Steroids,Female,No,Healthy,Diseased
0.73,171.0,269.0,147.0,3.93,32.7,None,None,Male,No,Moderate,At_Risk
2.93,290.0,96.0,353.0,2.79,40.2,Low,None,Other,No,Healthy,Diseased
3.5,262.0,274.0,77.0,3.08,22.3,High,Herbal,Male,Yes,Unhealthy,Diseased
3.53,141.0,39.0,385.0,5.04,40.2,Low,Antibiotics,Male,Occasional,Unhealthy,Diseased
3.79,153.0,241.0,315.0,4.21,18.7,Low,Herbal,Male,Yes,Healthy,Diseased
4.38,275.0,85.0,101.0,,,High,Painkiller,Male,Yes,Moderate,Diseased
2.55,118.0,138.0,192.0,3.06,21.8,Low,None,Male,No,Moderate,Diseased
3.68,203.0,280.0,,4.99,,None,Painkiller,Male,No,Unhealthy,Diseased
3.13,44.0,98.0,395.0,5.1,36.4,None,None,Male,Occasional,Healthy,At_Risk
1.01,284.0,179.0,256.0,4.07,16.7,Low,Herbal,Female,Yes,Moderate,Diseased
0.23,,137.0,111.0,5.24,16.3,Low,Steroids,Male,No,Healthy,At_Risk
1.49,252.0,183.0,181.0,5.03,24.4,None,None,Female,No,Moderate,At_Risk
2.27,273.0,35.0,90.0,4.69,20.2,Moderate,Antibiotics,Female,No,Healthy,At_Risk
3.12,19.0,70.0,250.0,4.7,34.3,None,Herbal,Male,No,Healthy,At_Risk
4.26,175.0,76.0,148.0,2.82,35.3,High,Steroids,Female,No,Healthy,Diseased
1.06,38.0,35.0,360.0,3.31,43.3,High,Antibiotics,Male,Occasional,Healthy,At_Risk
0.72,280.0,92.0,333.0,2.7,,High,Painkiller,Male,,Healthy,Diseased
4.82,96.0,69.0,96.0,2.53,35.1,Moderate,Herbal,Male,No,Moderate,Diseased
0.63,32.0,48.0,186.0,,16.2,None,Painkiller,Female,No,Moderate,Healthy
2.44,219.0,132.0,179.0,5.14,26.4,Moderate,Herbal,Female,Yes,Moderate,Diseased
2.97,55.0,286.0,244.0,3.22,30.9,None,Herbal,Female,No,Healthy,Diseased
2.75,37.0,291.0,166.0,5.41,30.5,Moderate,Herbal,Male,Yes,Healthy,Diseased
0.52,35.0,200.0,118.0,4.29,33.5,None,Multiple,Male,No,Unhealthy,At_Risk
0.38,275.0,161.0,77.0,3.21,43.9,None,Steroids,Female,No,Healthy,Diseased
,184.0,242.0,384.0,3.99,,High,None,Female,No,Unhealthy,Diseased
2.97,,155.0,63.0,3.16,19.2,None,,Female,Occasional,Unhealthy,Diseased
2.77,76.0,280.0,95.0,5.45,23.7,None,,Male,No,Healthy,At_Risk
1.25,144.0,143.0,65.0,5.04,40.2,Low,None,Male,No,Unhealthy,Diseased
3.23,64.0,180.0,258.0,2.58,39.9,Moderate,,Male,No,Moderate,Diseased
4.12,40.0,37.0,207.0,5.34,24.0,Low,Antibiotics,Female,Yes,Moderate,At_Risk
0.3,83.0,145.0,386.0,4.66,37.2,Moderate,None,Male,Yes,Unhealthy,Diseased
2.54,28.0,250.0,276.0,2.75,35.5,Moderate,Painkiller,Female,No,Moderate,Diseased
3.48,165.0,237.0,290.0,,29.7,None,Herbal,,No,Moderate,Diseased
1.34,165.0,296.0,107.0,4.44,21.8,Low,Steroids,Male,Yes,Moderate,Diseased
1.61,156.0,43.0,353.0,3.16,41.8,Moderate,Multiple,Female,Yes,Moderate,Diseased
3.11,96.0,11.0,354.0,4.78,35.7,Low,None,Female,,Moderate,Diseased
4.5,29.0,204.0,394.0,2.76,20.9,Low,Antibiotics,Male,Yes,Healthy,Diseased
4.07,278.0,103.0,179.0,3.97,36.4,None,Painkiller,Female,Yes,Healthy,Diseased
2.96,52.0,144.0,266.0,2.53,37.5,None,Painkiller,Female,No,Unhealthy,Diseased
3.68,37.0,213.0,63.0,5.41,41.7,None,Antibiotics,Male,No,Healthy,At_Risk
1.89,269.0,259.0,292.0,4.75,22.5,None,None,Female,Yes,,Diseased
,31.0,156.0,194.0,2.98,44.7,None,None,Female,No,Healthy,Diseased
2.38,110.0,263.0,375.0,3.53,20.4,Low,Steroids,Female,No,Healthy,Diseased
1.03,48.0,185.0,152.0,2.98,,None,Herbal,Female,Yes,Healthy,Diseased
3.54,299.0,134.0,266.0,4.8,35.1,Moderate,Antibiotics,Male,No,Healthy,Diseased
2.83,179.0,260.0,113.0,2.68,28.1,Moderate,None,Male,Yes,Moderate,Diseased
1.86,139.0,140.0,207.0,5.02,29.8,Low,Painkiller,Female,No,Unhealthy,At_Risk
4.57,165.0,59.0,211.0,5.33,41.8,Low,None,Male,No,Moderate,At_Risk
0.2,83.0,102.0,67.0,4.53,34.7,High,Multiple,Female,No,Moderate,Diseased
1.65,99.0,229.0,265.0,3.14,30.4,Low,Herbal,Male,Occasional,Moderate,Diseased
0.38,76.0,29.0,368.0,3.58,19.7,High,None,,,Unhealthy,At_Risk
3.86,245.0,214.0,98.0,3.93,16.2,None,None,Female,No,Moderate,Diseased
3.54,209.0,100.0,105.0,4.31,19.6,Moderate,Antibiotics,Female,No,Healthy,Diseased
1.72,236.0,182.0,396.0,,43.7,Low,None,Female,No,Moderate,At_Risk
3.41,242.0,198.0,107.0,4.16,38.2,None,Multiple,Female,No,Unhealthy,Diseased
2.04,275.0,,204.0,3.55,44.0,High,Herbal,Male,No,Moderate,Diseased
3.81,95.0,177.0,104.0,,17.0,High,None,Male,No,Unhealthy,Diseased
2.33,111.0,33.0,390.0,2.74,35.7,Low,None,Female,Yes,Healthy,Diseased
2.12,223.0,77.0,68.0,3.9,17.3,High,Herbal,,Yes,Unhealthy,Diseased
4.68,117.0,203.0,200.0,4.83,38.7,None,Painkiller,Male,No,Healthy,Diseased
1.33,174.0,93.0,157.0,2.68,27.0,Moderate,Antibiotics,Male,Yes,Healthy,Diseased
0.69,100.0,216.0,96.0,,18.8,None,,Male,No,Moderate,At_Risk
2.96,201.0,58.0,256.0,4.96,32.5,None,None,Female,No,Healthy,At_Risk
4.85,95.0,41.0,389.0,4.48,24.1,Moderate,Steroids,Male,Yes,Moderate,Diseased
1.95,231.0,179.0,177.0,2.54,,Low,Painkiller,Male,No,Unhealthy,Diseased
0.4,110.0,,234.0,3.04,35.1,None,None,Male,No,Unhealthy,Diseased
1.76,235.0,111.0,107.0,3.53,36.4,Low,None,Female,No,Moderate,At_Risk
2.58,69.0,44.0,192.0,3.2,44.8,None,Antibiotics,Female,Occasional,Moderate,At_Risk
0.89,259.0,208.0,146.0,5.39,27.2,Moderate,Steroids,Male,Yes,Unhealthy,Diseased
3.32,57.0,86.0,96.0,4.45,29.5,None,None,Male,No,Moderate,At_Risk
4.99,126.0,23.0,240.0,3.39,,,Steroids,Female,Yes,Unhealthy,Diseased
2.31,236.0,140.0,189.0,5.29,32.8,None,None,Male,No,Unhealthy,Diseased
1.84,42.0,247.0,152.0,4.72,17.1,Low,Painkiller,Male,Occasional,Healthy,Healthy
2.06,53.0,289.0,280.0,3.35,40.4,None,Steroids,Female,Yes,Healthy,Diseased
0.66,174.0,74.0,389.0,3.64,17.5,Low,Steroids,Female,No,Moderate,Healthy
4.43,296.0,147.0,98.0,3.1,21.0,None,None,Female,Yes,Unhealthy,Diseased
2.13,234.0,278.0,161.0,5.41,19.0,Low,None,Male,Yes,Unhealthy,Diseased
2.0,295.0,237.0,365.0,4.05,18.3,None,None,Male,Occasional,Moderate,At_Risk
3.33,213.0,210.0,371.0,5.19,16.7,Moderate,Herbal,Female,Yes,Healthy,Diseased
2.27,,,136.0,3.54,17.6,None,None,Male,No,Healthy,Diseased
3.28,21.0,109.0,331.0,5.08,28.8,Moderate,None,Male,No,Unhealthy,At_Risk
0.4,130.0,147.0,376.0,2.66,23.3,None,None,Male,No,Moderate,At_Risk
4.09,253.0,177.0,301.0,5.45,19.7,None,Painkiller,Female,No,Moderate,Diseased
4.71,161.0,108.0,123.0,5.24,35.1,None,Herbal,Female,No,Unhealthy,Diseased
3.28,161.0,75.0,96.0,3.59,22.6,None,None,Male,No,Unhealthy,At_Risk
4.78,197.0,56.0,125.0,4.82,16.5,Low,Antibiotics,Male,No,Moderate,At_Risk
0.84,22.0,,145.0,4.76,28.1,High,None,Female,Yes,Moderate,Diseased
2.44,100.0,155.0,80.0,5.2,,None,Painkiller,Female,,Moderate,Diseased
3.05,209.0,216.0,71.0,3.42,25.2,Low,None,Female,No,Healthy,Diseased
2.95,83.0,155.0,66.0,3.9,28.9,Low,None,Male,No,Moderate,Diseased
2.07,265.0,161.0,261.0,5.09,35.4,None,Painkiller,Female,No,Healthy,Diseased
1.76,285.0,288.0,197.0,4.84,33.9,None,Herbal,Female,Occasional,Unhealthy,Diseased
0.72,80.0,149.0,284.0,,43.2,Moderate,Steroids,Female,No,Unhealthy,At_Risk
2.02,87.0,160.0,354.0,5.04,31.0,None,Painkiller,,,Unhealthy,Diseased
0.9,293.0,30.0,136.0,2.64,,Moderate,None,Female,Occasional,Healthy,At_Risk
3.7,139.0,263.0,87.0,4.85,22.2,None,None,Male,Occasional,Moderate,Diseased
1.12,52.0,73.0,102.0,3.12,37.9,Low,,Male,No,Healthy,Healthy
0.39,17.0,227.0,77.0,3.36,20.1,Low,Herbal,Male,No,Healthy,At_Risk
2.81,22.0,81.0,126.0,3.98,30.2,None,Multiple,Female,Occasional,Moderate,At_Risk
3.02,222.0,171.0,249.0,3.85,28.2,None,Antibiotics,Male,No,Moderate,Diseased
4.37,120.0,139.0,222.0,4.06,35.1,None,Painkiller,Male,No,Healthy,Diseased
2.93,32.0,78.0,323.0,4.13,42.6,None,Steroids,Male,No,Healthy,At_Risk
1.79,263.0,234.0,99.0,3.49,43.5,Moderate,Painkiller,Female,No,Moderate,Diseased
4.03,24.0,255.0,394.0,3.03,20.9,None,Antibiotics,Female,Occasional,Healthy,At_Risk
2.75,139.0,77.0,226.0,4.81,23.6,Moderate,None,Male,No,Healthy,At_Risk
0.49,70.0,116.0,350.0,3.7,39.5,None,None,Male,Yes,Moderate,At_Risk
2.87,124.0,118.0,276.0,4.02,31.0,Moderate,None,Female,Yes,Moderate,Diseased
4.55,76.0,112.0,176.0,4.43,29.1,Low,Painkiller,Male,No,Moderate,At_Risk
2.04,258.0,150.0,398.0,5.23,36.6,None,Antibiotics,Male,Yes,Healthy,Diseased
,184.0,74.0,70.0,4.62,33.5,High,Herbal,Female,Occasional,Healthy,At_Risk
0.8,11.0,143.0,248.0,2.64,44.2,None,Herbal,Male,Occasional,Healthy,At_Risk
0.84,181.0,208.0,238.0,5.02,32.9,Low,Multiple,Female,Yes,Healthy,Diseased
2.22,293.0,164.0,381.0,5.47,29.5,Low,None,Male,No,Healthy,Diseased
3.02,63.0,88.0,201.0,3.92,31.7,Low,Painkiller,Male,No,Unhealthy,Diseased
0.5,76.0,259.0,209.0,5.41,39.4,High,Antibiotics,Male,No,Healthy,At_Risk
4.7,111.0,96.0,,4.14,33.8,Moderate,Herbal,Female,No,Healthy,Diseased
3.8,,250.0,145.0,3.88,34.8,Moderate,None,Male,No,Healthy,Diseased
2.97,200.0,97.0,124.0,3.49,44.2,High,None,Female,No,Moderate,Diseased
4.16,56.0,181.0,131.0,4.47,33.9,Low,Painkiller,Male,No,Healthy,At_Risk
0.49,231.0,26.0,177.0,3.19,27.0,None,Multiple,Male,No,Healthy,At_Risk
2.44,30.0,232.0,182.0,2.81,36.0,Moderate,Herbal,Female,No,Healthy,Diseased
3.19,167.0,228.0,188.0,2.58,35.1,Low,Painkiller,Female,,Unhealthy,Diseased
4.16,168.0,243.0,295.0,3.38,16.4,None,Herbal,Female,Yes,Unhealthy,Diseased
3.94,244.0,257.0,340.0,3.69,29.6,,None,Female,No,Moderate,Diseased
1.46,159.0,61.0,,4.16,37.5,High,Painkiller,Male,Yes,Healthy,Diseased
4.71,266.0,24.0,252.0,3.38,30.5,None,Steroids,Male,Occasional,Healthy,Diseased
0.71,174.0,121.0,219.0,5.45,38.6,Moderate,None,Male,No,Moderate,At_Risk
4.39,86.0,193.0,136.0,3.38,29.1,Low,None,Female,Occasional,Healthy,Diseased
4.86,94.0,16.0,168.0,3.82,44.5,None,Herbal,,Yes,Moderate,Diseased
0.97,55.0,60.0,147.0,2.81,24.5,Moderate,Antibiotics,Male,No,Moderate,Healthy
3.64,56.0,250.0,289.0,3.28,18.7,High,,Male,No,Moderate,Diseased
0.3,222.0,254.0,386.0,2.64,28.5,None,None,Male,Occasional,Moderate,At_Risk
2.09,68.0,195.0,187.0,4.18,31.7,None,Painkiller,Male,No,Healthy,At_Risk
2.63,63.0,296.0,131.0,4.75,26.1,,Painkiller,Male,No,Moderate,At_Risk
,21.0,101.0,285.0,,23.0,Moderate,Herbal,Male,Occasional,Moderate,At_Risk
4.69,201.0,115.0,185.0,3.6,35.5,None,None,Male,Yes,,Diseased
3.39,15.0,22.0,,2.55,26.9,None,Painkiller,Male,Yes,Healthy,At_Risk
2.46,,155.0,52.0,5.02,34.3,Moderate,None,Female,Occasional,Moderate,Diseased
4.07,270.0,128.0,108.0,4.84,38.6,Low,Herbal,Female,Yes,Unhealthy,Diseased
4.76,82.0,212.0,,2.69,38.1,None,None,Male,No,Moderate,Diseased
0.21,183.0,150.0,180.0,3.59,26.9,Moderate,None,Female,No,Moderate,At_Risk
4.91,241.0,124.0,250.0,5.37,32.5,High,Painkiller,Male,Yes,Moderate,Diseased
0.52,279.0,161.0,341.0,3.68,29.0,High,Painkiller,Male,,Moderate,Diseased
,231.0,66.0,391.0,4.08,41.3,None,None,Female,No,Unhealthy,Diseased
1.47,61.0,166.0,147.0,3.57,41.5,High,None,Male,No,Moderate,At_Risk
0.75,125.0,142.0,265.0,4.29,26.0,Moderate,Herbal,Male,No,Moderate,At_Risk
2.26,35.0,172.0,173.0,5.43,18.7,None,None,Female,No,Moderate,At_Risk
3.26,62.0,284.0,122.0,5.49,20.9,Low,None,Male,Yes,,Diseased
1.97,38.0,192.0,179.0,4.82,26.6,None,None,Male,Yes,Moderate,At_Risk
0.37,28.0,86.0,76.0,3.71,32.4,Moderate,Multiple,Female,No,Healthy,At_Risk
3.04,288.0,53.0,214.0,3.98,35.0,Moderate,None,Male,Yes,Moderate,Diseased
4.52,126.0,215.0,117.0,3.57,25.6,Moderate,Herbal,Female,Yes,Moderate,Diseased
1.98,115.0,47.0,63.0,5.46,35.4,None,Herbal,Male,No,Moderate,At_Risk
1.16,236.0,31.0,147.0,4.62,43.2,Low,Painkiller,Male,No,Healthy,At_Risk
2.27,195.0,82.0,328.0,3.85,34.9,None,None,Female,No,Healthy,Diseased
0.34,270.0,250.0,296.0,2.54,20.6,High,Steroids,Male,Yes,Healthy,Diseased
4.12,25.0,163.0,161.0,4.06,32.8,Moderate,Steroids,Female,No,Moderate,At_Risk
4.15,282.0,246.0,256.0,5.45,31.7,None,Herbal,Female,No,Moderate,Diseased
2.98,169.0,14.0,383.0,4.07,41.3,None,Herbal,Male,No,Unhealthy,Diseased
1.83,259.0,230.0,282.0,3.05,26.2,Moderate,None,Female,Occasional,Healthy,At_Risk
4.02,233.0,95.0,110.0,2.57,28.3,Low,Steroids,Male,Yes,Healthy,Diseased
2.82,265.0,186.0,,3.56,33.4,Moderate,None,Male,No,Unhealthy,Diseased
4.15,189.0,268.0,232.0,5.25,31.2,None,Antibiotics,Female,Occasional,Healthy,Diseased
3.19,29.0,229.0,288.0,5.49,36.9,Moderate,Antibiotics,Female,No,Moderate,At_Risk
3.94,121.0,47.0,299.0,5.34,17.2,None,None,Male,Yes,Moderate,Diseased
3.03,129.0,151.0,120.0,4.69,32.3,Low,None,Female,No,Moderate,Diseased
2.13,203.0,244.0,277.0,4.17,19.5,High,None,Male,No,Moderate,Diseased
4.79,120.0,212.0,134.0,4.27,25.1,Low,Painkiller,Male,Yes,Healthy,Diseased
2.75,219.0,181.0,355.0,4.12,35.2,None,,Female,Yes,Unhealthy,Diseased
3.06,10.0,134.0,320.0,4.62,20.6,High,Antibiotics,Female,No,Healthy,Diseased
1.18,67.0,74.0,339.0,3.76,25.0,None,Steroids,Male,No,Healthy,Healthy
3.17,102.0,290.0,285.0,4.51,36.4,Moderate,None,Male,No,Moderate,Diseased
2.9,230.0,281.0,340.0,2.86,34.9,Low,None,Male,Yes,Healthy,Diseased
1.01,220.0,,88.0,,18.6,None,,Male,No,Moderate,At_Risk
0.39,,24.0,255.0,5.01,32.7,None,Painkiller,Female,Yes,Moderate,At_Risk
3.06,271.0,235.0,,5.21,20.3,None,Antibiotics,Female,Occasional,Healthy,Diseased
3.84,112.0,140.0,236.0,4.12,23.3,Moderate,Herbal,Female,No,Healthy,Diseased
2.66,59.0,204.0,182.0,2.59,29.3,Moderate,Painkiller,Female,Occasional,Healthy,At_Risk
1.21,119.0,218.0,79.0,5.28,19.2,,Antibiotics,Female,No,Healthy,At_Risk
3.37,97.0,122.0,304.0,4.61,44.8,None,None,Male,Yes,Healthy,Diseased
0.49,29.0,253.0,192.0,3.74,20.8,Moderate,None,Male,Yes,Unhealthy,At_Risk
2.26,23.0,175.0,152.0,4.3,38.7,Low,None,Male,No,Healthy,At_Risk
0.9,142.0,200.0,123.0,3.79,40.1,Low,Steroids,Female,No,Healthy,At_Risk
1.0,,266.0,104.0,3.9,44.8,Low,Painkiller,Male,Occasional,Healthy,At_Risk
1.09,217.0,227.0,285.0,5.16,28.4,Low,None,Female,No,Moderate,At_Risk
1.99,208.0,284.0,109.0,2.98,41.3,Low,Antibiotics,Male,No,Moderate,Diseased
0.35,89.0,61.0,73.0,2.81,43.8,Low,,Female,No,Unhealthy,At_Risk
2.05,80.0,167.0,71.0,2.51,21.0,,None,Female,No,Moderate,At_Risk
2.61,164.0,64.0,81.0,3.44,29.9,Moderate,Antibiotics,Male,No,Healthy,At_Risk
2.47,87.0,23.0,,2.94,17.7,None,Herbal,Female,No,Healthy,At_Risk
1.98,87.0,278.0,52.0,3.16,34.0,Low,None,Male,No,Healthy,Diseased
4.21,181.0,,119.0,2.53,32.9,None,Steroids,Female,Yes,,Diseased
0.81,298.0,36.0,209.0,3.18,21.9,Moderate,None,Male,No,Moderate,At_Risk
2.58,42.0,98.0,137.0,3.5,39.1,None,Herbal,Male,No,Healthy,At_Risk
0.4,285.0,50.0,108.0,2.59,17.1,None,Multiple,Male,No,Unhealthy,At_Risk
0.45,16.0,277.0,301.0,4.32,39.4,Moderate,Painkiller,Male,No,Unhealthy,At_Risk
2.91,169.0,147.0,268.0,4.21,,None,None,Female,No,Unhealthy,Diseased
2.87,249.0,15.0,250.0,2.79,35.0,Low,Painkiller,Female,No,Healthy,Diseased
4.4,33.0,251.0,126.0,4.29,18.3,High,None,Male,,,Diseased
2.83,223.0,171.0,304.0,5.5,23.3,Low,None,Male,No,Healthy,Diseased
4.8,79.0,189.0,296.0,5.33,36.9,None,Steroids,Female,Yes,Moderate,Diseased
0.34,225.0,15.0,319.0,2.51,24.1,None,None,Male,Occasional,Moderate,At_Risk
0.58,113.0,280.0,,4.89,30.8,Moderate,None,Male,No,Unhealthy,Diseased
0.32,224.0,281.0,188.0,3.56,42.5,Low,Steroids,Male,Yes,Healthy,Diseased
1.01,63.0,165.0,127.0,2.69,17.4,Moderate,Steroids,Female,No,Moderate,At_Risk
2.75,212.0,94.0,129.0,3.39,39.5,Moderate,None,Female,Yes,Moderate,Diseased
3.26,297.0,209.0,59.0,3.47,17.9,Low,Steroids,Female,Yes,Healthy,Diseased
0.32,54.0,19.0,385.0,4.07,19.7,Moderate,Multiple,Male,Yes,Healthy,Healthy
4.74,207.0,147.0,173.0,4.48,19.5,None,None,Female,Occasional,Moderate,Diseased
4.23,,251.0,235.0,4.75,44.8,Low,Painkiller,Female,No,Moderate,Diseased
1.55,193.0,210.0,83.0,3.24,21.2,Moderate,Steroids,Male,No,,Diseased
0.48,36.0,165.0,170.0,3.47,42.0,None,Steroids,Female,No,Unhealthy,At_Risk
0.93,175.0,284.0,129.0,3.43,44.7,,None,Other,Yes,Unhealthy,Diseased
0.72,,234.0,255.0,3.59,27.1,Moderate,None,Female,Yes,Moderate,Diseased
0.7,112.0,77.0,102.0,5.5,34.3,Moderate,Herbal,Female,No,Healthy,At_Risk
2.64,113.0,193.0,205.0,4.83,38.6,Low,Multiple,Female,No,Unhealthy,Diseased
1.3,254.0,204.0,323.0,5.42,27.4,Moderate,Herbal,Female,Yes,Unhealthy,Diseased
1.85,178.0,51.0,184.0,4.58,20.7,Low,Multiple,,No,Healthy,Healthy
4.95,125.0,160.0,147.0,3.72,28.6,Moderate,Antibiotics,Female,No,Healthy,Diseased
3.45,150.0,93.0,290.0,3.67,38.4,Moderate,Multiple,Male,No,Moderate,Diseased
4.75,134.0,143.0,94.0,3.97,38.6,None,Steroids,Female,No,Unhealthy,Diseased
0.8,34.0,39.0,248.0,3.75,22.7,Low,Multiple,Female,No,Healthy,Healthy
1.97,203.0,18.0,340.0,4.98,21.1,Moderate,None,Male,No,Moderate,Healthy
2.82,109.0,179.0,,3.9,42.7,Moderate,Herbal,Female,No,Unhealthy,Diseased
0.48,,299.0,326.0,3.39,17.3,None,None,Male,Occasional,Moderate,At_Risk
0.12,28.0,177.0,290.0,4.82,37.3,Low,None,Female,,Moderate,At_Risk
3.39,179.0,154.0,205.0,5.06,17.3,None,Antibiotics,Female,Yes,Unhealthy,Diseased
3.24,283.0,237.0,93.0,3.76,40.3,None,Painkiller,Female,Yes,Healthy,Diseased
2.11,263.0,85.0,129.0,4.5,42.3,Moderate,None,Female,Occasional,Healthy,Diseased
2.5,130.0,232.0,361.0,2.68,24.6,None,Multiple,Female,Yes,Healthy,Diseased
2.14,41.0,186.0,187.0,4.09,18.1,Moderate,Steroids,Female,Yes,Healthy,Diseased
0.22,158.0,198.0,200.0,2.63,29.9,High,Multiple,Female,Yes,Healthy,Diseased
1.74,275.0,55.0,291.0,2.59,24.7,High,Multiple,Male,No,Healthy,At_Risk
0.97,46.0,26.0,192.0,4.34,28.1,None,Painkiller,Male,No,Moderate,Healthy
0.58,186.0,75.0,360.0,3.41,35.3,,None,Female,No,Moderate,At_Risk
4.79,22.0,270.0,348.0,4.73,22.1,High,None,Female,No,Moderate,Diseased
3.04,192.0,132.0,99.0,5.19,26.4,None,Antibiotics,Male,No,Healthy,Diseased
,154.0,240.0,,2.92,38.7,Low,Antibiotics,Male,No,Healthy,Diseased
1.65,274.0,134.0,210.0,4.67,34.7,High,Painkiller,Male,No,Healthy,Diseased
2.03,97.0,121.0,111.0,4.04,25.5,None,Painkiller,Male,Yes,Healthy,Diseased
1.26,55.0,281.0,104.0,2.84,35.3,High,None,Female,Occasional,Healthy,Diseased
0.58,128.0,90.0,80.0,4.45,38.2,Low,Painkiller,Male,No,Healthy,At_Risk
0.98,28.0,255.0,379.0,4.33,33.2,None,None,Male,No,Moderate,At_Risk
4.01,229.0,224.0,339.0,4.05,22.9,Low,Herbal,Female,Occasional,Healthy,Diseased
3.42,242.0,244.0,218.0,5.28,16.0,,None,Male,Yes,Healthy,Diseased
2.78,103.0,91.0,315.0,4.06,39.3,None,Painkiller,Female,,Healthy,Diseased
2.43,260.0,85.0,357.0,5.47,39.9,Low,None,Male,No,Unhealthy,Diseased
4.62,259.0,24.0,234.0,4.03,36.2,Low,Herbal,Female,Yes,Healthy,Diseased
0.46,291.0,229.0,383.0,2.85,18.2,Low,Painkiller,Male,Yes,Healthy,Diseased
1.47,241.0,239.0,52.0,3.91,33.0,None,None,Male,No,Healthy,At_Risk
1.81,55.0,274.0,210.0,3.05,39.8,Moderate,Antibiotics,Male,No,Moderate,At_Risk
3.93,55.0,273.0,309.0,4.29,27.3,Low,Multiple,Female,,Moderate,At_Risk
4.96,23.0,119.0,97.0,4.58,21.7,Moderate,,Female,No,Healthy,At_Risk
,94.0,209.0,303.0,3.91,33.0,Moderate,None,,Occasional,Moderate,At_Risk
4.38,12.0,235.0,123.0,2.79,40.0,None,Steroids,Female,No,Moderate,Diseased
4.17,,194.0,384.0,3.91,,None,None,Male,Yes,,Diseased
1.2,166.0,40.0,215.0,2.74,33.3,,None,Female,Yes,Healthy,Diseased
2.06,184.0,111.0,309.0,4.55,34.7,Moderate,Painkiller,Male,No,Unhealthy,Diseased
2.11,123.0,268.0,53.0,4.87,33.5,None,None,Female,Yes,Moderate,Diseased
4.89,259.0,108.0,168.0,5.39,34.9,Moderate,Herbal,Male,No,Moderate,Diseased
0.99,68.0,294.0,322.0,2.95,34.3,None,Multiple,Female,No,Healthy,At_Risk
4.02,212.0,275.0,275.0,4.1,,None,None,Female,Occasional,Unhealthy,Diseased
1.74,248.0,149.0,119.0,4.2,22.8,Low,None,Male,No,Healthy,At_Risk
3.68,243.0,295.0,231.0,5.27,34.0,None,Painkiller,Male,No,Healthy,Diseased
2.16,104.0,225.0,313.0,4.38,16.5,High,Antibiotics,Female,Yes,Moderate,Diseased
2.93,150.0,41.0,,2.94,34.4,Moderate,Multiple,Female,Yes,Moderate,Diseased
4.18,122.0,97.0,54.0,3.81,35.3,Low,Herbal,Female,Yes,Unhealthy,Diseased
4.04,118.0,72.0,246.0,4.46,22.9,None,Antibiotics,Female,Occasional,Healthy,At_Risk
4.35,298.0,288.0,96.0,4.6,33.3,None,None,Female,No,Moderate,Diseased
0.39,106.0,,89.0,5.09,31.5,Low,Herbal,Male,Yes,Healthy,Diseased
3.49,25.0,133.0,171.0,3.04,23.6,Low,None,Female,Occasional,Moderate,At_Risk
0.79,53.0,278.0,184.0,5.35,29.4,None,Multiple,Male,No,Healthy,Healthy
2.14,239.0,294.0,189.0,2.68,42.4,Low,None,Female,No,Moderate,Diseased
2.79,117.0,130.0,399.0,,28.4,Low,Antibiotics,Female,No,Healthy,Diseased
2.07,226.0,221.0,202.0,5.07,34.3,High,None,Female,No,Moderate,Diseased
2.65,269.0,157.0,77.0,4.48,17.0,High,Painkiller,,No,Moderate,Diseased
4.98,205.0,87.0,126.0,4.7,18.3,Low,Antibiotics,Male,Yes,Healthy,Diseased
,104.0,23.0,224.0,2.72,18.4,Low,Steroids,Female,Occasional,Moderate,At_Risk
3.41,65.0,145.0,98.0,2.62,38.6,None,Herbal,Female,Yes,Healthy,Diseased
2.04,41.0,289.0,391.0,2.81,26.2,None,Antibiotics,Male,Occasional,Unhealthy,Diseased
0.75,240.0,88.0,359.0,2.76,22.6,High,None,Male,No,Moderate,Diseased
0.88,18.0,252.0,323.0,4.14,37.7,Moderate,Herbal,Female,No,Unhealthy,At_Risk
4.75,200.0,202.0,76.0,3.15,20.9,None,Herbal,Male,Occasional,Healthy,Diseased
4.41,209.0,251.0,377.0,5.08,23.1,Low,None,Female,Occasional,Healthy,Diseased
4.54,170.0,60.0,270.0,3.84,28.5,High,Herbal,Female,No,Healthy,Diseased
4.96,96.0,,171.0,4.59,25.6,None,Multiple,Female,Yes,Healthy,Diseased
1.12,30.0,268.0,118.0,4.46,33.0,None,Antibiotics,Female,No,Healthy,At_Risk
1.84,85.0,227.0,120.0,3.46,25.8,High,None,Male,No,Healthy,Diseased
3.38,150.0,215.0,199.0,3.23,27.4,Low,Antibiotics,Female,Occasional,Unhealthy,Diseased
2.47,135.0,129.0,236.0,3.53,41.0,Low,Painkiller,Male,Yes,Moderate,Diseased
2.15,260.0,89.0,295.0,4.89,41.7,None,,Male,No,Moderate,Diseased
1.85,93.0,51.0,245.0,4.26,40.0,Moderate,Antibiotics,Female,No,Moderate,At_Risk
3.01,57.0,30.0,81.0,3.26,41.1,Moderate,Multiple,Male,No,Healthy,At_Risk
2.92,87.0,19.0,,4.95,32.5,Low,Antibiotics,Male,Yes,Unhealthy,Diseased
0.89,39.0,162.0,50.0,2.66,34.7,None,None,Female,No,,At_Risk
2.41,294.0,95.0,231.0,4.6,32.2,Low,Steroids,Male,Occasional,Healthy,Diseased
,145.0,122.0,223.0,3.82,38.8,None,Painkiller,Female,Yes,Unhealthy,Diseased
2.89,149.0,198.0,218.0,4.69,32.0,None,None,Female,No,Moderate,Diseased
1.13,50.0,121.0,297.0,5.28,19.2,Low,Painkiller,Male,Yes,Moderate,At_Risk
3.74,291.0,184.0,157.0,4.75,39.5,None,None,Male,No,Unhealthy,Diseased
0.22,59.0,13.0,346.0,3.83,38.1,High,Multiple,Male,No,Unhealthy,At_Risk
1.84,267.0,231.0,313.0,2.95,39.8,None,Antibiotics,Male,,Unhealthy,Diseased
3.92,279.0,230.0,79.0,4.92,21.5,Low,Herbal,Male,Occasional,Moderate,Diseased
2.86,143.0,180.0,351.0,3.88,23.9,None,None,Female,No,,Diseased
1.38,243.0,222.0,366.0,2.73,24.6,Moderate,Steroids,Female,Yes,Healthy,Diseased
3.51,137.0,262.0,274.0,4.66,30.7,None,Antibiotics,Male,No,Unhealthy,Diseased
2.88,113.0,133.0,138.0,3.38,19.9,Low,Painkiller,Female,No,Healthy,Diseased
4.0,263.0,,283.0,2.65,27.2,Moderate,Multiple,Male,Yes,Moderate,Diseased
3.7,104.0,222.0,217.0,5.21,21.3,High,Painkiller,Female,Yes,Unhealthy,Diseased
3.09,226.0,121.0,280.0,3.95,23.7,Moderate,Steroids,Male,No,Unhealthy,Diseased
2.49,70.0,94.0,175.0,3.34,36.5,None,None,Male,No,Unhealthy,Diseased
0.75,277.0,13.0,,4.65,40.8,None,Painkiller,Female,No,,At_Risk
1.38,250.0,74.0,169.0,5.16,16.7,Moderate,Herbal,Male,No,Healthy,Healthy
2.15,22.0,129.0,239.0,2.5,32.4,None,Herbal,Female,Yes,Unhealthy,Diseased
3.04,156.0,252.0,,4.56,17.0,Low,,Male,No,Moderate,Diseased
2.62,249.0,146.0,97.0,4.8,18.5,,Multiple,Male,Yes,Unhealthy,Diseased
1.51,98.0,256.0,251.0,,36.4,Moderate,Painkiller,Female,Yes,Moderate,Diseased
0.13,104.0,54.0,108.0,3.97,37.3,Moderate,Antibiotics,Female,No,Unhealthy,At_Risk
2.53,34.0,155.0,234.0,2.77,39.6,Moderate,Painkiller,Male,No,Moderate,Diseased
1.5,281.0,185.0,272.0,4.74,29.8,Low,Antibiotics,Male,No,Unhealthy,At_Risk
3.7,175.0,51.0,60.0,5.04,40.9,Moderate,Painkiller,Female,No,Healthy,At_Risk
0.22,259.0,98.0,330.0,2.82,20.8,Low,Painkiller,Female,Yes,Unhealthy,Diseased
2.97,96.0,227.0,238.0,4.95,23.2,High,Multiple,Female,No,Healthy,Diseased
,151.0,237.0,351.0,4.81,19.9,None,None,Female,Yes,Healthy,Diseased
0.95,143.0,76.0,359.0,3.54,39.1,Low,None,Female,No,Moderate,At_Risk
2.41,288.0,260.0,286.0,4.57,22.6,None,None,Male,No,Moderate,Diseased
0.55,135.0,50.0,83.0,2.5,20.5,None,Painkiller,Female,No,Moderate,At_Risk
3.17,150.0,108.0,389.0,5.3,34.1,Low,Painkiller,Female,Yes,Healthy,Diseased
2.8,112.0,88.0,184.0,4.15,18.2,Low,None,Female,,Moderate,Diseased
2.1,235.0,208.0,111.0,4.36,17.3,,Antibiotics,Male,Yes,Unhealthy,Diseased
2.65,72.0,156.0,362.0,4.49,19.1,Low,Antibiotics,Female,No,Moderate,At_Risk
4.49,263.0,115.0,276.0,4.18,16.0,Low,Herbal,Female,No,Healthy,Diseased
1.06,189.0,202.0,142.0,5.07,36.2,None,Multiple,Female,No,Moderate,At_Risk
0.21,49.0,131.0,165.0,4.33,32.3,Low,Antibiotics,Male,No,Unhealthy,At_Risk
4.32,273.0,86.0,381.0,5.22,22.1,Moderate,None,Female,Yes,Unhealthy,Diseased
2.93,198.0,121.0,182.0,4.25,22.8,None,None,,No,Healthy,Diseased
4.46,17.0,179.0,381.0,3.01,39.5,Low,Herbal,Female,No,Healthy,Diseased
3.03,113.0,15.0,342.0,5.24,30.6,Low,Steroids,Female,Yes,Healthy,Diseased
4.07,234.0,206.0,242.0,4.54,36.3,Moderate,None,Female,No,Moderate,Diseased
2.21,43.0,107.0,79.0,4.6,29.1,Moderate,None,Male,No,Moderate,At_Risk
3.77,,,347.0,5.46,22.9,None,Herbal,Male,Yes,Moderate,Diseased
4.57,237.0,177.0,110.0,2.73,44.1,Moderate,Antibiotics,Male,,Moderate,Diseased
2.9,197.0,274.0,353.0,3.79,32.4,Moderate,Antibiotics,Female,Occasional,Healthy,Diseased
0.99,31.0,17.0,389.0,3.22,19.8,Moderate,None,Male,No,Healthy,Healthy
,49.0,181.0,398.0,4.39,27.8,Low,Antibiotics,Female,No,Healthy,Healthy
1.07,182.0,204.0,373.0,4.92,25.6,Moderate,Herbal,Female,Occasional,Healthy,At_Risk
1.31,188.0,278.0,351.0,5.4,,Low,Herbal,Female,Yes,Unhealthy,Diseased
1.6,95.0,28.0,,3.86,43.1,Moderate,Steroids,Female,No,Healthy,At_Risk
2.82,142.0,58.0,126.0,4.86,41.5,Moderate,Antibiotics,Female,No,Moderate,At_Risk
2.98,22.0,167.0,170.0,5.25,,Moderate,Steroids,Female,No,Healthy,At_Risk
2.19,37.0,75.0,52.0,4.55,26.2,Low,Painkiller,Male,No,Moderate,Healthy
3.12,93.0,68.0,86.0,3.23,38.1,Moderate,None,Male,Yes,Moderate,Diseased
0.5,289.0,168.0,196.0,4.32,22.0,None,Herbal,Male,No,Healthy,At_Risk
0.53,272.0,280.0,141.0,5.41,33.2,None,Antibiotics,Male,No,Moderate,At_Risk
0.94,175.0,130.0,388.0,5.46,36.3,Low,Antibiotics,Female,No,Healthy,At_Risk
2.64,77.0,263.0,322.0,4.43,35.0,Moderate,Multiple,Male,No,Moderate,At_Risk
1.15,235.0,270.0,136.0,5.16,36.5,None,Multiple,Female,No,Moderate,At_Risk
1.49,179.0,144.0,89.0,3.1,36.5,Low,Antibiotics,Male,No,Moderate,Diseased
2.06,95.0,283.0,227.0,3.24,44.0,None,None,Female,Yes,Moderate,Diseased
4.08,142.0,65.0,378.0,,26.0,Low,Painkiller,Male,No,Healthy,At_Risk
0.17,187.0,105.0,334.0,2.91,41.5,Moderate,Multiple,Male,No,Healthy,Diseased
3.28,261.0,123.0,91.0,3.07,16.6,Moderate,None,Male,Occasional,Healthy,Diseased
3.38,24.0,37.0,334.0,3.76,24.4,Low,Multiple,Female,Yes,Healthy,At_Risk
4.01,232.0,11.0,115.0,4.27,17.4,High,None,Male,No,Moderate,Diseased
4.67,210.0,221.0,173.0,4.31,34.9,Moderate,Antibiotics,Female,,Moderate,Diseased
0.2,116.0,77.0,194.0,3.38,18.9,Moderate,Antibiotics,Female,,Moderate,At_Risk
0.85,259.0,137.0,,5.26,40.5,Moderate,None,Male,No,Unhealthy,Diseased
4.44,98.0,33.0,158.0,5.25,34.8,High,,Male,Yes,Moderate,Diseased
2.35,,262.0,141.0,3.68,16.8,Moderate,Antibiotics,Female,No,,Diseased
2.87,122.0,239.0,357.0,3.8,36.7,,,Male,No,Healthy,Diseased
3.35,146.0,185.0,109.0,4.61,41.0,Low,Painkiller,Female,No,Moderate,Diseased
,256.0,230.0,399.0,4.49,35.2,Moderate,Steroids,Male,No,Healthy,Diseased
4.67,175.0,45.0,,3.65,16.9,,None,Female,No,Moderate,At_Risk
4.99,159.0,11.0,289.0,3.74,40.9,Low,Herbal,Female,Yes,Unhealthy,Diseased
3.63,77.0,283.0,261.0,3.54,37.2,None,None,Female,No,Moderate,At_Risk
1.51,,186.0,147.0,3.21,27.0,Low,None,Male,Occasional,Healthy,At_Risk
4.41,280.0,273.0,63.0,3.87,25.5,Low,None,Female,Yes,Unhealthy,Diseased
0.34,29.0,195.0,267.0,4.56,29.9,Moderate,None,Female,Yes,Healthy,At_Risk
1.23,298.0,24.0,219.0,4.73,41.1,Moderate,Painkiller,Female,No,Unhealthy,At_Risk
4.5,109.0,288.0,356.0,4.84,23.3,None,Multiple,Female,Yes,Unhealthy,Diseased
1.36,261.0,203.0,329.0,3.62,18.9,None,None,Female,No,Moderate,At_Risk
1.18,86.0,207.0,259.0,4.79,41.1,None,None,Female,Yes,Healthy,Diseased
0.78,144.0,73.0,305.0,2.52,16.8,None,None,Female,No,Unhealthy,At_Risk
4.31,182.0,299.0,220.0,3.93,42.4,None,Antibiotics,Male,Yes,Moderate,Diseased
2.55,210.0,27.0,122.0,4.88,24.9,Moderate,Steroids,Male,No,Healthy,At_Risk
,226.0,73.0,196.0,4.39,30.7,High,Herbal,Other,Yes,Moderate,Diseased
1.27,217.0,260.0,389.0,3.92,19.8,Low,None,Male,Yes,Moderate,Diseased
3.81,83.0,26.0,366.0,4.43,42.2,Low,Steroids,Female,Yes,Healthy,Diseased
3.82,,150.0,155.0,5.22,37.7,Moderate,Antibiotics,Female,No,Healthy,At_Risk
1.63,296.0,254.0,143.0,4.2,42.8,High,Antibiotics,Male,No,Healthy,Diseased
2.11,265.0,299.0,112.0,4.9,35.8,High,Painkiller,Male,No,Healthy,Diseased
1.13,21.0,96.0,203.0,5.44,21.4,None,,Male,No,Healthy,Healthy
,87.0,208.0,304.0,4.62,24.9,None,,Female,No,Healthy,Diseased
3.26,181.0,170.0,84.0,4.22,30.1,None,None,Male,No,Healthy,Diseased
4.68,105.0,149.0,372.0,2.61,33.6,Low,Painkiller,Male,Yes,Healthy,Diseased
1.59,282.0,85.0,361.0,3.62,42.9,Moderate,Painkiller,Female,No,Unhealthy,Diseased
3.93,188.0,28.0,345.0,4.2,27.1,,None,Male,Occasional,Moderate,At_Risk
3.85,73.0,59.0,302.0,4.89,36.4,Moderate,Antibiotics,Female,No,Moderate,At_Risk
3.49,141.0,241.0,206.0,3.81,43.9,Low,Herbal,Female,Yes,Moderate,Diseased
4.83,281.0,21.0,183.0,5.38,20.4,High,Antibiotics,Male,No,Healthy,Diseased
2.03,118.0,24.0,178.0,3.32,41.0,None,Painkiller,Male,Occasional,Unhealthy,Diseased
0.74,282.0,37.0,329.0,4.73,28.2,None,Herbal,Male,No,Moderate,Healthy
3.39,177.0,259.0,301.0,3.76,37.2,None,Steroids,Male,No,Moderate,Diseased
,189.0,107.0,184.0,3.96,24.5,None,Painkiller,Male,No,Unhealthy,Diseased
2.92,67.0,48.0,380.0,4.91,25.7,Moderate,Antibiotics,Female,No,Moderate,Healthy
1.11,88.0,47.0,60.0,3.39,16.8,None,Steroids,Female,No,Healthy,At_Risk
2.57,70.0,188.0,341.0,2.79,44.2,Moderate,None,Female,Yes,Unhealthy,Diseased
1.63,130.0,106.0,197.0,4.06,39.6,None,Painkiller,Male,No,Unhealthy,Diseased
2.19,216.0,291.0,368.0,4.09,18.7,None,None,Male,Yes,Unhealthy,Diseased
3.26,43.0,,,4.89,,Moderate,Multiple,Male,Yes,Healthy,Diseased
,79.0,173.0,240.0,5.4,33.5,High,None,Male,Occasional,Unhealthy,Diseased
1.24,26.0,106.0,393.0,2.67,,Low,None,Female,No,Moderate,At_Risk
2.09,29.0,266.0,79.0,4.28,17.9,High,Painkiller,Male,No,Moderate,Diseased
1.42,78.0,271.0,278.0,4.54,27.3,Low,Herbal,Male,No,Healthy,Healthy
1.07,224.0,267.0,133.0,,35.4,Low,Painkiller,Female,No,Healthy,At_Risk
3.94,,258.0,199.0,5.33,19.1,Moderate,Herbal,Female,No,Healthy,Diseased
4.56,111.0,254.0,238.0,4.64,30.2,None,Steroids,Female,No,Moderate,Diseased
1.91,215.0,260.0,70.0,4.07,28.8,None,Antibiotics,Male,No,Healthy,At_Risk
3.78,154.0,132.0,86.0,2.98,22.3,Moderate,Herbal,Male,Yes,Healthy,Diseased
4.5,66.0,178.0,295.0,3.65,24.7,Low,None,Male,No,Unhealthy,At_Risk
4.25,92.0,184.0,332.0,4.26,44.0,None,Multiple,Male,No,Moderate,Diseased
1.0,,278.0,151.0,4.68,24.4,None,Herbal,Female,No,Moderate,At_Risk
4.79,196.0,213.0,343.0,4.41,22.2,Moderate,Multiple,Female,No,Moderate,Diseased
1.95,15.0,75.0,281.0,4.64,31.6,Moderate,Herbal,Female,Yes,Moderate,At_Risk
1.76,119.0,68.0,365.0,3.79,35.5,Low,Herbal,Male,Yes,Healthy,At_Risk
0.41,147.0,228.0,375.0,4.68,37.0,Moderate,None,Male,Occasional,Moderate,At_Risk
2.48,60.0,275.0,337.0,2.93,37.9,,Painkiller,Female,Yes,Moderate,Diseased
0.63,60.0,150.0,385.0,2.99,17.1,Moderate,Painkiller,Female,No,Healthy,At_Risk
1.32,96.0,245.0,294.0,2.99,,High,None,Female,No,Healthy,Diseased
1.65,77.0,,226.0,5.17,38.4,Moderate,Steroids,Female,Occasional,Healthy,At_Risk
4.06,93.0,24.0,,2.73,42.2,Low,None,Other,Yes,Moderate,Diseased
4.39,51.0,147.0,151.0,4.9,33.5,Moderate,None,Female,Yes,Healthy,Diseased
1.58,,241.0,335.0,3.2,17.5,Low,Herbal,Male,Yes,Moderate,Diseased
4.31,66.0,98.0,71.0,3.91,27.5,Low,Multiple,Female,No,Healthy,At_Risk
4.3,235.0,86.0,68.0,5.25,18.2,None,Herbal,Male,Yes,Moderate,Diseased
3.85,205.0,145.0,336.0,4.26,37.7,Low,Herbal,Male,No,Unhealthy,Diseased
0.82,257.0,119.0,325.0,3.13,17.8,None,,Male,No,Unhealthy,Diseased
3.48,175.0,100.0,196.0,3.35,21.4,None,Herbal,Male,No,Moderate,Diseased
4.73,71.0,199.0,89.0,5.26,28.1,Low,Painkiller,Male,No,Healthy,At_Risk
3.44,272.0,82.0,216.0,3.78,29.4,Moderate,Multiple,Male,No,Moderate,Diseased
1.72,121.0,182.0,140.0,4.26,27.8,None,None,Female,No,Moderate,At_Risk
2.55,262.0,44.0,121.0,3.88,29.4,None,Herbal,Female,No,Moderate,At_Risk
3.26,208.0,219.0,,3.64,36.7,Low,Antibiotics,Female,No,Unhealthy,Diseased
2.6,187.0,142.0,384.0,3.17,26.7,Moderate,,Male,No,Healthy,Diseased
0.69,35.0,292.0,189.0,,31.9,None,Steroids,Male,Yes,Moderate,At_Risk
1.63,255.0,207.0,288.0,4.65,24.8,None,Herbal,Male,,Healthy,Diseased
4.03,28.0,41.0,127.0,3.32,26.3,Low,Herbal,Female,No,Healthy,At_Risk
4.32,274.0,145.0,248.0,4.87,33.8,Moderate,None,Female,Yes,Moderate,Diseased
0.77,29.0,257.0,66.0,,30.2,None,None,Male,No,Moderate,At_Risk
4.77,115.0,155.0,267.0,5.26,37.0,None,None,Female,No,Moderate,Diseased
1.71,246.0,152.0,278.0,2.98,32.3,Moderate,None,Female,No,Moderate,Diseased
3.35,255.0,243.0,389.0,3.41,39.3,None,None,Male,No,Moderate,Diseased
3.78,90.0,53.0,187.0,5.08,28.9,None,Steroids,Male,Yes,Unhealthy,Diseased
4.08,159.0,41.0,196.0,3.1,30.2,Low,Painkiller,Female,No,Moderate,Diseased
4.73,19.0,240.0,259.0,2.51,35.4,High,Herbal,Female,No,Unhealthy,Diseased
1.63,233.0,37.0,207.0,5.11,22.4,None,Painkiller,Male,No,Moderate,Healthy
4.31,273.0,169.0,202.0,3.48,27.2,Low,Antibiotics,Male,Occasional,Moderate,Diseased
0.75,158.0,216.0,393.0,,34.1,Low,None,Female,No,Moderate,At_Risk
3.55,287.0,27.0,379.0,3.84,16.8,Moderate,Herbal,Male,Occasional,Moderate,At_Risk
3.74,283.0,112.0,212.0,5.04,28.7,,Herbal,Female,Occasional,Moderate,Diseased
3.42,203.0,79.0,356.0,3.51,33.4,Low,Painkiller,Male,Yes,Moderate,Diseased
1.34,181.0,128.0,150.0,5.18,44.1,Moderate,Painkiller,Male,Yes,Moderate,Diseased
4.38,274.0,148.0,376.0,4.35,41.4,High,None,Male,No,Unhealthy,Diseased
0.93,35.0,169.0,376.0,4.08,24.1,Moderate,Herbal,Female,No,Healthy,Healthy
0.36,35.0,241.0,204.0,3.48,30.7,Low,Steroids,Female,Occasional,Moderate,At_Risk
3.62,43.0,157.0,59.0,3.23,,Low,Antibiotics,Female,No,Moderate,At_Risk
2.43,273.0,252.0,232.0,4.37,23.0,Low,None,Male,,Healthy,Diseased
4.26,147.0,44.0,183.0,3.84,38.5,Low,None,Female,No,Unhealthy,Diseased
1.98,192.0,248.0,55.0,5.23,19.6,Moderate,None,Female,Yes,Moderate,Diseased
0.92,251.0,158.0,382.0,3.97,23.5,Moderate,None,Male,No,Healthy,At_Risk
4.2,63.0,120.0,382.0,4.04,43.4,Low,,Other,No,Healthy,At_Risk
2.79,,26.0,307.0,3.75,39.9,Moderate,None,Female,Yes,Moderate,Diseased
1.03,128.0,235.0,260.0,4.87,38.7,High,Antibiotics,Female,No,Healthy,Diseased
3.63,152.0,149.0,100.0,3.77,41.1,High,Painkiller,Female,No,Moderate,Diseased
2.6,90.0,153.0,196.0,3.31,37.7,Moderate,Painkiller,Female,No,Healthy,Diseased
3.06,254.0,269.0,177.0,5.09,19.5,Low,Antibiotics,Female,No,Unhealthy,Diseased
2.36,71.0,226.0,307.0,4.29,31.0,,Steroids,Male,No,Moderate,At_Risk
4.16,55.0,171.0,100.0,4.27,,None,Antibiotics,Female,No,Healthy,At_Risk
4.16,96.0,101.0,203.0,4.33,25.0,None,None,Male,Yes,Unhealthy,Diseased
3.58,108.0,183.0,119.0,4.66,40.2,Low,Herbal,Female,Yes,Unhealthy,Diseased
0.62,62.0,214.0,325.0,3.44,29.5,None,Multiple,Female,No,Moderate,At_Risk
4.21,201.0,162.0,328.0,2.6,17.7,Low,Painkiller,Female,Occasional,Healthy,Diseased
3.39,89.0,112.0,359.0,4.93,24.0,Low,None,Female,No,Moderate,Diseased
3.52,25.0,211.0,183.0,2.89,22.6,Low,Herbal,Male,No,Healthy,At_Risk
1.88,203.0,289.0,269.0,4.67,41.7,None,Multiple,Female,Yes,Moderate,Diseased
4.41,150.0,74.0,212.0,2.75,34.8,None,None,Male,No,Healthy,Diseased
3.65,117.0,126.0,185.0,3.63,32.3,None,None,Male,,Moderate,Diseased
0.65,274.0,162.0,106.0,2.69,30.7,None,Herbal,Female,No,Healthy,Diseased
2.1,299.0,165.0,226.0,4.07,34.9,High,Painkiller,Female,No,Moderate,Diseased
4.44,218.0,173.0,164.0,4.46,37.9,None,Multiple,Male,Yes,Healthy,Diseased
0.33,174.0,91.0,198.0,3.01,,None,None,Male,No,Moderate,Diseased
4.81,161.0,15.0,290.0,3.61,43.2,None,Herbal,Male,No,Moderate,At_Risk
3.43,299.0,76.0,172.0,5.29,44.3,Low,None,Female,No,Healthy,At_Risk
3.19,277.0,247.0,341.0,3.83,44.9,Moderate,None,Female,No,Moderate,Diseased
1.43,160.0,81.0,376.0,4.91,35.4,None,Multiple,Male,Yes,Healthy,Diseased
1.32,216.0,104.0,118.0,,43.0,High,None,Female,Yes,Moderate,Diseased
,264.0,87.0,363.0,5.42,27.7,Moderate,None,Male,Yes,Moderate,Diseased
1.56,150.0,76.0,112.0,5.19,,None,Herbal,Female,No,Moderate,At_Risk
3.9,105.0,185.0,270.0,3.45,42.4,Low,None,Male,No,Healthy,Diseased
2.03,236.0,181.0,65.0,5.39,42.2,Low,None,Other,Yes,Healthy,Diseased
0.78,202.0,264.0,127.0,4.94,40.1,None,Painkiller,Male,No,Healthy,At_Risk
0.15,127.0,72.0,171.0,5.01,27.8,Moderate,Antibiotics,Female,No,Unhealthy,At_Risk
2.77,14.0,255.0,307.0,2.55,20.6,None,Steroids,Female,Yes,Moderate,Diseased
4.88,252.0,201.0,266.0,5.36,25.7,Low,Herbal,Male,No,Unhealthy,Diseased
1.91,30.0,80.0,163.0,4.83,38.3,Low,Antibiotics,,Yes,Unhealthy,At_Risk
1.85,161.0,238.0,195.0,4.8,22.8,Low,Painkiller,Male,No,Unhealthy,At_Risk
1.79,137.0,72.0,286.0,2.74,29.9,Moderate,Painkiller,Female,Yes,Moderate,At_Risk
2.65,133.0,254.0,135.0,3.2,32.4,None,Herbal,Male,No,Healthy,Diseased
2.26,155.0,16.0,216.0,5.39,33.5,None,Steroids,Female,Occasional,Unhealthy,Diseased
4.41,286.0,269.0,178.0,4.0,43.1,Low,,Female,No,Healthy,Diseased
2.58,161.0,98.0,214.0,3.69,35.2,None,Multiple,Male,Occasional,Moderate,Diseased
2.59,120.0,186.0,,5.02,38.8,None,Painkiller,Male,No,Unhealthy,Diseased
0.78,125.0,213.0,306.0,2.76,32.9,Low,Antibiotics,Female,Yes,Moderate,Diseased
4.92,197.0,143.0,181.0,,40.2,None,Antibiotics,Male,Yes,,Diseased
1.32,66.0,91.0,107.0,3.63,23.6,Low,None,Male,No,Healthy,Healthy
0.46,260.0,30.0,306.0,3.55,22.1,None,None,Female,No,Unhealthy,At_Risk
3.35,159.0,137.0,190.0,3.42,42.9,None,Herbal,Male,,Unhealthy,Diseased
3.02,171.0,204.0,223.0,3.13,36.1,Low,,Male,No,Moderate,Diseased
2.13,129.0,203.0,224.0,3.02,35.5,None,Antibiotics,,Yes,Unhealthy,Diseased
2.17,79.0,193.0,258.0,4.42,29.6,High,Antibiotics,Other,No,Healthy,Diseased
3.95,108.0,256.0,253.0,5.26,26.9,None,Herbal,Male,Yes,Healthy,Diseased
1.06,176.0,169.0,56.0,4.03,32.1,Moderate,None,Other,,Healthy,At_Risk
4.12,160.0,203.0,100.0,3.39,19.5,Moderate,Antibiotics,Male,Yes,Healthy,Diseased
,11.0,119.0,,2.98,29.2,None,Painkiller,Male,No,Healthy,At_Risk
2.15,161.0,75.0,227.0,,,Moderate,Herbal,Female,No,Healthy,At_Risk
2.34,74.0,263.0,80.0,5.41,31.6,Moderate,Antibiotics,Male,No,Moderate,At_Risk
1.36,78.0,292.0,367.0,3.55,34.4,None,Multiple,Male,Yes,Healthy,At_Risk
3.79,130.0,69.0,,3.37,43.8,High,Painkiller,Male,No,Healthy,Diseased
2.61,118.0,127.0,104.0,,34.9,None,Multiple,Female,No,Unhealthy,Diseased
1.67,256.0,53.0,205.0,4.83,41.6,None,Herbal,Male,Yes,Healthy,At_Risk
3.02,102.0,219.0,93.0,3.87,32.1,Moderate,Antibiotics,Female,No,Healthy,Diseased
4.98,277.0,45.0,130.0,4.39,34.2,None,,Female,Occasional,Healthy,At_Risk
2.23,112.0,28.0,215.0,4.65,,Moderate,Painkiller,Male,Yes,Unhealthy,Diseased
4.61,121.0,100.0,79.0,5.38,19.9,,Herbal,Male,No,Moderate,Diseased
1.79,71.0,221.0,371.0,3.0,32.8,High,Antibiotics,Female,No,Moderate,Diseased
0.37,145.0,231.0,185.0,5.49,27.5,Low,Painkiller,Female,Yes,Healthy,Diseased
1.1,64.0,226.0,63.0,3.68,39.2,High,Antibiotics,Female,No,Moderate,At_Risk
2.15,117.0,232.0,155.0,4.67,31.8,Low,Steroids,Male,Yes,Healthy,Diseased
1.18,267.0,107.0,367.0,4.22,41.6,None,None,Male,No,Healthy,At_Risk
0.1,262.0,28.0,124.0,3.96,44.2,Low,None,Female,No,Moderate,At_Risk
4.58,231.0,35.0,128.0,,20.3,Low,None,Female,No,Unhealthy,At_Risk
4.24,176.0,37.0,243.0,3.69,27.5,Low,None,Female,Occasional,Healthy,At_Risk
3.74,169.0,73.0,,2.88,35.3,Low,,Male,Yes,,Diseased
0.92,175.0,232.0,89.0,3.97,24.9,Low,Herbal,Other,No,Healthy,At_Risk
0.69,214.0,89.0,305.0,4.07,23.7,Low,Painkiller,Male,Occasional,Healthy,At_Risk
0.43,276.0,60.0,156.0,3.11,39.6,High,None,Male,No,Healthy,Diseased
3.65,147.0,111.0,66.0,5.31,44.4,Low,Painkiller,Female,Yes,Unhealthy,Diseased
4.65,257.0,185.0,64.0,3.18,38.4,None,Multiple,Female,,Healthy,Diseased
2.21,64.0,19.0,321.0,3.73,31.2,Moderate,Painkiller,,Yes,Moderate,At_Risk
0.68,218.0,246.0,62.0,2.96,28.8,None,Multiple,Female,No,,At_Risk
2.61,26.0,109.0,296.0,4.11,31.6,Moderate,None,Male,No,Moderate,At_Risk
1.81,77.0,237.0,263.0,3.42,29.4,None,None,Male,Yes,Moderate,At_Risk
1.94,142.0,73.0,200.0,3.97,30.6,None,Steroids,Female,No,Healthy,At_Risk
3.14,197.0,28.0,341.0,3.17,21.9,None,Antibiotics,Male,No,Unhealthy,Diseased
3.62,147.0,150.0,,2.66,42.2,None,Herbal,Male,Yes,Moderate,Diseased
0.64,183.0,34.0,163.0,4.84,37.9,Moderate,Herbal,Male,Yes,Healthy,At_Risk
0.27,106.0,237.0,379.0,4.42,35.7,Low,None,Male,No,Moderate,At_Risk
4.97,180.0,98.0,130.0,3.52,43.5,Moderate,Steroids,Male,No,Healthy,Diseased
1.24,163.0,101.0,399.0,2.64,24.2,Low,Antibiotics,Female,No,Moderate,At_Risk
0.36,192.0,51.0,190.0,5.1,18.4,None,Herbal,Female,Yes,Moderate,At_Risk
1.03,251.0,90.0,79.0,3.01,40.0,Moderate,Painkiller,Male,Yes,Healthy,Diseased
0.29,294.0,116.0,79.0,5.29,45.0,Low,None,Female,Yes,Unhealthy,Diseased
2.02,36.0,120.0,315.0,3.94,32.8,Moderate,Antibiotics,Female,Yes,Healthy,Diseased
4.03,69.0,286.0,148.0,3.52,17.7,Low,Multiple,Female,Yes,Healthy,Diseased
1.77,211.0,223.0,143.0,4.73,38.6,None,None,Male,No,Moderate,At_Risk
2.28,,240.0,260.0,5.13,18.1,Moderate,None,Male,No,Healthy,Diseased
3.41,78.0,130.0,344.0,3.61,31.7,Low,Painkiller,Female,Yes,Healthy,Diseased
2.59,30.0,143.0,86.0,3.72,24.0,Low,Herbal,Male,No,Healthy,At_Risk
4.32,161.0,217.0,138.0,3.8,42.5,High,Painkiller,Male,Occasional,Unhealthy,Diseased
4.34,111.0,266.0,304.0,5.27,29.1,Low,None,Female,Occasional,Healthy,Diseased
0.15,104.0,194.0,263.0,4.58,42.1,Low,Antibiotics,Male,No,Healthy,At_Risk
3.91,238.0,295.0,63.0,3.24,24.7,Low,None,Other,No,Healthy,Diseased
2.36,134.0,189.0,241.0,3.05,27.2,,None,Female,No,Healthy,Diseased
4.95,267.0,57.0,344.0,3.19,43.5,Low,Painkiller,Female,Yes,Moderate,Diseased
2.47,245.0,96.0,231.0,3.29,21.8,Low,Painkiller,Female,Yes,Moderate,Diseased
4.94,171.0,28.0,179.0,3.19,32.8,Low,Painkiller,Male,No,Moderate,Diseased
3.8,51.0,55.0,273.0,4.48,27.3,Low,None,Female,Yes,Moderate,At_Risk
1.32,,65.0,92.0,2.85,38.5,Moderate,Painkiller,Female,Yes,Healthy,Diseased
2.74,77.0,238.0,230.0,3.66,19.7,None,Herbal,Male,No,Moderate,At_Risk
,182.0,154.0,218.0,4.38,28.7,None,Painkiller,Female,No,Moderate,Diseased
4.3,,101.0,313.0,,36.3,Moderate,Antibiotics,Female,No,Moderate,Diseased
0.58,179.0,91.0,145.0,2.7,,High,None,Female,No,Unhealthy,Diseased
,56.0,234.0,252.0,2.75,17.7,Low,None,Female,No,Unhealthy,Diseased
1.79,270.0,,370.0,2.88,36.4,Moderate,Herbal,Male,No,Moderate,Diseased
0.13,226.0,159.0,384.0,5.01,30.6,None,Painkiller,Male,Occasional,Unhealthy,Diseased
2.08,133.0,292.0,,4.47,16.3,None,Painkiller,Male,No,Moderate,Diseased
,171.0,169.0,141.0,2.69,33.8,Moderate,,Male,No,Healthy,Diseased
4.11,210.0,165.0,315.0,,,High,Steroids,Male,No,Moderate,Diseased
1.75,284.0,165.0,380.0,3.34,19.2,None,Herbal,Female,Yes,Healthy,Diseased
4.15,215.0,211.0,227.0,4.23,33.1,None,Steroids,Female,Yes,Healthy,Diseased
0.1,49.0,126.0,,4.07,37.1,None,None,Male,Yes,Moderate,At_Risk
1.61,282.0,163.0,366.0,3.94,18.1,None,Multiple,Female,Yes,Healthy,Diseased
1.28,197.0,,96.0,3.44,,Moderate,Multiple,Male,No,Healthy,At_Risk
1.24,102.0,208.0,52.0,2.91,29.5,Low,None,Female,No,Moderate,At_Risk
0.43,51.0,272.0,152.0,4.73,38.9,Low,Herbal,Other,Yes,Healthy,At_Risk
1.02,116.0,193.0,322.0,5.14,20.7,Low,Painkiller,Female,No,Healthy,At_Risk
2.82,74.0,157.0,71.0,5.33,40.3,Moderate,Steroids,Male,Yes,Moderate,Diseased
1.53,144.0,175.0,165.0,2.68,35.0,None,None,Male,No,Healthy,Diseased
2.15,33.0,84.0,396.0,4.72,25.6,Moderate,Antibiotics,Female,Occasional,Unhealthy,At_Risk
1.95,37.0,245.0,153.0,4.68,31.0,,None,Female,No,Unhealthy,Diseased
4.39,71.0,281.0,308.0,5.34,44.0,None,Antibiotics,Female,No,,At_Risk
,282.0,188.0,357.0,3.26,22.3,Moderate,None,Male,No,Healthy,Diseased
2.52,238.0,292.0,347.0,4.73,30.5,Moderate,Painkiller,Male,Yes,Moderate,Diseased
1.72,29.0,60.0,179.0,2.66,34.1,None,Steroids,Male,No,Healthy,Healthy
0.62,12.0,84.0,344.0,4.39,20.0,None,Herbal,Female,No,Moderate,Healthy
4.77,227.0,153.0,351.0,,17.3,Low,None,Female,No,Moderate,Diseased
0.4,145.0,197.0,97.0,4.81,16.4,Low,Herbal,Male,No,Moderate,At_Risk
1.56,12.0,132.0,76.0,5.09,25.4,Low,Painkiller,Male,No,Moderate,Healthy
1.56,202.0,260.0,64.0,3.59,18.1,None,Herbal,,No,Moderate,At_Risk
1.67,82.0,139.0,312.0,4.08,39.3,Moderate,Antibiotics,Other,Occasional,Moderate,At_Risk
0.91,127.0,261.0,347.0,2.85,44.9,None,Herbal,Male,Yes,Healthy,Diseased
3.94,163.0,189.0,314.0,3.75,17.8,Low,Steroids,Male,No,Moderate,Diseased
0.7,218.0,119.0,183.0,3.58,28.5,Low,Antibiotics,Female,No,Moderate,At_Risk
3.21,43.0,87.0,125.0,3.05,16.7,Moderate,Painkiller,Male,No,Moderate,At_Risk
0.71,146.0,11.0,79.0,5.18,19.9,None,Multiple,Female,No,Moderate,Healthy
0.45,129.0,285.0,389.0,2.94,25.4,None,Herbal,Male,Yes,Healthy,Diseased
4.56,124.0,299.0,175.0,4.41,27.4,None,Painkiller,Female,No,Healthy,Diseased
1.03,22.0,178.0,133.0,5.17,43.3,None,None,Female,Occasional,Moderate,At_Risk
4.12,78.0,249.0,103.0,5.24,27.5,None,Herbal,Male,No,Moderate,At_Risk
2.77,266.0,32.0,332.0,4.88,30.4,Low,,Female,No,Healthy,At_Risk
0.48,98.0,181.0,389.0,3.03,23.1,Moderate,None,Female,Occasional,Healthy,At_Risk
4.78,56.0,295.0,312.0,4.95,16.0,Moderate,Multiple,Male,No,Moderate,At_Risk
1.31,269.0,202.0,271.0,3.33,42.1,Low,None,,No,Unhealthy,Diseased
4.31,237.0,178.0,377.0,5.27,18.4,None,Multiple,Female,No,Healthy,Diseased
0.93,189.0,127.0,51.0,4.63,44.0,High,Steroids,Female,No,Moderate,Diseased
4.28,19.0,15.0,355.0,4.86,19.8,None,Painkiller,Male,No,Unhealthy,At_Risk
0.16,293.0,,195.0,2.76,33.5,Moderate,Painkiller,Male,Occasional,Healthy,Diseased
2.61,135.0,102.0,67.0,4.25,45.0,High,Antibiotics,Female,Occasional,Healthy,Diseased
3.87,143.0,260.0,65.0,4.96,20.0,Moderate,Antibiotics,Male,Yes,Unhealthy,Diseased
4.68,164.0,19.0,357.0,5.08,28.3,None,Multiple,Female,No,Healthy,At_Risk
4.56,257.0,60.0,208.0,2.59,38.6,None,Herbal,Female,Occasional,Moderate,Diseased
4.12,149.0,138.0,389.0,5.32,16.9,None,Antibiotics,Female,Yes,Moderate,Diseased
4.45,185.0,258.0,347.0,2.63,,Low,Multiple,Female,No,Healthy,Diseased
1.08,183.0,111.0,258.0,4.34,18.3,Low,Antibiotics,Female,,Healthy,At_Risk
1.49,83.0,92.0,254.0,4.58,22.9,Moderate,Herbal,Female,Yes,Moderate,Diseased
1.52,152.0,200.0,,2.82,20.6,None,Herbal,Male,Yes,Moderate,Diseased
1.95,121.0,152.0,227.0,2.64,42.3,Moderate,Multiple,Female,No,,Diseased
2.03,215.0,246.0,258.0,4.85,21.2,Moderate,None,Female,No,Moderate,Diseased
2.77,140.0,296.0,173.0,3.65,17.2,None,Antibiotics,Female,Occasional,Moderate,Diseased
0.88,119.0,286.0,64.0,2.82,33.0,None,Painkiller,Female,No,Healthy,Diseased
3.49,76.0,178.0,395.0,4.79,26.0,Low,Painkiller,Female,No,Moderate,At_Risk
,95.0,153.0,347.0,5.05,27.8,Low,Painkiller,Male,Occasional,Healthy,At_Risk
1.62,284.0,193.0,94.0,,19.5,None,Herbal,Female,No,Moderate,At_Risk
2.57,236.0,54.0,143.0,2.98,37.7,None,Painkiller,Male,Occasional,Moderate,Diseased
4.0,19.0,252.0,156.0,2.55,33.4,Moderate,Painkiller,Female,Yes,Moderate,Diseased
3.72,297.0,277.0,327.0,4.6,26.6,None,None,Male,No,Healthy,Diseased
3.26,121.0,262.0,177.0,4.15,21.0,None,None,Male,No,Moderate,Diseased
0.86,33.0,298.0,87.0,4.45,33.2,,Steroids,Female,No,Moderate,At_Risk
,177.0,221.0,146.0,4.94,38.6,Low,None,Female,No,Moderate,Diseased
0.53,118.0,186.0,247.0,3.8,25.1,Low,None,Female,Yes,,Diseased
1.95,199.0,30.0,241.0,2.87,16.7,Low,Antibiotics,Male,No,Unhealthy,At_Risk
2.13,205.0,61.0,56.0,5.32,22.2,Low,None,Female,Yes,Moderate,Diseased
0.3,42.0,242.0,93.0,4.14,35.8,Low,None,Female,Yes,Healthy,At_Risk
1.44,214.0,132.0,381.0,4.35,44.7,High,Herbal,Male,No,Moderate,Diseased
,191.0,109.0,56.0,5.3,16.4,None,Herbal,Female,Occasional,Healthy,Diseased
4.77,156.0,223.0,243.0,5.29,24.9,None,Painkiller,Female,Yes,Moderate,Diseased
1.83,277.0,144.0,365.0,4.22,17.8,None,Painkiller,Male,Occasional,Moderate,At_Risk
0.31,20.0,227.0,50.0,3.39,25.2,Moderate,Multiple,Female,No,Unhealthy,At_Risk
0.98,79.0,97.0,111.0,5.49,27.8,Low,None,Female,Yes,Unhealthy,At_Risk
2.02,265.0,289.0,392.0,4.54,42.7,None,Antibiotics,Female,No,Moderate,Diseased
4.74,228.0,49.0,138.0,3.73,18.3,Low,Antibiotics,Male,Occasional,Moderate,At_Risk
0.79,268.0,249.0,67.0,4.18,38.5,None,Herbal,Female,No,Moderate,At_Risk
3.84,12.0,145.0,157.0,3.75,27.5,None,Multiple,Female,No,Healthy,At_Risk
0.63,93.0,191.0,184.0,5.16,39.5,High,Painkiller,Male,No,Unhealthy,Diseased
4.91,165.0,274.0,359.0,3.95,30.9,Moderate,Painkiller,Male,No,Moderate,Diseased
1.97,160.0,268.0,116.0,4.97,17.1,None,Steroids,,No,Moderate,At_Risk
3.9,185.0,,142.0,5.02,43.4,None,Multiple,Female,No,Healthy,Diseased
1.78,204.0,30.0,187.0,4.97,18.4,None,Herbal,Female,Occasional,Healthy,Healthy
3.18,116.0,205.0,238.0,4.67,33.3,Moderate,Steroids,Female,No,Moderate,Diseased
1.04,143.0,221.0,108.0,5.06,,Low,Herbal,Female,No,,At_Risk
0.82,285.0,25.0,236.0,3.66,18.3,High,None,Female,Occasional,Healthy,At_Risk
4.7,164.0,211.0,284.0,2.84,32.1,Moderate,Painkiller,Male,,Healthy,Diseased
4.6,286.0,227.0,118.0,5.03,39.9,Low,None,Male,,Unhealthy,Diseased
4.45,245.0,102.0,147.0,3.99,44.6,Moderate,None,Female,No,Moderate,Diseased
3.16,249.0,142.0,,2.88,37.0,,Antibiotics,Female,No,Moderate,Diseased
4.06,22.0,148.0,360.0,2.85,24.1,None,Herbal,Female,No,Healthy,At_Risk
0.44,44.0,166.0,183.0,2.98,36.3,Low,Antibiotics,Female,Occasional,Healthy,At_Risk
1.74,56.0,79.0,105.0,4.75,36.5,Low,Steroids,Female,Occasional,Healthy,Healthy
1.64,223.0,24.0,163.0,4.63,36.3,Low,None,Male,,Moderate,At_Risk
3.21,155.0,244.0,137.0,3.11,40.8,None,Steroids,Female,No,Unhealthy,Diseased
1.84,168.0,221.0,187.0,5.04,18.5,None,Painkiller,Male,Occasional,Healthy,At_Risk
,134.0,299.0,,3.34,19.1,None,Steroids,Female,Occasional,Healthy,At_Risk
3.02,119.0,69.0,72.0,4.88,34.6,None,Painkiller,Female,No,Healthy,At_Risk
,46.0,261.0,193.0,3.97,43.7,High,Antibiotics,Female,Yes,Moderate,Diseased
1.97,286.0,11.0,193.0,4.69,29.5,Moderate,Painkiller,Male,Occasional,Unhealthy,At_Risk
0.75,23.0,245.0,105.0,3.64,43.9,Moderate,Antibiotics,Male,No,Moderate,At_Risk
1.06,241.0,28.0,157.0,3.54,43.2,Low,None,Male,No,Moderate,At_Risk
1.26,133.0,58.0,55.0,5.02,42.2,Moderate,Painkiller,Female,Occasional,Healthy,At_Risk
1.57,288.0,87.0,79.0,2.61,42.4,High,Painkiller,Male,No,Moderate,Diseased
3.25,120.0,37.0,,5.42,42.1,Low,Steroids,Male,Occasional,Healthy,At_Risk
3.04,133.0,57.0,394.0,4.44,39.8,Moderate,Steroids,Other,No,Healthy,At_Risk
3.51,39.0,105.0,176.0,3.8,36.2,Low,Multiple,Female,No,Healthy,At_Risk
1.88,124.0,174.0,351.0,4.38,16.7,Moderate,Antibiotics,Male,No,Healthy,At_Risk
4.14,99.0,185.0,170.0,2.87,19.8,Moderate,Painkiller,Female,Yes,Healthy,Diseased
1.1,221.0,82.0,148.0,4.04,19.9,High,Herbal,Female,No,Moderate,Diseased
2.4,47.0,38.0,215.0,5.46,16.7,None,Painkiller,Female,No,Healthy,Healthy
4.02,92.0,166.0,374.0,3.21,19.4,None,None,Female,No,Unhealthy,Diseased
0.98,36.0,288.0,368.0,4.67,42.7,None,Steroids,Male,Yes,Unhealthy,Diseased
0.64,226.0,292.0,290.0,3.8,35.3,Low,None,Male,Occasional,Moderate,At_Risk
4.43,224.0,16.0,99.0,4.46,25.1,Low,None,Male,Yes,Healthy,Diseased
1.78,230.0,191.0,317.0,3.11,39.0,None,Herbal,Male,Yes,Moderate,Diseased
3.45,24.0,118.0,374.0,3.91,30.2,Moderate,Herbal,Female,No,Unhealthy,Diseased
0.22,268.0,215.0,122.0,5.44,20.1,None,Herbal,Male,No,Healthy,At_Risk
3.48,275.0,243.0,349.0,,41.7,Moderate,None,Female,No,Unhealthy,Diseased
1.65,129.0,196.0,101.0,4.41,25.8,None,Herbal,Female,Yes,Moderate,Diseased
0.37,137.0,17.0,314.0,4.23,36.3,Low,Steroids,Male,Occasional,Unhealthy,At_Risk
3.09,220.0,62.0,276.0,4.2,24.4,Low,Herbal,Male,Yes,Unhealthy,Diseased
1.28,,208.0,242.0,4.35,30.5,Low,Steroids,Male,Occasional,Healthy,At_Risk
2.0,185.0,146.0,288.0,4.01,39.7,None,Antibiotics,Male,Yes,Moderate,Diseased
0.49,142.0,268.0,59.0,2.55,20.5,Moderate,None,Female,No,Healthy,At_Risk
0.82,23.0,181.0,351.0,5.2,44.3,Low,Steroids,Female,No,Healthy,At_Risk
1.56,59.0,95.0,277.0,4.98,18.0,Moderate,Steroids,Female,Occasional,Moderate,Healthy
0.54,81.0,55.0,342.0,3.02,31.5,Moderate,Painkiller,Female,Occasional,Unhealthy,At_Risk
4.56,78.0,195.0,101.0,3.74,42.6,Low,Steroids,Male,No,Unhealthy,Diseased
0.13,25.0,165.0,289.0,4.81,43.4,High,Antibiotics,Female,Yes,Healthy,Diseased
2.47,65.0,18.0,148.0,5.44,22.7,Moderate,Antibiotics,Female,No,Healthy,Healthy
0.7,114.0,124.0,130.0,5.35,20.2,High,Painkiller,Male,No,Moderate,Diseased
1.61,141.0,163.0,62.0,5.2,37.0,Moderate,None,Female,Occasional,Healthy,At_Risk
4.64,57.0,139.0,177.0,2.98,17.2,Moderate,None,Male,Occasional,Healthy,At_Risk
0.89,257.0,90.0,353.0,5.24,30.1,Low,Herbal,Female,No,Unhealthy,Diseased
4.83,282.0,299.0,60.0,5.14,39.1,None,None,Female,No,Unhealthy,Diseased
1.11,120.0,156.0,130.0,3.63,32.2,High,None,Female,Yes,Unhealthy,Diseased
3.73,47.0,278.0,310.0,3.68,21.5,Moderate,Multiple,Female,No,Moderate,At_Risk
2.78,249.0,142.0,55.0,,30.1,None,None,Female,No,Moderate,Diseased
4.43,130.0,59.0,271.0,4.47,42.7,None,Steroids,Female,No,Moderate,At_Risk
2.81,57.0,32.0,347.0,3.28,33.9,Moderate,Multiple,Female,No,Healthy,At_Risk
2.72,19.0,97.0,130.0,2.57,36.9,Low,Antibiotics,Male,Yes,Unhealthy,Diseased
1.06,242.0,121.0,52.0,2.92,25.8,None,Herbal,Female,No,Healthy,At_Risk
0.91,45.0,120.0,109.0,3.82,21.5,None,Multiple,Female,No,Moderate,Healthy
4.59,13.0,81.0,270.0,3.35,23.4,Moderate,Herbal,Male,Occasional,Moderate,At_Risk
1.71,53.0,163.0,398.0,4.79,31.5,None,Antibiotics,Male,Occasional,Healthy,At_Risk
1.92,65.0,66.0,98.0,2.82,24.1,Low,Painkiller,Male,No,Moderate,Healthy
3.82,51.0,266.0,277.0,5.25,31.7,Moderate,Painkiller,Male,No,Healthy,At_Risk
,264.0,165.0,339.0,5.19,36.5,Moderate,Herbal,Male,No,Moderate,At_Risk
4.77,237.0,122.0,342.0,,37.3,None,Herbal,Male,No,Moderate,Diseased
3.72,123.0,56.0,347.0,4.72,20.8,None,Herbal,,No,Moderate,At_Risk
3.03,246.0,247.0,242.0,2.82,37.8,Low,Antibiotics,Male,No,Unhealthy,Diseased
4.42,183.0,115.0,306.0,3.81,35.5,Moderate,Painkiller,Male,Occasional,Healthy,Diseased
0.34,264.0,196.0,152.0,2.89,16.3,None,Painkiller,Female,Occasional,Moderate,At_Risk
1.36,286.0,168.0,195.0,5.46,17.7,Low,None,Female,Yes,Unhealthy,Diseased
2.38,78.0,207.0,339.0,3.5,34.7,Moderate,Herbal,Female,Yes,Moderate,Diseased
1.21,239.0,186.0,306.0,4.26,27.1,High,None,Female,Yes,Unhealthy,Diseased
3.75,76.0,270.0,358.0,4.84,20.2,,Painkiller,Male,No,Moderate,At_Risk
4.6,45.0,296.0,327.0,5.26,17.3,None,Herbal,Female,No,Moderate,At_Risk
2.18,168.0,152.0,238.0,4.77,20.6,None,None,Female,Yes,Unhealthy,Diseased
1.78,158.0,,227.0,4.52,43.8,None,Multiple,Male,Yes,Unhealthy,Diseased
4.81,36.0,234.0,65.0,3.9,37.1,None,None,Male,No,Unhealthy,Diseased
2.28,81.0,52.0,135.0,4.32,,Low,Multiple,Female,No,Healthy,At_Risk
2.5,257.0,160.0,297.0,2.78,43.3,Low,Painkiller,Male,,Moderate,Diseased
1.82,110.0,72.0,266.0,5.15,34.0,None,None,Female,No,Healthy,At_Risk
4.56,199.0,139.0,91.0,4.13,37.0,Moderate,Steroids,Female,No,Healthy,Diseased
2.89,105.0,264.0,243.0,2.62,24.2,Low,,Male,No,,Diseased
3.83,291.0,223.0,376.0,5.26,33.1,Low,Painkiller,Male,No,Unhealthy,Diseased
4.08,287.0,82.0,212.0,3.97,20.2,High,Steroids,Female,No,Moderate,Diseased
1.78,26.0,113.0,325.0,5.11,27.7,Low,Multiple,Male,No,Unhealthy,At_Risk
2.23,272.0,167.0,179.0,5.07,17.0,High,None,Female,Yes,Unhealthy,Diseased
4.26,116.0,281.0,312.0,4.95,22.3,None,Herbal,Male,No,Healthy,Diseased
1.88,77.0,247.0,226.0,2.68,18.2,None,None,Female,Yes,Healthy,At_Risk
3.99,137.0,167.0,314.0,3.24,27.2,Low,Painkiller,Male,No,Healthy,Diseased
4.71,105.0,118.0,76.0,5.13,40.4,Low,None,Female,No,Moderate,Diseased
3.15,10.0,18.0,134.0,5.2,27.0,None,Painkiller,Male,Occasional,,Healthy
,,68.0,245.0,3.87,40.1,Moderate,None,Male,Yes,Moderate,Diseased
4.04,190.0,201.0,365.0,3.82,35.0,None,Painkiller,Female,Yes,Healthy,Diseased
4.24,244.0,145.0,292.0,3.03,30.8,Moderate,Painkiller,Male,No,Healthy,Diseased
2.04,17.0,260.0,391.0,5.41,22.9,Low,Antibiotics,Male,No,Healthy,At_Risk
0.35,36.0,,226.0,3.14,42.7,Moderate,Antibiotics,Male,Yes,Moderate,Diseased
2.07,155.0,67.0,179.0,3.07,17.6,Low,Antibiotics,Female,No,Unhealthy,Diseased
3.4,100.0,186.0,194.0,4.48,36.0,High,None,Female,Yes,Unhealthy,Diseased
2.31,281.0,297.0,132.0,3.23,34.0,None,Multiple,Female,No,Unhealthy,Diseased
3.77,14.0,254.0,137.0,5.32,28.8,High,Painkiller,Male,Yes,Healthy,Diseased
1.85,91.0,57.0,69.0,2.53,23.0,None,None,Male,Yes,Moderate,At_Risk
3.21,228.0,109.0,279.0,2.52,28.5,Moderate,Antibiotics,Male,No,Moderate,Diseased
1.01,127.0,222.0,175.0,4.01,41.3,Low,Steroids,Female,No,Healthy,At_Risk
3.77,90.0,174.0,100.0,3.96,40.3,Moderate,None,Female,Yes,Moderate,Diseased
2.77,79.0,135.0,137.0,2.99,43.3,Moderate,None,Female,Yes,Healthy,Diseased
1.1,124.0,130.0,219.0,3.98,24.9,Moderate,Herbal,Female,No,Healthy,At_Risk
1.53,272.0,97.0,112.0,3.73,27.2,None,Antibiotics,Female,,Healthy,At_Risk
3.77,151.0,226.0,138.0,5.17,16.5,Moderate,Painkiller,Male,No,Unhealthy,Diseased
2.46,216.0,70.0,238.0,2.53,43.3,None,Multiple,Male,No,Moderate,Diseased
1.16,120.0,188.0,239.0,5.43,25.6,None,None,Male,No,Healthy,At_Risk
4.84,121.0,199.0,138.0,4.37,27.7,None,Antibiotics,Male,Occasional,Unhealthy,Diseased
3.6,52.0,172.0,397.0,2.96,42.3,Low,Painkiller,Female,No,Unhealthy,Diseased
4.79,294.0,90.0,381.0,2.64,31.3,Moderate,None,Female,Occasional,Unhealthy,Diseased
2.19,137.0,179.0,75.0,4.11,,None,None,Female,Yes,Moderate,Diseased
2.43,194.0,205.0,225.0,3.2,21.1,None,Antibiotics,Male,No,Healthy,Diseased
4.5,238.0,212.0,313.0,3.4,30.5,Low,None,Female,No,Moderate,Diseased
2.67,230.0,56.0,91.0,3.24,42.6,High,,Male,Occasional,Moderate,Diseased
3.57,126.0,,168.0,4.45,32.2,Low,Multiple,Male,No,Unhealthy,Diseased
1.34,79.0,203.0,218.0,4.16,23.4,Moderate,Herbal,Other,No,Moderate,Healthy
2.29,79.0,288.0,157.0,2.73,16.9,Low,Painkiller,Male,Occasional,Healthy,At_Risk
0.7,119.0,278.0,196.0,4.08,25.8,Moderate,None,Male,No,Moderate,At_Risk
1.11,141.0,208.0,225.0,4.87,32.6,High,Painkiller,Female,No,Moderate,Diseased
0.1,65.0,233.0,238.0,2.74,17.2,Low,Painkiller,Female,No,Unhealthy,At_Risk
0.29,98.0,272.0,209.0,5.17,33.7,Low,Multiple,Male,Yes,Healthy,Diseased
4.89,146.0,175.0,351.0,4.23,31.2,Moderate,Multiple,Female,No,Moderate,Diseased
1.29,140.0,189.0,397.0,5.35,38.7,High,Painkiller,Female,No,Healthy,Diseased
3.35,227.0,201.0,123.0,2.94,16.8,None,None,Male,No,Healthy,Diseased
4.21,185.0,225.0,67.0,5.48,38.6,Low,Multiple,Male,Yes,Moderate,Diseased
2.8,,293.0,,4.43,31.1,Moderate,Herbal,Female,Yes,Healthy,Diseased
0.85,109.0,,164.0,4.2,26.7,Low,Antibiotics,Male,No,Moderate,At_Risk
3.67,138.0,107.0,377.0,4.05,44.0,Low,Painkiller,Male,Yes,Healthy,Diseased
3.04,66.0,239.0,274.0,2.57,20.6,Moderate,Painkiller,Female,No,Unhealthy,Diseased
3.68,190.0,266.0,95.0,5.32,31.7,None,Multiple,Female,No,Unhealthy,Diseased
3.87,,52.0,87.0,4.43,25.3,None,None,Male,Occasional,Healthy,At_Risk
4.88,153.0,251.0,255.0,2.77,31.3,High,Herbal,Male,No,Moderate,Diseased
2.91,60.0,51.0,58.0,2.56,32.0,Low,None,Female,Occasional,Healthy,At_Risk
1.77,227.0,104.0,302.0,2.65,18.6,Moderate,Multiple,Female,Yes,Moderate,Diseased
3.28,113.0,263.0,157.0,4.33,35.2,Moderate,Antibiotics,Female,No,Healthy,Diseased
0.44,64.0,197.0,147.0,4.34,34.4,Moderate,None,Female,Yes,Healthy,At_Risk
4.5,266.0,176.0,324.0,4.0,38.3,Moderate,None,Female,No,Unhealthy,Diseased
0.68,165.0,280.0,120.0,3.42,18.6,None,Antibiotics,Other,No,Healthy,At_Risk
1.71,62.0,134.0,88.0,4.1,24.6,Low,None,Female,Yes,Moderate,At_Risk
4.1,196.0,170.0,347.0,4.05,34.9,Low,Antibiotics,Male,Occasional,Healthy,Diseased
3.03,159.0,96.0,139.0,2.56,20.0,,None,Male,No,Moderate,Diseased
